// AUTO-GENERATED by tools/osk/gen_osk_kanji.py. DO NOT EDIT.
// Hiragana reading -> kanji candidates (derived from SKK-JISYO,
// which is GPL-licensed).

#ifndef GAMMAOS_NANO_OSK_KANJI_H
#define GAMMAOS_NANO_OSK_KANJI_H

#include <cstdint>

namespace android {

// All kanji candidate strings, flat. Each reading owns a slice.
static const char* const kKjCand[] = {
    "\xe9\x98\xbf","\xe5\xa8\x83","\xe5\x94\x96","\xe4\xba\x9c","\xe6\x84\x9b","\xe5\x93\x80",
    "\xe7\x9b\xb8","\xe5\xa7\xb6","\xe6\x8c\xa8","\xe5\x90\x88","\xe7\x9b\xb8\xe5\xb7\x9d",
    "\xe6\x8c\xa8\xe6\x8b\xb6","\xe6\x84\x9b\xe8\xbb\x8a","\xe6\x84\x9b\xe7\xa7\xb0",
    "\xe7\x9b\xb8\xe6\x80\xa7","\xe6\x84\x9b\xe6\x83\x85","\xe9\x96\x93",
    "\xe6\x84\x9b\xe7\x9f\xa5","\xe6\x84\x9b\xe7\x9d\x80","\xe7\x9b\xb8\xe6\x89\x8b",
    "\xe7\x9b\xb8\xe5\x8e\x9f","\xe7\x9b\xb8\xe6\xa3\x92","\xe6\x9b\x96\xe6\x98\xa7",
    "\xe6\x84\x9b\xe7\x94\xa8","\xe5\xa7\xb6\xe8\x89\xaf","\xe9\x9d\x92","\xe8\x91\xb5",
    "\xe9\x9d\x92\xe4\xba\x95","\xe9\x9d\x92\xe6\x9c\xa8","\xe9\x9d\x92\xe7\xa9\xba",
    "\xe9\x9d\x92\xe7\x94\xb0","\xe9\x9d\x92\xe8\x91\x89",
    "\xe9\x9d\x92\xe8\x91\x89\xe5\xb1\xb1","\xe9\x9d\x92\xe5\xb1\xb1","\xe8\xb5\xa4",
    "\xe5\x9e\xa2","\xe8\xb5\xa4\xe5\xad\x90","\xe8\xb5\xa4\xe5\x9d\x82",
    "\xe8\xb5\xa4\xe5\xad\x97","\xe6\x9a\x81","\xe8\x8c\x9c","\xe8\xb5\xa4\xe6\x9c\xac",
    "\xe8\xb5\xa4\xe9\x96\x93","\xe8\xb5\xa4\xe9\x96\x80","\xe7\xa7\x8b","\xe7\xa9\x90",
    "\xe7\xa9\xba","\xe7\xab\xa0","\xe6\x98\xad","\xe6\x98\x8e","\xe6\x99\xb0",
    "\xe6\x99\xb6\xe5\xad\x90","\xe7\xa7\x8b\xe7\x94\xb0","\xe6\x98\x8e\xe6\x86\xb2",
    "\xe5\xbd\xb0\xe5\x89\x87","\xe7\xa7\x8b\xe8\x91\x89\xe5\x8e\x9f",
    "\xe6\x98\xad\xe5\xbd\xa6","\xe6\x98\xad\xe5\x8d\x9a","\xe6\x99\x83\xe5\xba\x83",
    "\xe6\x99\x83","\xe6\x98\x8e","\xe5\xbd\xb0","\xe6\x9c\x97","\xe7\x92\x8b","\xe6\x82\xaa",
    "\xe6\xb8\xa5","\xe6\x8f\xa1","\xe6\x82\xaa\xe6\x84\x8f","\xe6\x82\xaa\xe8\xb3\xaa",
    "\xe6\x8f\xa1\xe6\x89\x8b","\xe6\x8f\xa1\xe6\x89\x8b\xe5\x88\xb8",
    "\xe6\x82\xaa\xe6\x80\xa7","\xe6\x82\xaa\xe9\xad\x94","\xe6\x9b\x99","\xe4\xb8\x8a",
    "\xe6\x9c\x9d","\xe9\xba\xbb","\xe6\xb5\x85","\xe6\xb5\x85\xe9\xa6\x99",
    "\xe6\x9c\x9d\xe6\x96\xb9","\xe6\xb5\x85\xe8\x8d\x89",
    "\xe6\x98\x8e\xe5\xbe\x8c\xe6\x97\xa5","\xe6\x9c\x9d\xe6\x97\xa5","\xe6\x97\xad",
    "\xe5\xad\x97","\xe9\xba\xbb\xe5\xb8\x83","\xe8\xb6\xb3","\xe8\x8a\xa6","\xe8\x91\xa6",
    "\xe8\x84\x9a","\xe8\xb6\xb3\xe6\x9f\x84","\xe6\x98\x8e\xe6\x97\xa5",
    "\xe8\xb6\xb3\xe4\xb8\xa6","\xe8\x8a\xa6\xe9\x83\xa8","\xe5\x91\xb3","\xe9\xaf\xb5",
    "\xe5\xae\x89\xe6\xac\xa1\xe5\xaf\x8c","\xe6\x98\x8e\xe6\x97\xa5","\xe6\xa2\x93",
    "\xe6\x9d\xb1","\xe5\x90\xbe\xe5\xa6\xbb","\xe6\xb1\x97","\xe7\x95\xa6",
    "\xe9\x98\xbf\xe6\x9b\xbd","\xe5\x80\xa4","\xe4\xbe\xa1","\xe5\xae\x9b","\xe9\xa0\xad",
    "\xe8\xbe\xba","\xe8\xb6\xb3\xe7\xab\x8b","\xe6\x82\xaa\xe5\x8c\x96",
    "\xe5\x9c\xa7\xe7\xb8\xae","\xe5\x9c\xa7\xe5\x80\x92",
    "\xe5\x9c\xa7\xe5\x80\x92\xe7\x9a\x84","\xe7\xaf\xa4","\xe6\x96\xa1","\xe5\x9c\xa7",
    "\xe5\x8e\x9a","\xe6\x95\xa6","\xe5\x8e\x9a\xe6\x9c\xa8",
    "\xe5\x8e\x9a\xe6\x9c\xa8\xe5\xb8\x82","\xe7\xaf\xa4\xe5\xbf\x97","\xe6\x95\xa6",
    "\xe5\x8e\x9a\xe5\xbf\x97","\xe6\xb8\xa5\xe7\xbe\x8e","\xe7\xaf\xa4\xe5\xb9\xb8",
    "\xe5\xae\x9b","\xe5\xae\x9b\xe5\x85\x88","\xe5\xbe\x8c","\xe8\xb7\xa1","\xe7\xa9\xb4",
    "\xe8\xb2\xb4\xe6\x96\xb9","\xe5\x85\x84","\xe5\xa7\x89","\xe5\xa7\x90",
    "\xe5\xa7\x89\xe3\x83\xb6\xe5\xb4\x8e","\xe5\xa7\x89\xe5\xb4\x8e","\xe8\x99\xbb",
    "\xe6\xb2\xb9","\xe8\x84\x82","\xe5\xae\x89\xe9\x83\xa8","\xe5\xae\x89\xe5\x80\x8d",
    "\xe9\x98\xbf\xe9\x83\xa8","\xe9\x98\xbf\xe5\x91\x86","\xe5\xa4\xa9","\xe7\x94\x98",
    "\xe9\x9b\xa8","\xe5\xb0\xbc","\xe5\xa4\xa9\xe6\xb5\xb7","\xe5\xa4\xa9\xe9\x87\x8e",
    "\xe5\xa5\x84\xe7\xbe\x8e","\xe7\xb6\xb2","\xe9\x9b\xa8","\xe9\xa3\xb4","\xe5\xa4\xa9",
    "\xe6\x96\x87","\xe7\xb6\xbe","\xe7\xb5\xa2","\xe4\xba\x9c\xe7\x9f\xa2\xe5\xad\x90",
    "\xe5\xbd\xa9\xe5\xad\x90","\xe9\xae\x8e","\xe5\xbd\xa9\xe5\x8f\x8b\xe7\xbe\x8e",
    "\xe8\x8d\x92","\xe8\x8d\x92\xe4\xba\x95","\xe4\xba\x88","\xe8\x8d\x92\xe5\xb7\x9d",
    "\xe9\x89\xb1","\xe8\x8d\x92\xe9\x87\x91","\xe8\x8d\x92\xe6\x9c\xa8","\xe5\xb5\x90",
    "\xe8\x8d\x92\xe5\xb7\xbb","\xe8\x8d\x92\xe6\x8a\x80","\xe6\x9c\x89","\xe8\x9f\xbb",
    "\xe6\x9c\x89\xe5\xb7\x9d","\xe6\x9c\x89\xe9\xa6\xac","\xe6\x88\x96","\xe4\xb8\xbb",
    "\xe6\xb3\xa1","\xe7\xb2\x9f","\xe9\x98\xbf\xe6\xb3\xa2","\xe7\xb2\x9f\xe4\xbd\x90",
    "\xe8\xa2\xb7","\xe6\xb3\xa1\xe7\xae\xb1","\xe5\xae\x89","\xe6\xa1\x88","\xe6\x9a\x97",
    "\xe6\x9d\x8f","\xe9\x9e\x8d","\xe9\x97\x87","\xe6\x8c\x89","\xe5\xba\xb5",
    "\xe5\xae\x89\xe6\x98\x93","\xe5\xae\x89\xe4\xbe\xa1","\xe8\xa1\x8c\xe8\x84\x9a",
    "\xe6\xa1\x88\xe4\xbb\xb6","\xe6\x9a\x97\xe9\xbb\x92","\xe6\x9a\x97\xe5\x8f\xb7",
    "\xe6\x9a\x97\xe5\x8f\xb7\xe5\x8c\x96","\xe5\xae\x89\xe8\xa5\xbf",
    "\xe5\xae\x89\xe5\xbf\x83","\xe6\x9a\x97\xe7\xa4\xba","\xe6\x9d\x8f",
    "\xe5\xae\x89\xe5\x85\xa8","\xe5\xae\x89\xe5\x85\xa8\xe6\x80\xa7",
    "\xe5\xae\x89\xe5\xae\x9a","\xe5\xae\x89\xe8\x97\xa4","\xe6\xa1\x88\xe5\x86\x85",
    "\xe6\x9a\x97\xe9\xbb\x99","\xe5\xae\x89\xe6\xa5\xbd","\xe4\xbd\x8d","\xe7\x82\xba",
    "\xe6\x84\x8f","\xe4\xba\x95","\xe5\x94\xaf","\xe5\xa6\x82","\xe5\x81\x89","\xe7\x95\xb0",
    "\xe9\xa3\xaf","\xe7\x8c\xaa","\xe9\xa3\xaf\xe6\xb2\xa2","\xe9\xa3\xaf\xe7\x94\xb0",
    "\xe9\xa3\xaf\xe7\x94\xb0\xe6\xa9\x8b","\xe9\xa3\xaf\xe5\xa1\x9a",
    "\xe8\xa8\x80\xe3\x81\x84\xe8\xa8\xb3","\xe5\x8c\xbb\xe9\x99\xa2",
    "\xe5\xa7\x94\xe5\x93\xa1","\xe5\xa7\x94\xe5\x93\xa1\xe4\xbc\x9a",
    "\xe5\xa7\x94\xe5\x93\xa1\xe9\x95\xb7","\xe5\xae\xb6","\xe5\xae\xb6\xe7\x94\xb0",
    "\xe5\xae\xb6\xe5\x85\x83","\xe4\xbb\xa5\xe4\xb8\x8b","\xe5\x8c\xbb\xe7\xa7\x91",
    "\xe5\xa6\x82\xe4\xbd\x95","\xe5\x8c\xbb\xe7\xa7\x91\xe5\xad\xa6","\xe7\xad\x8f",
    "\xe9\x8c\xa8","\xe4\xba\x95\xe5\xb7\x9d","\xe5\xa6\x82\xe4\xbd\x95",
    "\xe4\xbb\xa5\xe5\xa4\x96","\xe6\x84\x8f\xe5\xa4\x96",
    "\xe5\x8c\xbb\xe5\xad\xa6\xe9\x83\xa8","\xe4\xba\x94\xe5\x8d\x81\xe5\xb5\x90",
    "\xe6\x81\xaf","\xe5\x9f\x9f","\xe5\x9b\xb2\xe6\xb0\x97","\xe9\x96\xbe","\xe7\xb2\x8b",
    "\xe6\x84\x8f\xe6\xb0\x97","\xe8\xa1\x8c\xe3\x81\x8d\xe6\x9d\xa5",
    "\xe6\x84\x8f\xe7\xbe\xa9","\xe9\x83\x81","\xe8\x82\xb2","\xe5\xb9\xbe",
    "\xe9\x83\x81\xe9\x9b\x84","\xe8\x82\xb2\xe7\x94\xb7","\xe6\x88\xa6",
    "\xe8\x82\xb2\xe6\x88\x90","\xe6\xb1\xa0","\xe6\xb1\xa0\xe5\xb0\xbe",
    "\xe6\xb1\xa0\xe7\x94\xb0","\xe6\xb1\xa0\xe8\xa2\x8b","\xe6\x84\x8f\xe8\xa6\x8b",
    "\xe4\xbb\xa5\xe9\x99\x8d","\xe7\xa7\xbb\xe8\xa1\x8c","\xe6\x84\x8f\xe5\x90\x91",
    "\xe7\x95\xb0\xe5\x9b\xbd","\xe7\x94\x9f\xe9\xa7\x92","\xe4\xbb\xa5\xe5\xbe\x8c",
    "\xe5\xb1\x85\xe9\x85\x92\xe5\xb1\x8b","\xe5\x8c\xbb\xe5\xb8\xab","\xe7\x9f\xb3",
    "\xe6\x84\x8f\xe6\x80\x9d","\xe6\x84\x8f\xe5\xbf\x97","\xe7\x9f\xb3\xe6\xb2\xb3",
    "\xe7\x9f\xb3\xe5\xb7\x9d","\xe6\x84\x8f\xe8\xad\x98",
    "\xe6\x84\x8f\xe8\xad\x98\xe7\x9a\x84","\xe7\x9f\xb3\xe5\x9d\x82",
    "\xe7\x9f\xb3\xe5\xb3\xb6","\xe7\xa4\x8e","\xe7\x9f\xb3\xe5\xa1\x9a",
    "\xe6\x84\x8f\xe6\x80\x9d\xe7\x96\x8e\xe9\x80\x9a","\xe7\x9f\xb3\xe7\x94\xb0",
    "\xe7\x95\xb0\xe8\xb3\xaa","\xe7\x9f\xb3\xe7\x95\x91","\xe7\x9f\xb3\xe6\xa9\x8b",
    "\xe5\x8c\xbb\xe8\x80\x85","\xe7\x9f\xb3\xe5\xb1\xb1","\xe7\x95\xb0\xe7\xa8\xae",
    "\xe7\x95\xb0\xe7\xa8\xae\xe6\x80\xa7","\xe8\xa1\xa3\xe8\xa3\xb3",
    "\xe8\xa1\xa3\xe8\xa3\x85","\xe7\xa7\xbb\xe6\xa4\x8d","\xe5\xa7\x94\xe5\x98\xb1",
    "\xe7\xa7\xbb\xe6\xa4\x8d\xe6\x80\xa7","\xe7\xb6\xad\xe6\x8c\x81",
    "\xe6\x84\x8f\xe5\x9c\xb0","\xe4\xbb\xa5\xe4\xb8\x8a","\xe7\x95\xb0\xe5\xb8\xb8",
    "\xe2\x89\xa7","\xe7\x95\xb0\xe4\xba\xba","\xe6\xa4\x85\xe5\xad\x90",
    "\xe4\xbd\x8d\xe6\x95\xb0","\xe4\xbc\x8a\xe8\xb1\x86","\xe5\x92\x8c\xe6\xb3\x89",
    "\xe6\xb3\x89","\xe7\xb7\xaf\xe7\xb7\x9a","\xe4\xbb\xa5\xe5\x89\x8d",
    "\xe4\xbe\x9d\xe7\x84\xb6","\xe7\xa3\xaf","\xe4\xbd\x8d\xe7\x9b\xb8",
    "\xe4\xbe\x9d\xe5\xad\x98","\xe7\x95\xb0\xe5\xad\x98",
    "\xe4\xbe\x9d\xe5\xad\x98\xe6\x80\xa7","\xe4\xbe\x9d\xe5\xad\x98\xe9\x83\xa8",
    "\xe6\x9d\xbf","\xe9\x81\xba\xe4\xbd\x93",
    "\xe5\xa7\x94\xe8\xa8\x97\xe7\xa0\x94\xe7\xa9\xb6","\xe9\xa0\x82",
    "\xe4\xba\x95\xe7\x94\xb0","\xe4\xb8\x80","\xe4\xbd\x8d\xe7\xbd\xae","\xe5\xa3\xb1",
    "\xe5\xb8\x82","\xe4\xb8\x80\xe4\xbd\x8d","\xe4\xb8\x80\xe6\x84\x8f",
    "\xe4\xb8\x80\xe6\x84\x8f\xe6\x80\xa7","\xe4\xb8\x80\xe3\x80\x85",
    "\xe4\xb8\x80\xe6\x84\x8f\xe7\x9a\x84","\xe4\xb8\x80\xe5\x9b\xa0",
    "\xe4\xb8\x80\xe5\x93\xa1","\xe4\xb8\x80\xe5\xbf\x9c","\xe5\xb8\x82\xe5\xb7\x9d",
    "\xe4\xb8\x80\xe6\xa6\x82","\xe4\xb8\x80\xe8\xa1\x8c","\xe4\xb8\x80\xe8\xa8\x80",
    "\xe4\xb8\x80\xe8\xa6\x8b","\xe4\xb8\x80\xe5\x8f\xb7\xe9\xa4\xa8",
    "\xe4\xb8\x80\xe6\xac\xa1","\xe4\xb8\x80\xe6\x99\x82","\xe4\xb8\x80\xe4\xba\x8b",
    "\xe4\xb8\x80\xe6\x99\x82\xe9\x96\x93","\xe4\xb8\x80\xe6\x99\x82\xe7\x9a\x84",
    "\xe4\xb8\x80\xe5\xa4\xaa\xe9\x83\x8e","\xe4\xb8\x80\xe5\x8f\xb0",
    "\xe4\xb8\x80\xe6\xae\xb5","\xe4\xb8\x80\xe5\xba\xa6","\xe4\xb8\x80\xe5\x90\x8c",
    "\xe4\xb8\x80\xe6\x97\xa5","\xe4\xb8\x80\xe4\xba\xba\xe5\x89\x8d",
    "\xe4\xb8\x80\xe5\xb9\xb4","\xe5\xb8\x82\xe5\x8e\x9f","\xe4\xb8\x80\xe7\x95\xaa",
    "\xe4\xb8\x80\xe7\x95\xaa\xe7\x94\xba","\xe4\xb8\x80\xe9\x83\xa8",
    "\xe4\xb8\x80\xe9\x83\xa8\xe5\x88\x86","\xe4\xb8\x80\xe6\x9e\x9a",
    "\xe4\xb8\x80\xe4\xb8\x87\xe5\x86\x86","\xe4\xb8\x80\xe7\x89\xa9",
    "\xe4\xb8\x80\xe6\xa7\x98","\xe5\xb8\x82\xe5\x90\x89","\xe4\xb8\x80\xe8\xa6\xa7",
    "\xe4\xb8\x80\xe4\xbe\x8b","\xe4\xb8\x80\xe9\x80\xa3","\xe4\xb8\x80\xe9\x83\x8e",
    "\xe4\xb8\x80\xe5\x9b\x9e","\xe4\xb8\x80\xe9\x9a\x8e","\xe4\xb8\x80\xe4\xbb\x8b",
    "\xe4\xb8\x80\xe7\xae\x87\xe6\x9c\x88","\xe4\xb8\x80\xe7\xae\x87\xe6\x89\x80",
    "\xe4\xb8\x80\xe6\x8b\xac","\xe4\xb8\x80\xe7\x92\xb0","\xe4\xb8\x80\xe8\xb2\xab",
    "\xe4\xb8\x80\xe6\xb0\x97","\xe4\xb8\x80\xe6\x8c\x99","\xe4\xb8\x80\xe8\xa6\x8b",
    "\xe4\xb8\x80\xe8\xbb\x92","\xe4\xb8\x80\xe5\x80\x8b","\xe4\xb8\x80\xe8\xa1\x8c",
    "\xe4\xb8\x80\xe5\x90\x91","\xe4\xb8\x80\xe5\x88\xbb","\xe4\xb8\x80\xe5\x88\x87",
    "\xe4\xb8\x80\xe6\x98\xa8\xe5\xb9\xb4","\xe4\xb8\x80\xe5\xbc\x8f",
    "\xe4\xb8\x80\xe7\xa8\xae","\xe4\xb8\x80\xe9\x80\xb1\xe9\x96\x93",
    "\xe4\xb8\x80\xe7\xa8\xae\xe7\x8b\xac\xe7\x89\xb9","\xe4\xb8\x80\xe7\xa8\xae\xe9\xa1\x9e",
    "\xe4\xb8\x80\xe7\x9e\xac","\xe4\xb8\x80\xe7\xb7\x92","\xe4\xb8\x80\xe7\x94\x9f",
    "\xe4\xb8\x80\xe5\xaf\xb8","\xe4\xb8\x80\xe6\x96\x89","\xe4\xb8\x80\xe5\xb1\xa4",
    "\xe4\xb8\x80\xe4\xbd\x93","\xe4\xb8\x80\xe7\xab\xaf","\xe4\xb8\x80\xe6\x97\xa6",
    "\xe4\xb8\x80\xe8\x87\xb4","\xe4\xb8\x80\xe4\xb8\x81\xe7\x9b\xae",
    "\xe4\xb8\x80\xe9\x80\x9a","\xe4\xb8\x80\xe5\xae\x9a","\xe4\xb8\x80\xe6\x99\x82",
    "\xe4\xb8\x80\xe6\x9d\xaf","\xe4\xb8\x80\xe6\xb3\x8a","\xe4\xb8\x80\xe6\x8b\x8d",
    "\xe4\xb8\x80\xe7\x99\xba","\xe4\xb8\x80\xe8\x88\xac",
    "\xe4\xb8\x80\xe8\x88\xac\xe5\x8c\x96","\xe4\xb8\x80\xe8\x88\xac\xe6\x80\xa7",
    "\xe4\xb8\x80\xe8\x88\xac\xe7\x9a\x84","\xe4\xb8\x80\xe9\xa2\xa8",
    "\xe4\xb8\x80\xe9\x81\x8d","\xe4\xb8\x80\xe6\xad\xa9","\xe4\xb8\x80\xe6\x96\xb9",
    "\xe4\xb8\x80\xe5\xa0\xb1","\xe4\xb8\x80\xe6\x9c\xac","\xe9\x80\xb8","\xe6\xba\xa2",
    "\xe4\xbd\x95\xe6\x99\x82","\xe4\xba\x94","\xe4\xba\x94\xe6\xa9\x8b",
    "\xe7\xa7\xbb\xe8\xbb\xa2","\xe9\x81\xba\xe4\xbc\x9d",
    "\xe9\x81\xba\xe4\xbc\x9d\xe5\xad\x90","\xe6\x84\x8f\xe5\x9b\xb3","\xe7\xb3\xb8",
    "\xe4\xbc\x8a\xe8\x97\xa4","\xe4\xbc\x8a\xe6\x9d\xb1",
    "\xe4\xbc\x8a\xe8\x97\xa4\xe5\xbf\xa0","\xe6\x84\x8f\xe5\x9b\xb3\xe7\x9a\x84",
    "\xe4\xba\x95\xe6\x88\xb8","\xe7\xa7\xbb\xe5\x8b\x95","\xe5\x90\xa6","\xe7\xa8\xb2",
    "\xe4\xbb\xa5\xe5\x86\x85","\xe7\x94\xb0\xe8\x88\x8e","\xe7\xa8\xb2\xe5\x9e\xa3",
    "\xe7\xa8\xb2\xe6\xaf\x9b","\xe7\xa8\xb2\xe7\x9b\x9b",
    "\xe7\xa8\xb2\xe7\x9b\x9b\xe8\xb2\xa1\xe5\x9b\xa3","\xe5\xa7\x94\xe4\xbb\xbb",
    "\xe7\x8a\xac","\xe7\x8a\xac\xe7\xa5\x9e","\xe7\xa8\xb2","\xe7\x8c\xaa\xe9\x87\x8e",
    "\xe4\xbc\x8a\xe9\x87\x8e","\xe7\x8c\xaa","\xe4\xba\x95\xe4\xb8\x8a",
    "\xe7\x8c\xaa\xe5\xb2\xa1","\xe7\x8c\xaa","\xe5\x91\xbd","\xe7\x94\x9f\xe5\x91\xbd",
    "\xe7\x8c\xaa\xe8\x82\xa1","\xe9\x81\x95\xe5\x8f\x8d","\xe8\x8c\xa8",
    "\xe8\x8c\xa8\xe5\x9f\x8e","\xe9\x81\x95\xe6\xb3\x95","\xe4\xbb\x8a",
    "\xe4\xbb\x8a\xe4\xba\x95","\xe6\x9c\xaa","\xe6\x84\x8f\xe5\x91\xb3",
    "\xe6\x84\x8f\xe5\x91\xb3\xe8\xab\x96","\xe8\x8a\x8b","\xe5\xa6\xb9","\xe5\xab\x8c",
    "\xe5\x8c\xbb\xe7\x94\xa8","\xe7\x95\xb0\xe6\xa7\x98","\xe6\x84\x8f\xe6\xac\xb2",
    "\xe4\xbb\xa5\xe6\x9d\xa5","\xe4\xbe\x9d\xe9\xa0\xbc","\xe5\x85\xa5\xe6\xb1\x9f",
    "\xe5\x85\xa5\xe5\x8f\xa3","\xe5\x85\xa5\xe8\xb0\xb7","\xe5\x8c\xbb\xe7\x99\x82",
    "\xe5\xa8\x81\xe5\x8a\x9b","\xe5\x85\xa5\xe9\x96\x93","\xe8\x89\xb2",
    "\xe8\x89\xb2\xe3\x80\x85","\xe5\xb2\xa9","\xe5\xb7\x8c","\xe5\xb2\xa9\xe5\x9f\x8e",
    "\xe9\xb0\xaf","\xe5\xb2\xa9\xe7\x94\xb0","\xe5\xb2\xa9\xe6\x89\x8b",
    "\xe5\xb2\xa9\xe6\x89\x8b\xe5\xa4\xa7\xe5\xad\xa6","\xe5\xb2\xa9\xe6\xb3\xa2",
    "\xe5\xb2\xa9\xe9\x96\x93","\xe5\xb2\xa9\xe6\x9c\xac","\xe9\x9f\xb3","\xe5\xbc\x95",
    "\xe5\x8d\xb0","\xe9\x9a\xa0","\xe9\x99\xb0","\xe5\x9b\xa0","\xe9\x9f\xbb","\xe9\x99\xa2",
    "\xe5\x8d\xb0\xe5\x88\xb7","\xe5\x8d\xb0\xe7\xb4\x99","\xe5\x9b\xa0\xe5\xad\x90",
    "\xe5\x8d\xb0\xe8\xb1\xa1","\xe5\x8d\xb0\xe5\xad\x97","\xe5\x9b\xa0\xe6\x95\xb0",
    "\xe9\x99\xa2\xe7\x94\x9f","\xe9\x9a\x95\xe7\x9f\xb3","\xe5\xbc\x95\xe9\x80\x80",
    "\xe5\x90\x8b","\xe5\x8d\xb0\xe5\xba\xa6","\xe9\x9a\xa0\xe8\x94\xbd",
    "\xe9\x99\xb0\xe8\xac\x80","\xe5\xbc\x95\xe7\x94\xa8",
    "\xe5\xbc\x95\xe7\x94\xa8\xe9\x96\x8b\xe5\xa7\x8b","\xe5\xbc\x95\xe5\x8a\x9b",
    "\xe5\xbc\x95\xe5\x8a\x9b\xe5\x9c\x8f","\xe9\x9b\xa8","\xe5\x8f\xb3","\xe6\x9c\x89",
    "\xe9\xb5\x9c","\xe5\x8d\xaf","\xe8\xbf\x82","\xe7\xbe\xbd","\xe7\x83\x8f","\xe5\x88\x9d",
    "\xe4\xb8\x8a","\xe2\x86\x91","\xe6\xa4\x8d","\xe4\xb8\x8a\xe6\x9e\x9d",
    "\xe4\xb8\x8a\xe7\x94\xb0","\xe6\xa4\x8d\xe4\xb8\xad","\xe4\xb8\x8a\xe9\x87\x8e",
    "\xe9\xad\x9a","\xe9\xb4\xac","\xe5\x8f\x97\xe4\xbb\x98",
    "\xe5\x8f\x97\xe5\x8f\x96\xe4\xba\xba","\xe5\x85\x8e","\xe4\xb8\x91","\xe7\x89\x9b",
    "\xe5\xbe\x8c","\xe6\xb0\x8f","\xe8\x87\xbc","\xe7\xa2\x93","\xe8\x87\xbc\xe4\xba\x95",
    "\xe8\x96\x84","\xe6\xb8\xa6","\xe5\x98\x98","\xe6\xad\x8c","\xe5\x94\x84","\xe8\xac\xa1",
    "\xe6\xad\x8c\xe5\xa7\xab","\xe5\x86\x85","\xe5\xae\xb6","\xe5\x86\x85\xe5\x81\xb4",
    "\xe5\x86\x85\xe7\x94\xb0","\xe5\xae\x87\xe5\xae\x99",
    "\xe5\xae\x87\xe5\xae\x99\xe5\x9f\xba\xe5\x9c\xb0","\xe5\xae\x87\xe5\xae\x99\xe6\x9a\xa6",
    "\xe5\x86\x85\xe8\xa8\xb3","\xe8\x94\x9a","\xe6\xac\x9d","\xe9\xac\xb1","\xe5\x99\xa8",
    "\xe8\x85\x95","\xe8\x85\x95\xe5\x89\x8d","\xe9\xb0\xbb","\xe7\x95\x9d","\xe5\xa7\xa5",
    "\xe7\x94\xa3","\xe5\x8f\xb3\xe8\xbe\xba","\xe5\xae\x87\xe9\x83\xa8","\xe9\xa6\xac",
    "\xe5\x8e\xa9","\xe6\xb5\xb7","\xe6\xb5\xb7\xe8\xbe\xba","\xe6\xa2\x85",
    "\xe6\xa2\x85\xe7\x94\xb0","\xe6\xa2\x85\xe6\x9d\x91","\xe8\xa3\x8f","\xe6\xb5\xa6",
    "\xe6\xb5\xa6\xe5\xae\x89","\xe6\xb5\xa6\xe5\x92\x8c","\xe7\x93\x9c",
    "\xe5\xa3\xb2\xe5\xa0\xb4","\xe9\x96\x8f","\xe9\x96\x8f\xe5\xb9\xb4","\xe6\xbc\x86",
    "\xe4\xb8\x8a","\xe5\x99\x82","\xe4\xb8\x8a\xe8\xbe\xba","\xe4\xba\x91","\xe9\x81\x8b",
    "\xe9\x9b\xb2","\xe9\x81\x8b\xe5\x96\xb6","\xe9\x81\x8b\xe5\x8b\xa2",
    "\xe9\x81\x8b\xe8\xb3\x83","\xe9\x81\x8b\xe8\xbb\xa2",
    "\xe9\x81\x8b\xe8\xbb\xa2\xe6\x89\x8b","\xe9\x81\x8b\xe5\x8b\x95",
    "\xe4\xba\x91\xe3\x80\x85","\xe9\x81\x8b\xe5\x91\xbd","\xe9\x81\x8b\xe7\x94\xa8",
    "\xe5\x9b\x9e","\xe4\xbc\x9a","\xe7\xb5\xb5","\xe9\x87\x8d","\xe6\x81\xb5","\xe9\xa4\x8c",
    "\xe8\x8d\x8f","\xe6\xb1\x9f","\xe8\x8b\xb1","\xe6\x98\xa0","\xe5\xbd\xb1","\xe9\x8b\xad",
    "\xe8\xa9\xa0","\xe8\xa1\x9b","\xe9\xa0\xb4","\xe7\xa9\x8e","\xe8\x8b\xb1\xe4\xb8\x80",
    "\xe6\xb0\xb8\xe9\x81\xa0","\xe8\x8b\xb1\xe4\xbc\x9a\xe8\xa9\xb1",
    "\xe6\x98\xa0\xe7\x94\xbb","\xe6\xb0\xb8\xe4\xb9\x85","\xe5\xbd\xb1\xe9\x9f\xbf",
    "\xe5\x96\xb6\xe6\xa5\xad","\xe5\x96\xb6\xe6\xa5\xad\xe6\x89\x80",
    "\xe5\x96\xb6\xe6\xa5\xad\xe9\x83\xa8","\xe5\x96\xb6\xe6\xa5\xad\xe6\x9c\xac\xe9\x83\xa8",
    "\xe8\x8b\xb1\xe5\x9b\xbd","\xe8\x8b\xb1\xe5\xb0\x8f\xe6\x96\x87\xe5\xad\x97",
    "\xe8\x8b\xb1\xe8\xaa\x9e","\xe8\x8b\xb1\xe5\xad\x97",
    "\xe8\x8b\xb1\xe6\x95\xb0\xe5\xad\x97","\xe6\xb0\xb8\xe5\xa4\xaa\xe6\x9c\x97",
    "\xe6\xa0\x84\xe8\xbb\xa2","\xe8\x8b\xb1\xe6\x96\x87","\xe8\x8b\xb1\xe9\x9b\x84",
    "\xe5\x96\xb6\xe5\x88\xa9","\xe5\x96\xb6\xe5\x88\xa9\xe7\x9b\xae\xe7\x9a\x84",
    "\xe7\xac\x91\xe9\xa1\x94","\xe6\xb1\x9f\xe5\xb7\x9d","\xe9\xa7\x85","\xe5\xbd\xb9",
    "\xe7\x9b\x8a","\xe7\x96\xab","\xe6\xb6\xb2","\xe6\x98\x93","\xe7\xb9\xb9",
    "\xe6\xb6\xb2\xe6\x99\xb6","\xe9\xa7\x85\xe9\x95\xb7","\xe9\xa7\x85\xe4\xbc\x9d",
    "\xe9\xa7\x85\xe5\x90\x8d","\xe5\xbe\x97\xe4\xbd\x93","\xe6\x9e\x9d",
    "\xe8\xb6\x8a\xe5\xbe\x8c","\xe9\x96\xb2","\xe8\xb6\x8a","\xe8\xac\x81","\xe6\x82\xa6",
    "\xe6\x82\xa6\xe5\xad\x90","\xe6\xa6\x8e","\xe6\xa6\x8e\xe6\x9c\xac",
    "\xe6\x84\x9b\xe5\xaa\x9b","\xe6\x81\xb5\xe6\xaf\x94\xe5\xaf\xbf",
    "\xe6\x81\xb5\xe7\xbe\x8e","\xe8\xa5\x9f","\xe5\x86\x86","\xe5\xae\x9b","\xe5\xbb\xb6",
    "\xe7\x85\x99","\xe6\xb7\xb5","\xe6\xbc\x94","\xe5\xa1\xa9","\xe9\xb4\x9b",
    "\xe6\xbc\x94\xe7\xb9\xb9","\xe6\xbc\x94\xe7\xb9\xb9\xe6\xb3\x95",
    "\xe5\xae\xb4\xe4\xbc\x9a","\xe9\x81\xa0\xe9\x9a\x94",
    "\xe9\x81\xa0\xe9\x9a\x94\xe5\x9c\xb0","\xe5\x86\x86\xe6\xbb\x91",
    "\xe9\x89\x9b\xe7\xae\xa1","\xe5\xbb\xb6\xe6\x9c\x9f","\xe6\xbc\x94\xe6\x8a\x80",
    "\xe7\xb8\x81\xe8\xb5\xb7","\xe6\xbc\x94\xe7\xae\x97",
    "\xe6\xbc\x94\xe7\xae\x97\xe5\xad\x90","\xe6\xbc\x94\xe7\xbf\x92",
    "\xe5\x86\x86\xe5\x91\xa8","\xe9\x81\xa0\xe5\xbf\x83\xe5\x8a\x9b",
    "\xe6\x8f\xb4\xe5\x8a\xa9","\xe9\x81\xa0\xe5\x9f\x8e","\xe6\xbc\x94\xe5\xa5\x8f",
    "\xe6\xbc\x94\xe9\xa1\x8c","\xe5\x9c\x92\xe9\x95\xb7","\xe5\xbb\xb6\xe9\x95\xb7",
    "\xe9\x81\xa0\xe8\x97\xa4","\xe9\x81\xa0\xe6\x85\xae","\xe6\xb1\x9a","\xe6\x96\xbc",
    "\xe5\xb0\xbe","\xe5\xa4\xab","\xe5\xbe\xa1","\xe9\x9b\x84","\xe7\x94\xb7","\xe7\x94\x9f",
    "\xe7\x94\xa5","\xe8\xbf\xbd","\xe8\xbf\xbd\xe5\x88\x86","\xe6\xa8\xaa","\xe6\xa1\x9c",
    "\xe5\xbf\x9c","\xe9\xbb\x84","\xe9\xb4\x8e","\xe9\xb4\xac","\xe8\xa5\x96","\xe7\xbf\x81",
    "\xe5\xbf\x9c\xe6\x8f\xb4","\xe7\x8e\x8b\xe5\x86\xa0","\xe6\x89\x87",
    "\xe5\xbf\x9c\xe9\x85\xac","\xe7\x8e\x8b\xe5\xb0\x86","\xe7\x8e\x8b\xe5\xad\x90",
    "\xe7\x8e\x8b\xe5\xad\x90\xe6\xa7\x98","\xe5\xbe\x80\xe7\x94\x9f",
    "\xe6\x97\xba\xe7\x9b\x9b","\xe6\xae\xb4\xe6\x89\x93","\xe5\xbf\x9c\xe7\xad\x94",
    "\xe5\x87\xb9\xe5\x87\xb8","\xe5\xbe\x80\xe5\xbe\xa9","\xe6\xac\xa7\xe6\x96\x87",
    "\xe5\xbf\x9c\xe5\xa4\x89","\xe5\xbf\x9c\xe5\x8b\x9f","\xe9\xb8\x9a\xe9\xb5\xa1",
    "\xe5\xbf\x9c\xe7\x94\xa8","\xe5\xbf\x9c\xe7\x94\xa8\xe7\xa7\x91\xe5\xad\xa6",
    "\xe5\xa4\xa7","\xe5\xa4\x9a","\xe5\xa4\xa7\xe8\xb5\xa4\xe5\xad\x97",
    "\xe5\xa4\xa7\xe5\xad\x97","\xe5\xa4\xa7\xe4\xba\x95","\xe5\xa4\xa7\xe7\xa3\xaf",
    "\xe5\xa4\xa7\xe5\x88\x86","\xe5\xa4\xa7\xe4\xba\x95\xe7\x94\xba\xe7\xb7\x9a",
    "\xe5\xa4\xa7\xe5\xb2\xa1\xe5\xb1\xb1","\xe7\x8b\xbc","\xe5\xa4\xa7\xe5\xb7\x9d",
    "\xe5\xa4\xa7\xe5\x9e\x8b","\xe5\xa4\xa7\xe6\x9f\x84","\xe5\xa4\xa7\xe6\x9c\xa8",
    "\xe5\xa4\xa7\xe4\xb9\x85\xe4\xbf\x9d","\xe5\xa4\xa7\xe7\xaa\xaa",
    "\xe5\xa4\xa7\xe5\x80\x89","\xe5\xa4\xa7\xe9\xbb\x92",
    "\xe5\xa4\xa7\xe6\x80\xaa\xe6\x88\x91","\xe5\xa4\xa7\xe5\xa3\xb0",
    "\xe5\xa4\xa7\xe4\xba\x8b","\xe5\xa4\xa7\xe9\x98\xaa",
    "\xe5\xa4\xa7\xe9\x98\xaa\xe5\xa4\xa7\xe5\xad\xa6","\xe5\xa4\xa7\xe5\xb4\x8e",
    "\xe5\xa4\xa7\xe6\xb2\xa2","\xe5\xa4\xa7\xe8\x8a\x9d","\xe5\xa4\xa7\xe5\xb6\x8b",
    "\xe5\xa4\xa7\xe7\xad\x8b","\xe5\xa4\xa7\xe5\x8b\xa2",
    "\xe5\xa4\xa7\xe6\x8e\x83\xe9\x99\xa4","\xe5\xa4\xaa\xe7\x94\xb0",
    "\xe5\xa4\xa7\xe7\x94\xb0","\xe5\xa4\xa7\xe8\xb0\xb7","\xe5\xa4\xa7\xe5\x8f\xb0",
    "\xe5\xa4\xa7\xe6\xb4\xa5","\xe5\xa4\xa7\xe5\xa1\x9a","\xe5\xa4\xa7\xe6\xa7\xbb",
    "\xe5\xa4\xa7\xe6\x89\x8b","\xe5\xa4\xa7\xe5\x8f\x8b","\xe5\xa4\xa7\xe6\xa9\x8b",
    "\xe5\xa4\xa7\xe5\xb9\x85","\xe5\xa4\xa7\xe8\x88\xb9","\xe5\xa4\xa7\xe5\x89\x8d",
    "\xe5\xa4\xa7\xe7\x94\xba","\xe5\xa4\xa7\xe5\xae\xae","\xe5\xa4\xa7\xe6\x98\x94",
    "\xe6\xa6\x82","\xe5\xa4\xa7\xe7\x9b\xae","\xe5\xa4\xa7\xe6\x96\x87\xe5\xad\x97",
    "\xe5\xa4\xa7\xe6\xa3\xae","\xe5\xa4\xa7\xe7\x9f\xa2","\xe5\x85\xac","\xe4\xb8\x98",
    "\xe5\xb2\xa1","\xe5\xbe\xa1\xe9\x99\xb0","\xe3\x81\x8a\xe8\x8f\x93\xe5\xad\x90",
    "\xe5\xb2\xa1\xe7\x94\xb0","\xe5\xb2\xa1\xe6\x9d\x91","\xe5\xb2\xa1\xe5\xb1\xb1",
    "\xe5\xb0\x8f\xe7\xac\xa0\xe5\x8e\x9f","\xe5\xb0\x8f\xe6\x96\xb9",
    "\xe5\xb0\x8f\xe5\xb7\x9d","\xe6\xb2\x96","\xe6\xb2\x96\xe7\xb8\x84","\xe8\x8d\xbb",
    "\xe8\x8d\xbb\xe7\xaa\xaa","\xe8\x8d\xbb\xe9\x87\x8e","\xe8\x8d\xbb\xe5\x8e\x9f",
    "\xe5\xb1\x8b","\xe5\xa5\xa5","\xe8\x87\x86","\xe6\x86\xb6","\xe5\x84\x84",
    "\xe5\xa5\xa5\xe5\xb7\x9d","\xe5\xb1\x8b\xe4\xb8\x8a","\xe5\xa5\xa5\xe9\x87\x8e",
    "\xe5\xa5\xa5\xe4\xb9\x83","\xe9\x80\x81\xe3\x82\x8a\xe7\x8a\xb6",
    "\xe5\xb0\x8f\xe5\x80\x89","\xe6\xa1\xb6","\xe5\xbe\xa1\xe5\x85\x83\xe6\xb0\x97",
    "\xe7\x98\xa7","\xe9\x95\xb7","\xe4\xbf\xae","\xe5\xb0\x8f\xe6\xb2\xa2",
    "\xe5\xbe\xa1\xe9\x82\xaa\xe9\xad\x94","\xe7\x89\xa1","\xe9\x9b\x84","\xe2\x99\x82",
    "\xe8\x99\x9e","\xe7\xb9\x94\xe7\x94\xb0","\xe5\xb0\x8f\xe7\x94\xb0",
    "\xe5\xb0\x8f\xe9\xab\x98","\xe8\x90\xbd","\xe8\x90\xbd\xe5\x90\x88",
    "\xe8\x90\xbd\xe8\x91\x89","\xe5\xa4\xab","\xe8\xbf\xbd\xe6\xb5\x9c","\xe4\xb9\x99",
    "\xe9\x9f\xb3","\xe5\xbc\x9f","\xe7\x94\xb7","\xe9\x9f\xb3\xe6\xb2\x99\xe6\xb1\xb0",
    "\xe4\xb8\x80\xe6\x98\xa8\xe6\x97\xa5","\xe5\xa4\xa7\xe4\xba\xba",
    "\xe9\x9f\xb3\xe7\x84\xa1","\xe3\x80\x85","\xe9\xac\xbc","\xe9\xac\xbc\xe5\xa1\x9a",
    "\xe3\x81\x8a\xe9\xa1\x98\xe3\x81\x84","\xe6\x96\xa7","\xe5\xb0\x8f\xe9\x87\x8e",
    "\xe5\x90\x84\xe3\x80\x85","\xe5\x90\x84","\xe5\xb7\xb1","\xe4\xbc\xaf\xe6\xaf\x8d",
    "\xe5\xbe\xa1\xe6\x9a\x87","\xe5\xb8\xaf","\xe5\xb8\xaf\xe5\xba\x83","\xe8\x87\xa3",
    "\xe4\xb8\xbb","\xe9\x9d\xa2","\xe6\x80\x9d","\xe9\x9d\xa2\xe7\x99\xbd","\xe8\xa1\xa8",
    "\xe9\x9d\xa2","\xe8\xb6\xa3","\xe8\xa6\xaa","\xe8\xa6\xaa\xe5\xad\x90",
    "\xe8\xa6\xaa\xe7\x8e\x89","\xe6\x8a\x98","\xe4\xbf\xba","\xe5\xbe\xa1\xe7\xa4\xbc",
    "\xe6\x8a\x98\xe7\xb7\x9a","\xe5\x8d\xb8","\xe7\xb5\x82","\xe9\x9f\xb3","\xe5\xbe\xa1",
    "\xe7\xa9\x8f","\xe6\xb8\xa9","\xe6\x81\xa9","\xe9\x9f\xb3\xe9\x9a\x8e",
    "\xe9\x9f\xb3\xe6\xa5\xbd","\xe9\x9f\xb3\xe6\xa5\xbd\xe5\xae\xb6",
    "\xe9\x9f\xb3\xe9\x9f\xbf","\xe9\x9f\xb3\xe5\xa3\xb0","\xe6\xb8\xa9\xe6\xb3\x89",
    "\xe5\xbe\xa1\xe4\xb8\xad","\xe9\x9f\xb3\xe7\xa8\x8b","\xe9\x9f\xb3\xe9\xa0\xad",
    "\xe6\xb8\xa9\xe5\xba\xa6","\xe9\x9f\xb3\xe8\xaa\xad","\xe5\xa5\xb3",
    "\xe9\x9f\xb3\xe6\xb3\xa2","\xe9\x9f\xb3\xe7\xac\xa6","\xe4\xb8\x8b","\xe6\x97\xa5",
    "\xe6\xad\x8c","\xe5\x8c\x96","\xe5\xae\xb6","\xe4\xbb\xae","\xe8\x8a\xb1","\xe5\xa4\x8f",
    "\xe5\x9b\x9e","\xe7\x9a\x86","\xe4\xbc\x9a","\xe7\xb5\xb5","\xe6\x94\xb9","\xe6\xb5\xb7",
    "\xe9\x9a\x8e","\xe6\x87\x90","\xe4\xbc\x9a\xe5\x93\xa1","\xe9\x96\x8b\xe6\xbc\x94",
    "\xe5\xbf\xab\xe6\x84\x9f","\xe4\xbc\x9a\xe9\xa4\xa8","\xe7\xb5\xb5\xe7\x94\xbb",
    "\xe6\xb5\xb7\xe5\xa4\x96","\xe6\xb5\xb7\xe5\xa4\x96\xe6\x97\x85\xe8\xa1\x8c",
    "\xe8\xb2\x9d\xe3\x81\x8c\xe6\xa3\xae","\xe8\xb2\x9d\xe6\xae\xbb",
    "\xe6\xb5\xb7\xe5\xb2\xb8","\xe6\xb5\xb7\xe5\xb2\xb8\xe7\xb7\x9a",
    "\xe5\x9b\x9e\xe6\x95\x99","\xe4\xbc\x9a\xe8\xad\xb0",
    "\xe4\xbc\x9a\xe8\xad\xb0\xe5\xae\xa4","\xe6\x94\xb9\xe8\xa1\x8c",
    "\xe9\x96\x8b\xe6\xa5\xad","\xe4\xbc\x9a\xe8\xa8\x88","\xe8\xa7\xa3\xe6\xb1\xba",
    "\xe8\x9a\x95","\xe9\x96\x8b\xe5\x8f\xa3\xe9\x9d\xa2","\xe4\xbc\x9a\xe5\x90\x88",
    "\xe9\x96\x8b\xe5\x82\xac","\xe6\x94\xb9\xe6\x9c\xad","\xe9\x96\x8b\xe5\xa7\x8b",
    "\xe9\x96\x8b\xe5\xae\xa4","\xe9\x96\x8b\xe5\xae\xa4\xe6\x97\xa5",
    "\xe4\xbc\x9a\xe7\xa4\xbe","\xe8\xa7\xa3\xe9\x87\x88",
    "\xe4\xbc\x9a\xe7\xa4\xbe\xe5\x90\x8d","\xe5\x9b\x9e\xe5\x8f\x8e",
    "\xe8\xa7\xa3\xe6\xb6\x88","\xe4\xbc\x9a\xe9\xa3\x9f","\xe8\xa7\xa3\xe9\x99\xa4",
    "\xe4\xbc\x9a\xe5\xa0\xb4","\xe9\x9a\x8e\xe4\xb9\x97","\xe6\xb5\xb7\xe4\xb8\x8a",
    "\xe5\x9b\x9e\xe6\x95\xb0","\xe5\xbf\xab\xe6\x99\xb4","\xe6\x94\xb9\xe6\xad\xa3",
    "\xe8\xa7\xa3\xe6\x9e\x90","\xe8\xa7\xa3\xe6\x9e\x90\xe6\xb3\x95",
    "\xe8\xa7\xa3\xe8\xaa\xac","\xe5\x9b\x9e\xe7\xb7\x9a",
    "\xe5\x9b\x9e\xe7\xb7\x9a\xe5\xb1\x9e\xe6\x80\xa7","\xe6\x94\xb9\xe5\x96\x84",
    "\xe9\x9a\x8e\xe5\xb1\xa4","\xe5\xbf\xab\xe9\x80\x9f","\xe6\x94\xb9\xe9\x80\xa0",
    "\xe8\xa7\xa3\xe5\x83\x8f","\xe8\xa7\xa3\xe5\x83\x8f\xe5\xba\xa6",
    "\xe8\xa7\xa3\xe4\xbd\x93","\xe9\x9a\x8e\xe6\xae\xb5","\xe5\xbf\xab\xe8\xaa\xbf",
    "\xe4\xbc\x9a\xe9\x95\xb7","\xe6\x94\xb9\xe8\xa8\x82",
    "\xe6\x94\xb9\xe8\xa8\x82\xe7\x89\x88","\xe5\xbf\xab\xe9\x81\xa9",
    "\xe5\x9b\x9e\xe8\xbb\xa2","\xe5\x9b\x9e\xe7\xad\x94",
    "\xe5\x9b\x9e\xe7\xad\x94\xe8\x80\x85","\xe8\xa7\xa3\xe8\xaa\xad",
    "\xe4\xbb\x8b\xe5\x85\xa5","\xe8\xa7\xa3\xe4\xbb\xbb","\xe9\x96\x8b\xe7\x99\xba",
    "\xe9\x96\x8b\xe7\x99\xba\xe9\x83\xa8","\xe5\x9b\x9e\xe9\x81\xbf",
    "\xe4\xbc\x9a\xe8\xb2\xbb","\xe6\xb5\xb7\xe6\xb5\x9c","\xe9\x96\x8b\xe5\xb0\x81",
    "\xe5\x9b\x9e\xe5\xbe\xa9","\xe5\x9b\x9e\xe6\x96\x87","\xe9\x96\x8b\xe9\x96\x89",
    "\xe6\x94\xb9\xe5\xa4\x89","\xe9\x96\x8b\xe6\x94\xbe","\xe8\xa7\xa3\xe6\xb3\x95",
    "\xe8\xa7\xa3\xe6\x94\xbe","\xe4\xbc\x9a\xe5\xa0\xb1","\xe7\x9a\x86\xe7\x84\xa1",
    "\xe6\x94\xb9\xe5\x90\x8d","\xe8\xa7\xa3\xe6\x98\x8e","\xe8\xb2\xb7\xe7\x89\xa9",
    "\xe6\xbd\xb0\xe7\x98\x8d","\xe5\x9b\x9e\xe8\xa6\xa7","\xe6\xb5\xac",
    "\xe6\x94\xb9\xe8\x89\xaf","\xe5\x9b\x9e\xe8\xb7\xaf","\xe4\xbc\x9a\xe8\xa9\xb1",
    "\xe7\x95\x8c\xe9\x9a\x88","\xe8\xb2\x9d\xe5\x89\xb2","\xe6\x9b\xbf","\xe6\xa5\x93",
    "\xe5\xb8\xb0\xe4\xba\xba","\xe8\x9b\x99","\xe9\xa1\x94","\xe8\x8a\xb1\xe7\x8e\x8b",
    "\xe9\xa6\x99\xe7\xb9\x94","\xe9\xa6\x99","\xe9\xa6\xa8","\xe8\x96\xab",
    "\xe5\x8f\xaf\xe8\xa7\xa3","\xe4\xbe\xa1\xe6\xa0\xbc","\xe4\xbf\x82","\xe6\x8e\x9b",
    "\xe4\xbf\x82\xe5\xae\x98","\xe4\xbf\x82\xe9\x95\xb7","\xe6\x8e\x9b\xe9\x95\xb7",
    "\xe6\x97\xa5\xe9\x96\x93","\xe7\xa7\x91\xe5\xad\xa6","\xe5\x8c\x96\xe5\xad\xa6",
    "\xe7\xa7\x91\xe5\xad\xa6\xe7\xa7\x91","\xe7\xa7\x91\xe5\xad\xa6\xe4\xbc\x9a",
    "\xe7\xa7\x91\xe5\xad\xa6\xe6\x8a\x80\xe8\xa1\x93","\xe9\x8f\xa1",
    "\xe4\xb8\x8b\xe8\xa8\x98","\xe8\x9b\x8e","\xe6\x9f\xbf","\xe5\x9e\xa3","\xe6\x9b\xb8",
    "\xe6\x9b\xb8\xe3\x81\x8d\xe7\xbd\xae\xe3\x81\x8d","\xe8\xaa\xb2\xe9\x87\x91",
    "\xe9\x8d\xb5","\xe9\x88\x8e","\xe9\x99\x90","\xe7\xa2\xba","\xe5\x90\x84","\xe5\xae\xa2",
    "\xe8\xa6\x9a","\xe9\x9d\xa9","\xe9\x9a\x94","\xe9\x96\xa3","\xe9\x83\xad",
    "\xe5\x90\x84\xe4\xbd\x8d","\xe8\xa7\x92\xe6\xa0\x84","\xe5\x90\x84\xe8\xa1\x8c",
    "\xe8\xa6\x9a\xe6\x82\x9f","\xe5\x90\x84\xe7\xa4\xbe","\xe5\x90\x84\xe7\xa8\xae",
    "\xe7\xa2\xba\xe4\xbf\xa1","\xe5\x90\x84\xe8\x87\xaa","\xe7\xa2\xba\xe5\xae\x9f",
    "\xe5\x90\x84\xe4\xba\xba","\xe7\x94\xbb\xe6\x95\xb0","\xe6\x8b\xa1\xe5\xa4\xa7",
    "\xe6\x8b\xa1\xe5\xbc\xb5","\xe6\xa0\xbc\xe8\xaa\xbf",
    "\xe6\x8b\xa1\xe5\xbc\xb5\xe5\xad\x90","\xe6\x8b\xa1\xe5\xbc\xb5\xe6\x80\xa7",
    "\xe7\xa2\xba\xe5\xae\x9a","\xe7\xa2\xba\xe5\xae\x9a\xe7\x9a\x84",
    "\xe7\x8d\xb2\xe5\xbe\x97","\xe8\xa7\x92\xe5\xba\xa6","\xe7\xa2\xba\xe8\xaa\x8d",
    "\xe6\xa0\xbc\xe7\xb4\x8d","\xe7\xa2\xba\xe4\xbf\x9d","\xe5\x90\x84\xe6\xac\x84",
    "\xe7\xa2\xba\xe7\x8e\x87","\xe7\xa2\xba\xe7\xab\x8b","\xe7\xa5\x9e\xe6\xa5\xbd",
    "\xe6\x8e\x9b","\xe7\xad\xa7","\xe7\xa7\x91\xe7\xa0\x94\xe8\xb2\xbb","\xe9\x99\xb0",
    "\xe5\xbd\xb1","\xe6\xad\x8c\xe5\x8a\x87","\xe3\x83\xb6\xe6\x9c\x88",
    "\xe7\xae\x87\xe6\x9c\x88","\xe5\x8a\xa0\xe6\xb8\x9b","\xe9\x81\x8e\xe5\x8e\xbb",
    "\xe5\x8a\xa0\xe5\xb7\xa5","\xe7\xaf\xad","\xe9\xb9\xbf\xe5\x85\x90\xe5\xb3\xb6",
    "\xe7\xac\xa0","\xe5\x82\x98","\xe7\x81\xab\xe7\x81\xbd","\xe5\xae\xb6\xe8\xa3\x81",
    "\xe7\xac\xa0\xe9\x96\x93","\xe5\x8a\xa0\xe7\xae\x97","\xe9\xa2\xa8",
    "\xe7\x81\xab\xe5\xb1\xb1","\xe8\x8f\x93\xe5\xad\x90","\xe6\xad\x8c\xe8\xa9\x9e",
    "\xe6\xa9\xbf","\xe6\xa8\xab","\xe5\x8f\xaf\xe8\xa6\x96","\xe9\x81\x8e\xe5\xa4\xb1",
    "\xe6\xad\x8c\xe6\x89\x8b","\xe5\x80\x8b\xe6\x89\x80","\xe7\xae\x87\xe6\x89\x80",
    "\xe9\xa0\xad","\xe6\xa0\xa2","\xe6\x9f\x8f","\xe6\x9f\x8f\xe6\x9c\xa8","\xe6\xa2\xb6",
    "\xe6\xa2\xb6\xe6\xb5\xa6","\xe9\xb0\x8d","\xe7\xae\x87\xe6\x9d\xa1",
    "\xe6\x98\xa5\xe6\x97\xa5","\xe9\x9c\x9e","\xe6\x95\xb0","\xe5\x92\x8c","\xe4\xb8\x80",
    "\xe4\xb8\x8b\xe5\x9b\xb3","\xe4\xb8\x80\xe5\x8d\x9a","\xe5\x92\x8c\xe6\xad\xa3",
    "\xe5\x92\x8c\xe7\xbe\xa9","\xe4\xb8\x80\xe7\xbe\xa9","\xe7\x81\xab\xe6\x98\x9f",
    "\xe5\x8c\x96\xe6\x88\x90","\xe4\xbb\xae\xe8\xaa\xac","\xe4\xb8\x8b\xe7\xb7\x9a",
    "\xe9\xa2\xa8","\xe9\xa2\xa8\xe9\x82\xaa","\xe4\xbb\xae\xe6\x83\xb3",
    "\xe4\xbb\xae\xe6\x83\xb3\xe8\xa8\x98\xe6\x86\xb6","\xe4\xbb\xae\xe6\x83\xb3\xe7\x9a\x84",
    "\xe5\xae\xb6\xe6\x97\x8f","\xe6\x96\xb9","\xe5\xbd\xa2","\xe5\x9e\x8b","\xe8\x82\xa9",
    "\xe6\xbd\x9f","\xe7\x89\x87","\xe9\x9b\xa3","\xe7\x89\x87\xe4\xbb\xae\xe5\x90\x8d",
    "\xe6\x96\xb9\xe3\x80\x85","\xe6\x95\xb5","\xe5\x9e\x8b\xe6\x8e\xa8\xe8\xab\x96",
    "\xe5\x9e\x8b\xe4\xbd\x93\xe7\xb3\xbb","\xe5\xbd\xa2","\xe7\x89\x87\xe6\x89\x8b",
    "\xe5\x88\x80","\xe8\x82\xa9\xe5\xb9\x85","\xe7\x89\x87\xe5\xb9\xb3",
    "\xe7\x89\x87\xe6\x96\xb9","\xe5\xa1\x8a","\xe7\x89\x87\xe9\x9d\xa2",
    "\xe7\x89\x87\xe5\xb1\xb1","\xe5\x9e\x8b\xe7\x90\x86\xe8\xab\x96",
    "\xe8\xaa\xb2\xe9\xa1\x8c","\xe4\xbe\xa1\xe5\x80\xa4","\xe5\x8b\x9d\xe9\xac\xa8",
    "\xe8\xaa\xb2\xe9\x95\xb7","\xe5\x90\x88","\xe9\x96\xa3\xe4\xb8\x8b",
    "\xe7\x94\xbb\xe6\x9c\x9f\xe7\x9a\x84","\xe6\x8b\xac\xe5\xbc\xa7","\xe3\x80\x90",
    "\xe3\x80\x91","\xef\xbc\x88","\xef\xbc\x89","\xe3\x80\x8f","\xe3\x80\x8e","\xef\xbc\xbb",
    "\xe6\xa0\xbc\xe5\xa5\xbd","\xe5\x8b\x9d\xe6\x89\x8b","\xe6\xb4\xbb\xe7\x99\xba",
    "\xe5\x89\xb2","\xe6\xbb\x91","\xe4\xb8\x94","\xe8\xbd\x84","\xe8\xa4\x90","\xe8\x91\x9b",
    "\xe6\xb8\x87","\xe6\xb4\xbb","\xe9\xb0\xb9","\xe5\x85\x8b\xe5\xbf\x97",
    "\xe6\xb4\xbb\xe5\xad\x97","\xe6\xb4\xbb\xe5\x8b\x95","\xe6\xb4\xbb\xe8\xba\x8d",
    "\xe5\x8b\x9d\xe5\xb1\xb1","\xe6\xb4\xbb\xe7\x94\xa8","\xe7\xb3\xa7",
    "\xe4\xbb\xae\xe5\xae\x9a","\xe9\x81\x8e\xe7\xa8\x8b","\xe8\xaa\xb2\xe7\xa8\x8b",
    "\xe5\xae\xb6\xe5\xba\xad","\xe5\xae\xb6\xe5\xba\xad\xe7\x92\xb0\xe5\xa2\x83",
    "\xe5\xae\xb6\xe5\xba\xad\xe8\xaa\xbf\xe6\x9f\xbb","\xe5\x8a\xa0\xe8\x97\xa4",
    "\xe9\x81\x8e\xe6\xb8\xa1\xe6\x9c\x9f","\xe8\xa7\x92","\xe9\x81\x8e\xe5\xba\xa6",
    "\xe9\x96\x80","\xe2\x94\x98","\xe2\x94\x90","\xe2\x94\x8c","\xe2\x94\x94",
    "\xe7\xa8\xbc\xe5\x83\x8d","\xe8\x8f\xaf\xe9\x81\x93","\xe5\x8f\xaf\xe8\xaa\xad",
    "\xe5\x8f\xaf\xe8\xaa\xad\xe6\x80\xa7","\xe8\xa7\x92\xe7\x94\xb0",
    "\xe8\xa7\x92\xe6\x9d\xbe","\xe4\xbb\xae\xe5\x90\x8d","\xe9\x87\x91",
    "\xe4\xbb\xae\xe5\x90\x8d\xe6\xbc\xa2\xe5\xad\x97","\xe7\xa5\x9e\xe5\xa5\x88\xe5\xb7\x9d",
    "\xe9\x87\x91\xe6\xb2\xa2","\xe8\xa6\x81","\xe9\x87\x91\xe6\xa3\xae",
    "\xe5\x8a\xa0\xe5\x85\xa5","\xe9\x87\x91","\xe9\x90\x98","\xe9\x87\x91\xe5\xad\x90",
    "\xe5\x8a\xa0\xe7\x86\xb1","\xe5\xbd\xbc","\xe5\x8f\xaf\xe8\x83\xbd",
    "\xe5\x8f\xaf\xe8\x83\xbd\xe6\x80\xa7","\xe5\xbd\xbc\xe5\xa5\xb3",
    "\xe5\xbd\xbc\xe5\xa5\xb3\xe8\x87\xaa\xe8\xba\xab","\xe6\xa8\xba","\xe6\xa4\x9b",
    "\xe9\x9e\x84","\xe5\x8a\xa0\xe7\xad\x86","\xe8\x8a\xb1\xe7\x93\xb6",
    "\xe8\x8a\xb1\xe7\xb2\x89\xe7\x97\x87","\xe6\xa0\xaa","\xe4\xb8\x8b\xe9\x83\xa8",
    "\xe8\x95\xaa","\xe6\xa0\xaa\xe5\xbc\x8f",
    "\xe6\xa0\xaa\xe5\xbc\x8f\xe4\xbc\x9a\xe7\xa4\xbe",
    "\xe6\xa0\xaa\xe5\xbc\x8f\xe4\xbc\x9a\xe7\xa4\xbe",
    "\xe4\xb8\x8b\xe9\x83\xa8\xe7\xb5\x84\xe7\xb9\x94","\xe5\x85\x9c","\xe7\x94\xb2",
    "\xe5\xa3\x81","\xe9\x8e\x8c","\xe9\x87\x9c","\xe8\x92\xb2","\xe7\xaa\xaf","\xe7\xab\x83",
    "\xe9\x87\x9c\xe7\x9f\xb3","\xe9\x8e\x8c\xe5\x80\x89","\xe9\x8e\x8c\xe7\x94\xb0",
    "\xe8\x92\xb2\xe7\x94\xb0","\xe7\xab\x83","\xe4\xb8\x8a","\xe7\xb4\x99","\xe9\xab\xaa",
    "\xe7\xa5\x9e","\xe4\xb8\x8a\xe6\x9d\x89","\xe9\x9b\xb7","\xe4\xb8\x8a\xe6\x9d\x91",
    "\xe7\xa5\x9e\xe8\xb0\xb7","\xe4\xba\x80","\xe4\xbb\xae\xe5\x90\x8d",
    "\xe4\xba\x80\xe4\xba\x95","\xe4\xba\x80\xe5\xb1\xb1","\xe4\xbb\xae\xe9\x9d\xa2",
    "\xe9\xb4\xa8","\xe7\xa7\x91\xe7\x9b\xae","\xe8\x90\xb1","\xe8\x8c\x85","\xe6\xa0\xa2",
    "\xe7\xb2\xa5","\xe7\x81\xab\xe6\x9b\x9c","\xe7\x81\xab\xe6\x9b\x9c\xe6\x97\xa5",
    "\xe7\xa9\xba","\xe3\x80\x9c","\xe6\x9f\x84","\xe6\xae\xbb","\xe5\x94\x90","\xe4\xbd\x93",
    "\xe8\xba\xab\xe4\xbd\x93","\xe4\xbb\xae","\xe5\x88\x88","\xe7\x8b\xa9",
    "\xe7\x8b\xa9\xe4\xba\xba","\xe4\xb8\x8b\xe6\xb5\x81","\xe7\x81\xab\xe5\x8a\x9b",
    "\xe5\xbd\xbc","\xe5\xbd\xbc\xe7\xad\x89","\xe5\x81\xb4","\xe5\xb7\x9d","\xe7\x9a\xae",
    "\xe6\xb2\xb3","\xe9\x9d\xa9","\xe5\xb7\x9d\xe5\x90\x88","\xe5\xb7\x9d\xe5\x86\x85",
    "\xe5\xb7\x9d\xe4\xb8\x8a","\xe5\xb7\x9d\xe8\xb6\x8a","\xe5\xb7\x9d\xe5\xb4\x8e",
    "\xe5\xb7\x9d\xe5\xb3\xb6","\xe5\xb7\x9d\xe6\xb7\xbb","\xe5\xb7\x9d\xe6\xb8\xa1",
    "\xe5\xb7\x9d\xe7\x94\xb0","\xe6\xb2\xb3\xe5\x86\x85\xe8\xb0\xb7",
    "\xe5\xb7\x9d\xe5\x8e\x9f","\xe5\xb7\x9d\xe5\x8f\x88","\xe7\x93\xa6",
    "\xe6\xb2\xb3\xe5\x8e\x9f","\xe9\x96\x93","\xe6\x8f\x9b","\xe5\xb7\xbb","\xe6\x84\x9f",
    "\xe7\x94\x98","\xe8\xa6\xb3","\xe5\xae\x8c","\xe5\x87\xbd","\xe7\xb0\xa1\xe6\x98\x93",
    "\xe6\x84\x9f\xe8\xa6\x9a","\xe9\x96\x93\xe9\x9a\x94","\xe7\xae\xa1\xe8\xbd\x84",
    "\xe8\x80\x83\xe3\x81\x88","\xe7\x92\xb0\xe5\xa2\x83","\xe9\x96\xa2\xe4\xbf\x82",
    "\xe9\x96\xa2\xe4\xbf\x82\xe8\x80\x85","\xe9\x96\xa2\xe4\xbf\x82\xe7\xaf\x80",
    "\xe7\xb0\xa1\xe6\xbd\x94","\xe5\xae\x8c\xe7\xb5\x90","\xe9\x96\x93\xe6\xac\xa0",
    "\xe7\xb0\xa1\xe6\xbd\x94\xe5\x8c\x96","\xe6\xad\x93\xe8\xbf\x8e",
    "\xe6\x84\x9f\xe6\xbf\x80","\xe7\xae\xa1\xe5\xbc\xa6","\xe8\xa6\xb3\xe5\x85\x89",
    "\xe5\xae\x98\xe5\x85\xac","\xe5\x88\x8a\xe8\xa1\x8c","\xe9\x9f\x93\xe5\x9b\xbd",
    "\xe9\x96\xa2\xe8\xa5\xbf","\xe9\x96\xa2\xe8\xa5\xbf\xe5\x9c\xb0\xe5\x8c\xba",
    "\xe9\x96\xa2\xe8\xa5\xbf\xe5\x9c\xb0\xe6\x96\xb9","\xe8\xa6\xb3\xe5\xaf\x9f",
    "\xe7\x9b\xa3\xe8\xa6\x96","\xe6\x84\x9f\xe8\xac\x9d","\xe6\x85\xa3\xe7\xbf\x92",
    "\xe7\x9b\xa3\xe4\xbf\xae","\xe6\x84\x9f\xe8\xa7\xa6","\xe6\x84\x9f\xe5\xbf\x83",
    "\xe9\x96\xa2\xe5\xbf\x83","\xe6\xbc\xa2\xe5\xad\x97","\xe5\xb9\xb9\xe4\xba\x8b",
    "\xe6\xbc\xa2\xe5\xad\x97\xe5\xa4\x89\xe6\x8f\x9b","\xe6\x84\x9f\xe6\x83\x85",
    "\xe5\x8b\x98\xe5\xae\x9a","\xe8\x82\x9d\xe5\xbf\x83","\xe9\x96\xa2\xe6\x95\xb0",
    "\xe9\x96\xa2\xe6\x95\xb0\xe5\x9e\x8b","\xe9\x96\xa2\xe6\x95\xb0\xe7\xa9\xba\xe9\x96\x93",
    "\xe9\x96\xa2\xe6\x95\xb0\xe9\x81\xa9\xe7\x94\xa8","\xe9\x96\xa2\xe6\x95\xb0\xe5\x90\x8d",
    "\xe5\xae\x8c\xe6\x88\x90","\xe9\x96\x93\xe6\x8e\xa5","\xe9\x96\xa2\xe7\xaf\x80",
    "\xe9\x96\x93\xe6\x8e\xa5\xe7\x9a\x84","\xe5\xae\x8c\xe5\x85\xa8",
    "\xe6\x84\x9f\xe6\x83\xb3","\xe4\xb9\xbe\xe7\x87\xa5","\xe5\xae\x8c\xe8\xb5\xb0",
    "\xe8\xa6\xb3\xe6\xb8\xac","\xe8\xa6\xb3\xe6\xb8\xac\xe6\x89\x80",
    "\xe7\xb0\xa1\xe5\x8d\x98","\xe7\xb0\xa1\xe5\x8d\x98\xe5\x8c\x96",
    "\xe7\xa5\x9e\xe7\x94\xb0","\xe9\x96\xa2\xe7\x9f\xa5","\xe6\x84\x9f\xe7\x9f\xa5",
    "\xe8\x89\xa6\xe9\x95\xb7","\xe7\xbc\xb6\xe8\xa9\xb0","\xe8\xa6\xb3\xe7\x82\xb9",
    "\xe9\x96\xa2\xe6\x9d\xb1","\xe7\x9b\xa3\xe7\x9d\xa3","\xe6\x84\x9f\xe5\x8b\x95",
    "\xe9\x96\xa2\xe5\x86\x85","\xe8\xa6\xb3\xe5\xbf\xb5","\xe7\x9c\x8b\xe6\x9d\xbf",
    "\xe5\x8b\x98\xe5\xbc\x81","\xe7\xb0\xa1\xe4\xbe\xbf","\xe5\xae\x8c\xe7\x92\xa7",
    "\xe5\x86\xa0","\xe7\xb0\xa1\xe7\xb4\x84","\xe7\x9b\xa3\xe8\xa8\xb3",
    "\xe7\xb0\xa1\xe7\xb4\x84\xe5\xbe\x8b","\xe9\x96\xa2\xe4\xb8\x8e",
    "\xe7\xae\xa1\xe7\x90\x86","\xe7\xae\xa1\xe7\x90\x86\xe8\x80\x85",
    "\xe7\xae\xa1\xe7\x90\x86\xe4\xba\xba","\xe7\xb0\xa1\xe7\x95\xa5",
    "\xe5\xae\x8c\xe4\xba\x86","\xe9\x82\x84\xe6\x9a\xa6","\xe9\x96\xa2\xe9\x80\xa3",
    "\xe9\x96\x91\xe8\xa9\xb1\xe4\xbc\x91\xe9\xa1\x8c","\xe6\x88\x91","\xe9\xa7\x95",
    "\xe9\xa4\x93","\xe9\x9b\x85","\xe8\xb3\x80","\xe8\x9b\xbe","\xe8\x8a\xbd","\xe8\x87\xa5",
    "\xe5\xa4\x96","\xe8\xa1\x97","\xe5\xae\xb3","\xe6\xa6\x82","\xe9\xaa\xb8","\xe9\x8e\xa7",
    "\xe8\xa9\xb2","\xe8\x93\x8b","\xe5\xa4\x96\xe7\x95\x8c","\xe6\xa6\x82\xe8\xa6\xb3",
    "\xe5\xa4\x96\xe5\x9b\xbd","\xe5\xa4\x96\xe5\x9b\xbd\xe8\xaa\x9e",
    "\xe5\xa4\x96\xe5\x9b\xbd\xe4\xba\xba","\xe4\xbc\x9a\xe7\xa4\xbe",
    "\xe5\xa4\x96\xe8\xbb\x8a","\xe5\xa4\x96\xe5\x87\xba","\xe5\xa4\x96\xe5\x82\xb7",
    "\xe5\xa4\x96\xe5\xad\x97","\xe5\xa4\x96\xe4\xba\xba","\xe6\xa6\x82\xe8\xaa\xac",
    "\xe5\xa4\x96\xe6\x8e\xa5\xe6\xb3\x95","\xe5\xa4\x96\xe7\xb7\x9a",
    "\xe5\xa4\x96\xe7\x9a\x84","\xe8\xa9\xb2\xe5\xbd\x93","\xe8\xa1\x97\xe9\xa0\xad",
    "\xe6\xa6\x82\xe5\xbf\xb5","\xe6\xa6\x82\xe5\xbf\xb5\xe7\x9a\x84",
    "\xe5\xa4\x96\xe9\x83\xa8","\xe6\xa6\x82\xe8\xa6\x81","\xe6\xa6\x82\xe7\x95\xa5",
    "\xe8\xa1\x97\xe8\xb7\xaf","\xe8\xa1\x97\xe8\xb7\xaf\xe6\xa8\xb9",
    "\xe7\x94\xbb\xe5\xae\xb6","\xe5\x9e\xa3","\xe6\xa5\xbd","\xe9\xa1\x8d","\xe5\xad\xa6",
    "\xe9\xa1\x8e","\xe5\xb2\xb3","\xe5\xad\xb8","\xe5\xad\xa6\xe4\xbd\x8d",
    "\xe5\xad\xa6\xe9\x99\xa2","\xe5\xad\xa6\xe5\x9c\x92","\xe5\xad\xa6\xe5\xa4\x96",
    "\xe5\xad\xa6\xe6\xa5\xad","\xe5\xad\xa6\xe5\xa3\xab","\xe5\xad\xa6\xe8\x80\x85",
    "\xe5\xad\xa6\xe7\xbf\x92","\xe5\xad\xa6\xe7\xbf\x92\xe9\x99\xa2",
    "\xe6\xa5\xbd\xe7\xab\xa0","\xe5\xad\xa6\xe6\x8c\xaf","\xe5\xad\xa6\xe8\xa1\x93",
    "\xe5\xad\xa6\xe6\x83\x85\xe7\xb6\xb2","\xe5\xad\xa6\xe7\x94\x9f",
    "\xe5\xad\xa6\xe7\x94\x9f\xe6\x9c\x8d","\xe6\xa5\xbd\xe5\x9b\xa3",
    "\xe5\xad\xa6\xe9\x95\xb7","\xe5\xad\xa6\xe5\x86\x85",
    "\xe5\xad\xa6\xe5\x86\x85\xe4\xbe\xbf","\xe5\xad\xa6\xe5\xb9\xb4",
    "\xe6\xa5\xbd\xe8\xad\x9c","\xe5\xad\xa6\xe9\x83\xa8","\xe5\xad\xa6\xe5\xa0\xb1",
    "\xe5\xad\xa6\xe6\xad\xb4","\xe5\xad\xa6\xe5\x89\xb2","\xe6\xa8\xab",
    "\xe7\x94\xbb\xe7\xb4\xa0","\xe7\x94\xbb\xe7\xb4\xa0\xe9\x96\x93",
    "\xe7\x94\xbb\xe7\xb4\xa0\xe6\xaf\x8e","\xe7\x94\xbb\xe5\x83\x8f",
    "\xe7\x94\xbb\xe5\x83\x8f\xe5\x87\xa6\xe7\x90\x86",
    "\xe7\x94\xbb\xe5\x83\x8f\xe6\x83\x85\xe5\xa0\xb1","\xe5\x9e\x8b","\xe6\xbd\x9f",
    "\xe6\x96\xb9","\xe5\x90\x88","\xe5\xad\xa6\xe7\xa7\x91","\xe5\xad\xa6\xe4\xbc\x9a",
    "\xe5\xad\xa6\xe4\xbc\x9a\xe8\xaa\x8c","\xe5\xad\xa6\xe6\x9c\x9f",
    "\xe6\xa5\xbd\xe5\x99\xa8","\xe5\xad\xa6\xe6\xa0\xa1",
    "\xe5\xad\xa6\xe6\xa0\xa1\xe6\x95\x99\xe5\xb8\xab",
    "\xe5\xad\xa6\xe6\xa0\xa1\xe5\x8d\x98\xe4\xbd\x8d","\xe5\x90\x88\xe5\xae\xbf",
    "\xe5\x90\x88\xe5\x94\xb1","\xe5\x90\x88\xe5\xa5\x8f","\xe5\x90\x88\xe8\x87\xb4",
    "\xe6\x9c\x88\xe6\x97\xa5","\xe6\x9c\x88","\xe7\x94\xbb\xe6\x9d\xbf",
    "\xe6\x88\x91\xe6\x85\xa2","\xe4\xb8\x8a","\xe7\x94\xbb\xe9\x9d\xa2","\xe6\x9f\x84",
    "\xe7\xa1\x9d\xe5\xad\x90","\xe6\x88\x91\xe6\xb5\x81","\xe5\x81\xb4","\xe5\x85\x83",
    "\xe9\xa1\x94","\xe4\xb8\xb8","\xe5\x90\xab","\xe9\xa1\x98","\xe9\xa0\x91","\xe9\x9b\x81",
    "\xe8\xb4\x8b","\xe5\x85\x83\xe6\x97\xa6","\xe6\xb0\x97","\xe6\x97\xa2","\xe6\x9c\xa8",
    "\xe6\x9c\xba","\xe5\x9f\xba","\xe8\xa8\x98","\xe6\xa9\x9f","\xe5\x8d\xb1",
    "\xe6\xb0\x97\xe5\x9c\xa7","\xe7\xb4\x80\xe4\xbc\x8a","\xe5\xa5\x87\xe7\x95\xb0",
    "\xe9\xbb\x84\xe8\x89\xb2","\xe6\x9c\xa8\xe5\x86\x85","\xe8\xa8\x98\xe6\x86\xb6",
    "\xe8\xa8\x98\xe6\x86\xb6\xe9\xae\xae\xe6\x98\x8e",
    "\xe8\xa8\x98\xe6\x86\xb6\xe8\xa3\x85\xe7\xbd\xae","\xe6\xb0\x97\xe6\xb8\xa9",
    "\xe6\xa9\x9f\xe6\xa2\xb0","\xe6\xa9\x9f\xe4\xbc\x9a","\xe4\xbc\x81\xe7\x94\xbb",
    "\xe8\xa6\x8f\xe6\xa0\xbc","\xe4\xbc\x81\xe7\x94\xbb\xe9\x83\xa8",
    "\xe6\x9c\x9f\xe9\x96\x93","\xe6\xa9\x9f\xe9\x96\xa2","\xe9\xa5\x8b\xe9\x82\x84",
    "\xe8\xb2\xb4\xe8\x89\xa6","\xe8\xb2\xb4\xe5\xad\xa6","\xe6\xb0\x97\xe8\xbb\xbd",
    "\xe6\xa9\x9f\xe5\x99\xa8","\xe5\x8d\xb1\xe6\xa9\x9f","\xe6\xa1\x94\xe6\xa2\x97",
    "\xe4\xbc\x81\xe6\xa5\xad","\xe9\x9e\xa0","\xe8\x8f\x8a","\xe6\x8e\xac",
    "\xe8\x8f\x8a\xe5\x9c\xb0","\xe8\x8f\x8a\xe6\xb1\xa0","\xe5\x8d\xb1\xe6\x83\xa7",
    "\xe5\x99\xa8\xe5\x85\xb7","\xe6\x9c\xa8\xe5\x8f\xa3",
    "\xe6\x9c\xa8\xe5\xbd\xa2\xe5\xbc\x8f","\xe5\xb8\xb0\xe7\xb5\x90",
    "\xe5\x8d\xb1\xe9\x99\xba","\xe6\xa3\x84\xe6\xa8\xa9",
    "\xe5\x8d\xb1\xe9\x99\xba\xe5\xba\xa6","\xe8\xb5\xb7\xe6\xba\x90",
    "\xe6\x9c\x9f\xe9\x99\x90","\xe6\xa9\x9f\xe6\xa7\x8b","\xe5\xaf\x84\xe6\xb8\xaf",
    "\xe6\xb0\x97\xe5\x80\x99","\xe6\x9c\xa8\xe6\xa7\x8b\xe9\x80\xa0",
    "\xe5\xb8\xb0\xe5\x9b\xbd","\xe8\xa8\x98\xe5\x8f\xb7","\xe3\x80\x93","\xe2\x86\x93",
    "\xe2\x86\x91","\xe2\x86\x90","\xe2\x86\x92","\xe3\x80\x92","\xe2\x80\xbb",
    "\xe8\xa8\x98\xe5\x8f\xb7\xe5\x87\xa6\xe7\x90\x86","\xe8\xa8\x98\xe5\x8f\xb7\xe5\x88\x97",
    "\xe8\xa8\x98\xe5\x8f\xb7\xe8\xab\x96\xe7\x90\x86\xe5\xad\xa6","\xe8\xa8\x98\xe8\xbc\x89",
    "\xe8\xb2\xb4\xe6\xa7\x98","\xe6\xa9\x9f\xe6\x9d\x90","\xe5\xb2\xb8",
    "\xe6\xb1\xbd\xe8\xbb\x8a","\xe6\xa9\x9f\xe7\xa8\xae","\xe6\xb0\x97\xe8\x89\xb2",
    "\xe8\xa8\x98\xe4\xba\x8b","\xe8\xa8\x98\xe4\xba\x8b\xe6\x95\xb0",
    "\xe8\xa8\x98\xe4\xba\x8b\xe9\x81\xb8\xe6\x8a\x9e","\xe6\x9c\x9f\xe6\x97\xa5",
    "\xe8\xa8\x98\xe8\xbf\xb0","\xe5\x9f\xba\xe6\xba\x96","\xe5\xa5\x87\xe6\x95\xb0",
    "\xe5\x82\xb7","\xe5\xb8\xb0\xe7\x9c\x81","\xe6\x97\xa2\xe6\x88\x90",
    "\xe5\xa5\x87\xe8\xb7\xa1","\xe5\xad\xa3\xe7\xaf\x80","\xe5\x9f\xba\xe7\xa4\x8e",
    "\xe8\xb5\xb7\xe8\xa8\xb4","\xe8\xa6\x8f\xe5\x89\x87",
    "\xe5\x9f\xba\xe7\xa4\x8e\xe7\xa0\x94\xe7\xa9\xb6",
    "\xe5\x9f\xba\xe7\xa4\x8e\xe7\xa0\x94\xe7\xa9\xb6\xe9\x83\xa8",
    "\xe5\x9f\xba\xe7\xa4\x8e\xe7\x90\x86\xe8\xab\x96","\xe5\x9f\xba\xe7\xa4\x8e\xe8\xab\x96",
    "\xe6\x97\xa2\xe5\xad\x98","\xe5\xb8\xb0\xe5\xb1\x9e","\xe6\x97\xa2\xe5\xad\x98",
    "\xe5\x8c\x97","\xe6\x9c\x9f\xe5\xbe\x85","\xe5\x8c\x97\xe9\xa2\xa8",
    "\xe5\xb8\xb0\xe5\xae\x85","\xe5\x8c\x97\xe5\x8e\x9f","\xe5\x8c\x97\xe6\x9d\x91",
    "\xe5\x90\x89","\xe5\x9f\xba\xe5\x9c\xb0","\xe5\xb8\xb0\xe7\x9d\x80",
    "\xe8\xb2\xb4\xe9\x87\x8d","\xe5\x96\xab\xe8\x8c\xb6","\xe5\x88\x87\xe6\x89\x8b",
    "\xe5\x88\x87\xe7\xac\xa6","\xe8\xa9\xb0","\xe6\xa9\x98","\xe6\xa1\x94","\xe5\x96\xab",
    "\xe5\x90\x83","\xe5\x90\x89","\xe8\xa6\x8f\xe5\xae\x9a","\xe5\x9f\x8e\xe6\x88\xb8",
    "\xe8\xb5\xb7\xe5\x8b\x95","\xe6\xb0\x97\xe9\x95\xb7","\xe8\xa8\x98\xe5\x85\xa5",
    "\xe7\xb5\xb9","\xe7\xa0\xa7","\xe6\x9d\xb5","\xe8\xa8\x98\xe5\xbf\xb5",
    "\xe8\xa8\x98\xe5\xbf\xb5\xe4\xbc\x9a","\xe8\xa8\x98\xe5\xbf\xb5\xe6\x97\xa5",
    "\xe6\xa9\x9f\xe8\x83\xbd","\xe6\x98\xa8\xe6\x97\xa5","\xe5\xb8\xb0\xe7\xb4\x8d",
    "\xe6\xa9\x9f\xe8\x83\xbd\xe9\x96\x93","\xe5\xb8\xb0\xe7\xb4\x8d\xe7\x9a\x84",
    "\xe5\xb8\xb0\xe7\xb4\x8d\xe7\x9a\x84\xe5\xae\x9a\xe7\xbe\xa9",
    "\xe5\xb8\xb0\xe7\xb4\x8d\xe6\xb3\x95","\xe6\x9c\xa8\xe4\xb8\x8b","\xe7\x89\x99",
    "\xe6\x9c\xa8\xe5\xa0\xb4","\xe5\x9f\xba\xe7\x9b\xa4","\xe9\xbb\x8d",
    "\xe5\xbf\x8c\xe5\xbc\x95","\xe5\xaf\x84\xe4\xbb\x98",
    "\xe5\xaf\x84\xe4\xbb\x98\xe9\x87\x91","\xe6\xb0\x97\xe5\x88\x86",
    "\xe8\xa8\x98\xe6\xb3\x95","\xe5\x9f\xba\xe6\x9c\xac",
    "\xe5\x9f\xba\xe6\x9c\xac\xe5\x9e\x8b",
    "\xe5\x9f\xba\xe6\x9c\xac\xe8\xa8\x98\xe5\x8f\xb7\xe5\x88\x97",
    "\xe5\x9f\xba\xe6\x9c\xac\xe6\xa9\x9f\xe8\x83\xbd","\xe5\x9f\xba\xe6\x9c\xac\xe5\xbc\x8f",
    "\xe5\x9f\xba\xe6\x9c\xac\xe7\x9a\x84","\xe8\xa6\x8f\xe6\xa8\xa1",
    "\xe5\xb8\x8c\xe6\x9c\x9b","\xe5\xb8\x8c\xe6\x9c\x9b\xe8\x80\x85",
    "\xe6\x9c\x9f\xe6\x9c\xab","\xe5\x90\x9b","\xe6\xb0\x97\xe5\x91\xb3",
    "\xe5\x85\xac\xe7\xa8\x94","\xe5\xa5\x87\xe5\xa6\x99","\xe6\x9c\xa8\xe6\x9d\x91",
    "\xe8\x82\x9d","\xe6\xb0\x97\xe6\x8c\x81","\xe5\xae\xa2","\xe8\x84\x9a","\xe5\x8d\xb4",
    "\xe5\xae\xa2\xe5\x93\xa1","\xe8\x84\x9a\xe6\x9c\xac","\xe8\x8f\xaf\xe5\xa5\xa2",
    "\xe5\xae\xa2\xe8\xa6\xb3","\xe8\xa6\x8f\xe7\xb4\x84","\xe4\xb9\x85","\xe5\x90\xb8",
    "\xe6\x80\xa5","\xe6\xb3\xa3","\xe6\x95\x91","\xe4\xbc\x91","\xe5\x8f\x8a","\xe6\xb1\x82",
    "\xe5\x90\xb8\xe5\xbc\x95","\xe6\x97\xa7\xe5\x9e\x8b","\xe6\x95\x91\xe6\x80\xa5",
    "\xe6\x95\x91\xe6\x80\xa5\xe8\xbb\x8a","\xe7\xa9\xb6\xe6\xa5\xb5",
    "\xe4\xbc\x91\xe6\xa5\xad","\xe4\xbc\x91\xe6\x86\xa9",
    "\xe4\xbc\x91\xe6\x86\xa9\xe6\x89\x80","\xe6\x80\xa5\xe6\xbf\x80",
    "\xe6\x80\xa5\xe8\xa1\x8c","\xe4\xbc\x91\xe8\xac\x9b","\xe7\xb5\xa6\xe7\xb4\x99",
    "\xe4\xb9\x9d\xe5\xb7\x9e","\xe5\x90\xb8\xe5\x8f\x8e",
    "\xe4\xb9\x9d\xe5\xb7\x9e\xe5\xa4\xa7","\xe4\xbc\x91\xe6\x97\xa5",
    "\xe7\x90\x83\xe5\xa0\xb4","\xe6\xb1\x82\xe4\xba\xba","\xe6\x97\xa7\xe5\xa7\x93",
    "\xe6\x80\xa5\xe9\x80\x9f","\xe4\xb9\x9d\xe5\xa4\xa7","\xe6\x80\xa5\xe4\xbe\xbf",
    "\xe6\x80\xa5\xe5\x8b\x99","\xe7\x90\x83\xe9\x9d\xa2","\xe4\xbc\x91\xe9\xa4\x8a",
    "\xe7\xb5\xa6\xe6\x96\x99","\xe5\xb1\x85","\xe5\x8e\xbb","\xe8\xb7\x9d","\xe8\xa8\xb1",
    "\xe8\x99\x9a","\xe6\xb8\xa0","\xe6\x8c\x99","\xe6\x8b\xa0","\xe6\xa2\x97",
    "\xe4\xbb\x8a\xe6\x97\xa5","\xe4\xba\xac","\xe5\xbc\xb7","\xe7\x8b\xad","\xe6\xa9\x8b",
    "\xe9\x8f\xa1","\xe8\x83\xb8","\xe5\x87\xb6\xe6\x82\xaa","\xe6\x95\x99\xe8\x82\xb2",
    "\xe6\x95\x99\xe8\x82\xb2\xe8\x80\x85","\xe6\x95\x99\xe8\x82\xb2\xe7\x9a\x84",
    "\xe5\xbc\xb7\xe5\x8c\x96","\xe5\xa2\x83\xe7\x95\x8c","\xe5\x8d\x94\xe4\xbc\x9a",
    "\xe6\x95\x99\xe4\xbc\x9a","\xe5\xa2\x83\xe7\x95\x8c\xe9\x9d\xa2",
    "\xe6\x95\x99\xe7\xa7\x91\xe6\x9b\xb8","\xe6\x81\x90\xe5\x96\x9d",
    "\xe6\x95\x99\xe5\xae\x98","\xe5\x85\xb1\xe6\x84\x9f","\xe5\x87\xb6\xe5\x99\xa8",
    "\xe4\xbe\x9b\xe7\xb5\xa6","\xe5\x8d\x94\xe8\xad\xb0","\xe6\x95\x99\xe8\xa8\x93",
    "\xe9\x9f\xbf\xe5\xad\x90","\xe6\x81\x90\xe6\x85\x8c","\xe7\xab\xb6\xe5\x90\x88",
    "\xe5\x85\xb1\xe6\xb8\x88","\xe6\x95\x99\xe6\x9d\x90","\xe6\x95\x99\xe5\xb8\xab",
    "\xe6\x95\x99\xe5\xae\xa4","\xe6\x81\x90\xe7\xb8\xae","\xe6\x81\xad\xe5\x8f\xb8",
    "\xe6\x95\x99\xe7\xa4\xba","\xe5\xbc\xb7\xe5\xbc\xb1","\xe6\x95\x99\xe6\x8e\x88",
    "\xe6\x95\x99\xe6\x8e\x88\xe5\xae\xa4","\xe5\xbc\xb7\xe9\x9d\xad",
    "\xe5\xbc\xb7\xe5\x88\xb6","\xe5\xbc\xb7\xe5\x88\xb6\xe7\x9a\x84",
    "\xe7\xab\xb6\xe4\xba\x89","\xe5\x8d\x94\xe5\xa5\x8f\xe6\x9b\xb2",
    "\xe5\x85\xb1\xe5\xad\x98","\xe4\xba\xac\xe5\xa4\xa7","\xe5\x85\x84\xe5\xbc\x9f",
    "\xe5\x85\x84\xe5\xa6\xb9","\xe5\xbc\xb7\xe8\xaa\xbf","\xe5\x8d\x94\xe8\xaa\xbf",
    "\xe5\x8d\x94\xe8\xaa\xbf\xe6\x80\xa7","\xe5\x85\xb1\xe9\x80\x9a",
    "\xe5\x85\xb1\xe9\x80\x9a\xe4\xb8\x80\xe6\xac\xa1","\xe7\xb5\x8c\xe5\x85\xb8",
    "\xe4\xba\xac\xe9\x83\xbd","\xe6\x95\x99\xe9\xa0\xad",
    "\xe4\xba\xac\xe9\x83\xbd\xe8\xb3\x9e","\xe4\xba\xac\xe9\x83\xbd\xe5\xa4\xa7\xe5\xad\xa6",
    "\xe5\xbc\xb7\xe5\xba\xa6","\xe5\x8d\x94\xe5\x90\x8c","\xe5\x85\xb1\xe5\x90\x8c",
    "\xe6\x81\x90\xe6\x80\x96","\xe5\x85\xb1\xe7\xb7\xa8","\xe5\x87\xb6\xe6\x9a\xb4",
    "\xe8\x88\x88\xe5\x91\xb3","\xe6\x95\x99\xe5\x8b\x99","\xe5\x85\xb1\xe6\x9c\x89",
    "\xe6\x95\x99\xe9\xa4\x8a","\xe5\x85\xb1\xe7\x94\xa8",
    "\xe6\x95\x99\xe9\xa4\x8a\xe5\xad\xa6\xe9\x83\xa8","\xe6\x95\x99\xe9\xa4\x8a\xe9\x83\xa8",
    "\xe5\x85\xb1\xe7\xab\x8b","\xe5\x8d\x94\xe5\x8a\x9b","\xe5\xbc\xb7\xe5\x8a\x9b",
    "\xe5\xbc\xb7\xe7\x83\x88","\xe5\x8d\x94\xe5\x92\x8c","\xe8\xa8\xb1\xe5\x8f\xaf",
    "\xe6\x9b\xb2","\xe5\xb1\x80","\xe6\xa5\xb5","\xe5\xb1\x80\xe5\x93\xa1",
    "\xe6\xa5\xb5\xe5\xb0\x8f","\xe6\xa5\xb5\xe5\xb0\x8f\xe5\x80\xa4",
    "\xe6\x9b\xb2\xe6\x8a\x98","\xe6\x9b\xb2\xe7\xb7\x9a","\xe6\xa5\xb5\xe7\xab\xaf",
    "\xe6\xa5\xb5\xe5\x80\xa4","\xe5\xb1\x80\xe9\x95\xb7","\xe5\xb1\x80\xe7\x95\xaa",
    "\xe6\x9b\xb2\xe5\x90\x8d","\xe6\x9b\xb2\xe9\x9d\xa2","\xe5\xb1\x80\xe9\x9d\xa2",
    "\xe6\x9b\xb2\xe7\x9b\xae","\xe6\x9b\xb2\xe7\x8e\x87","\xe6\xa5\xb5\xe5\x8a\x9b",
    "\xe5\xb1\x85\xe5\xae\xa4","\xe5\xb7\xa8\xe4\xba\xba","\xe8\x99\x9a\xe5\x8b\xa2",
    "\xe5\xb7\xa8\xe8\xb1\xa1","\xe5\xb7\xa8\xe5\xa4\xa7","\xe5\x8e\xbb\xe5\xb9\xb4",
    "\xe6\x8b\x92\xe5\x90\xa6","\xe8\xa8\xb1\xe5\xae\xb9","\xe8\xb7\x9d\xe9\x9b\xa2",
    "\xe6\xb8\x85","\xe5\x99\xa8\xe7\x94\xa8","\xe6\xb8\x85","\xe6\xb8\x85\xe6\xb0\xb4",
    "\xe6\xb0\x97\xe6\xa5\xbd","\xe6\xa1\x90","\xe5\x88\x87","\xe9\x9c\xa7",
    "\xe5\x9f\xba\xe7\x9d\xa3\xe6\x95\x99","\xe5\x88\x87\xe5\x8f\x96\xe3\x82\x8a\xe7\xb7\x9a",
    "\xe6\xa1\x90\xe7\x94\x9f","\xe7\xb6\xba\xe9\xba\x97","\xe8\xa8\x98\xe9\x8c\xb2",
    "\xe7\xb2\x81","\xe9\x9a\x9b","\xe4\xbb\x8a","\xe8\xbf\x91","\xe9\x87\x91","\xe7\xad\x8b",
    "\xe8\xac\xb9","\xe8\xa5\x9f","\xe8\xa1\xbf","\xe8\x8f\x8c","\xe9\x87\x91\xe9\xa1\x8d",
    "\xe8\xbf\x91\xe7\x95\xbf","\xe7\xb7\x8a\xe6\x80\xa5","\xe8\xbf\x91\xe6\xb3\x81",
    "\xe9\x87\x91\xe5\x88\xb8","\xe9\x87\x91\xe5\xba\xab","\xe9\x87\x91\xe5\xb1\xb1",
    "\xe7\xa6\x81\xe6\xad\xa2","\xe5\x9d\x87\xe8\xb3\xaa","\xe9\x87\x91\xe8\xb3\x9e",
    "\xe8\xbf\x91\xe4\xbc\xbc","\xe8\xbf\x91\xe6\x89\x80","\xe9\x87\x91\xe9\x8a\xad",
    "\xe9\x87\x91\xe5\xb1\x9e","\xe8\xbf\x91\xe4\xbb\xa3","\xe7\xb7\x8a\xe5\xbc\xb5",
    "\xe8\xbf\x91\xe9\x89\x84","\xe7\xad\x8b\xe8\x82\x89","\xe8\xbf\x91\xe5\xb9\xb4",
    "\xe9\x87\x91\xe7\xae\x94","\xe8\xbf\x91\xe8\xbe\xba","\xe8\xbf\x91\xe5\x82\x8d",
    "\xe5\x8b\xa4\xe5\x8b\x99","\xe9\x87\x91\xe6\x9b\x9c",
    "\xe9\x87\x91\xe6\x9b\x9c\xe6\x97\xa5","\xe8\xbf\x91\xe9\x9a\xa3","\xe6\x8a\x80",
    "\xe7\x96\x91","\xe8\xad\xb0","\xe8\xaa\xbc","\xe8\x9f\xbb","\xe7\xbe\xa9","\xe7\xa5\x87",
    "\xe7\x8a\xa0","\xe6\x8a\x80\xe5\xb8\xab","\xe8\xad\xb0\xe4\xba\x8b",
    "\xe6\x93\xac\xe4\xbc\xbc","\xe6\x93\xac\xe4\xbc\xbc\xe5\xa4\x89\xe6\x95\xb0",
    "\xe7\xbe\xa9\xe5\xa1\xbe","\xe6\x8a\x80\xe8\xa1\x93",
    "\xe6\x8a\x80\xe8\xa1\x93\xe8\x80\x85","\xe6\x8a\x80\xe8\xa1\x93\xe7\x9a\x84",
    "\xe6\x8a\x80\xe8\xa1\x93\xe6\x9c\xac\xe9\x83\xa8","\xe8\xad\xb0\xe4\xba\x8b\xe9\x8c\xb2",
    "\xe7\x8a\xa0\xe7\x89\xb2","\xe7\x8a\xa0\xe7\x89\xb2\xe8\x80\x85",
    "\xe8\xad\xb0\xe9\xa1\x8c","\xe8\xad\xb0\xe9\x95\xb7","\xe5\xb2\x90\xe9\x98\x9c",
    "\xe6\x8a\x80\xe6\xb3\x95","\xe6\xb0\x97\xe5\x91\xb3","\xe7\xbe\xa9\xe5\x8b\x99",
    "\xe7\x96\x91\xe5\x95\x8f","\xe7\x96\x91\xe5\x95\x8f\xe8\xa6\x96",
    "\xe7\x96\x91\xe5\x95\x8f\xe7\x82\xb9","\xe9\x80\x86","\xe8\x99\x90",
    "\xe9\x80\x86\xe9\x96\xa2\xe6\x95\xb0","\xe9\x80\x86\xe8\xa5\xb2",
    "\xe9\x80\x86\xe4\xb8\x8a","\xe9\x80\x86\xe8\xa1\x8c","\xe7\x89\x9b",
    "\xe7\x89\x9b\xe4\xb9\xb3","\xe9\xad\x9a","\xe5\xbe\xa1","\xe7\xa6\xa6","\xe6\xbc\x81",
    "\xe8\xa1\x8c","\xe4\xbb\xb0","\xe6\xa5\xad","\xe6\x9a\x81","\xe5\xb0\xad","\xe5\x87\x9d",
    "\xe5\xbd\xa2","\xe6\xa5\xad\xe7\x95\x8c","\xe6\xa5\xad\xe8\x80\x85",
    "\xe8\xa1\x8c\xe6\x95\xb0","\xe6\xa5\xad\xe7\xb8\xbe","\xe6\xa5\xad\xe5\x8b\x99",
    "\xe8\xa1\x8c\xe7\x9b\xae","\xe8\xa1\x8c\xe5\x88\x97","\xe7\x8e\x89",
    "\xe9\xad\x9a\xe9\x9b\xb7","\xe5\x84\x80\xe7\xa4\xbc","\xe8\xad\xb0\xe8\xab\x96",
    "\xe9\x8a\x80","\xe5\x90\x9f","\xe9\x8a\x80\xe6\xb2\xb3",
    "\xe9\x8a\x80\xe6\xb2\xb3\xe7\xb3\xbb","\xe9\x8a\x80\xe6\xb2\xb3\xe5\x9c\xb0\xe5\x9b\xb3",
    "\xe9\x8a\x80\xe8\xa1\x8c","\xe9\x8a\x80\xe5\xba\xa7","\xe5\x8f\xa3","\xe8\x8b\xa6",
    "\xe5\xb7\xa5","\xe9\xa7\x92","\xe9\xa7\x88","\xe9\xa7\x86","\xe8\xba\xaf","\xe7\x9f\xa9",
    "\xe6\x9d\xad","\xe7\xa9\xba","\xe7\xa9\xba\xe9\x96\x93",
    "\xe7\xa9\xba\xe9\x96\x93\xe4\xb8\xad","\xe7\xa9\xba\xe6\xb0\x97",
    "\xe7\xa9\xba\xe8\x99\x9a","\xe7\xa9\xba\xe6\xb8\xaf",
    "\xe7\xa9\xba\xe9\x9b\x86\xe5\x90\x88","\xe7\xa9\xba\xe5\xb8\xad",
    "\xe7\xa9\xba\xe8\xaa\xbf","\xe7\xa9\xba\xe7\x99\xbd","\xe7\xa9\xba\xe5\x88\x97",
    "\xe5\x8c\xba\xe7\x94\xbb","\xe5\x8c\xba\xe9\x96\x93","\xe8\x8c\x8e",
    "\xe5\x8c\xba\xe5\x88\x87","\xe7\x9f\xa9\xe5\xbd\xa2","\xe8\x8d\x89",
    "\xe4\xb9\x85\xe5\x9d\x82","\xe9\x8e\x96","\xe6\xab\x9b","\xe4\xb8\xb2",
    "\xe9\xa7\x86\xe4\xbd\xbf","\xe9\x87\xa7\xe8\xb7\xaf","\xe8\x8b\xa6\xe5\xbf\x83",
    "\xe8\x8b\xa6\xe6\x83\x85","\xe9\xaf\xa8","\xe6\xa5\xa0","\xe6\xa5\xa0","\xe8\x96\xac",
    "\xe5\xb1\x91","\xe7\xb3\x9e","\xe7\xae\xa1","\xe4\xb9\x9d\xe6\xae\xb5","\xe5\x8f\xa3",
    "\xe5\x8f\xa3\xe3\x80\x85","\xe5\x94\x87","\xe5\x8f\xa3\xe7\xac\x9b",
    "\xe8\x8b\xa6\xe8\x8c\xb6","\xe5\x8f\xa3\xe8\xaa\xbf","\xe5\xb1\x88\xe6\x8a\x98",
    "\xe9\x9d\xb4","\xe6\x8e\x98","\xe6\xb2\x93","\xe7\xaa\x9f","\xe5\xb1\x88",
    "\xe8\x8b\xa6\xe7\x97\x9b","\xe8\xbd\xa1","\xe5\x8f\xa5\xe8\xaa\xad\xe7\x82\xb9",
    "\xe9\xa7\x86\xe5\x8b\x95","\xe5\xb7\xa5\xe8\x97\xa4",
    "\xe9\xa7\x86\xe5\x8b\x95\xe8\xbc\xaa","\xe5\x9b\xbd","\xe9\x82\xa6","\xe5\x9c\x8b",
    "\xe5\x9b\xbd\xe6\x98\xad","\xe5\x9b\xbd\xe5\x90\x89","\xe9\xa6\x96",
    "\xe5\xb7\xa5\xe5\xa4\xab","\xe5\x8c\xba\xe5\x88\x86","\xe5\x8c\xba\xe5\x88\xa5",
    "\xe7\xaa\xaa","\xe4\xb9\x85\xe4\xbf\x9d","\xe4\xb9\x85\xe4\xbf\x9d\xe7\x94\xb0",
    "\xe7\x86\x8a","\xe9\x9a\x88","\xe7\x86\x8a\xe8\xb0\xb7","\xe7\x86\x8a\xe8\xb0\xb7",
    "\xe7\x86\x8a\xe6\x9c\xac","\xe7\xb5\x84","\xe7\xb5\x84\xe5\x90\x88",
    "\xe4\xb9\x85\xe7\xbe\x8e\xe5\xad\x90","\xe7\xb2\x82","\xe9\x9b\xb2",
    "\xe8\x9c\x98\xe8\x9b\x9b","\xe6\x9b\x87","\xe8\x94\xb5","\xe5\x80\x89","\xe4\xbd\x8d",
    "\xe5\x80\x89\xe6\x95\xb7","\xe5\x80\xb6\xe6\xa5\xbd\xe9\x83\xa8","\xe7\xb9\xb0",
    "\xe6\xa0\x97","\xe8\xbb\x8a","\xe7\xb4\x85","\xe9\xbb\x92","\xe8\x8b\xa6\xe5\x8a\xb4",
    "\xe9\xbb\x92\xe9\xab\xaa","\xe9\xbb\x92\xe5\xb7\x9d","\xe9\xbb\x92\xe5\xad\x90",
    "\xe9\xbb\x92\xe5\x9d\x82","\xe9\xbb\x92\xe6\x98\x9f","\xe9\xbb\x92\xe6\x9d\xbe",
    "\xe9\xbb\x92\xe4\xb8\xb8","\xe2\x97\x8f","\xe9\x8d\xac","\xe6\xa1\x91",
    "\xe6\xa1\x91\xe5\x8e\x9f","\xe5\x90\x9b","\xe8\xa8\x93","\xe8\x96\xab","\xe5\x8b\xb2",
    "\xe8\xa8\x93\xe4\xbb\xa4\xe5\xbc\x8f","\xe8\xa8\x93\xe7\xb7\xb4","\xe8\x99\x9e",
    "\xe6\x84\x9a","\xe5\x85\xb7","\xe5\x80\xb6","\xe5\x85\xb7\xe5\x90\x88","\xe9\x9a\x85",
    "\xe9\x81\x87","\xe5\xaf\x93","\xe5\x81\xb6","\xe5\xae\xae","\xe5\x81\xb6\xe5\xa5\x87",
    "\xe5\x81\xb6\xe5\xa5\x87\xe6\x80\xa7","\xe5\x81\xb6\xe7\x84\xb6",
    "\xe5\x85\xb7\xe8\xb1\xa1\xe5\x8c\x96","\xe5\x85\xb7\xe4\xbd\x93",
    "\xe5\x85\xb7\xe4\xbd\x93\xe7\x9a\x84","\xe5\x85\xb7\xe4\xbd\x93\xe4\xbe\x8b",
    "\xe6\x84\x9a\xe7\x97\xb4","\xe6\x84\x9a\xe8\x83\xbd","\xe5\x85\xb7\xe5\x82\x99",
    "\xe7\xb5\x84","\xe4\xbd\x8d","\xe7\xbe\xa4","\xe9\x83\xa1","\xe8\xbb\x8d",
    "\xe9\x83\xa1\xe5\x8f\xb8","\xe8\xbb\x8d\xe9\x9a\x8a","\xe7\xbe\xa4\xe9\xa6\xac",
    "\xe5\x8c\x96","\xe5\xae\xb6","\xe6\x80\xaa","\xe7\xa5\x81","\xe8\xa2\x88","\xe5\x8d\xa6",
    "\xe6\xaf\x9b","\xe6\xb0\x97","\xe5\xbd\xa2","\xe5\x9e\x8b","\xe7\xb3\xbb","\xe5\x85\x84",
    "\xe8\xa8\x88","\xe7\xb6\x99","\xe6\x81\xb5","\xe8\xbb\xbd","\xe6\x95\xac\xe6\x84\x8f",
    "\xe7\xb5\x8c\xe7\xb7\xaf","\xe7\xb5\x8c\xe5\x96\xb6","\xe6\x85\xb6\xe6\x87\x89",
    "\xe6\x85\xb6\xe5\xbf\x9c","\xe6\x85\xb6\xe5\xbf\x9c\xe5\xa4\xa7",
    "\xe7\xb5\x8c\xe9\x81\x8e","\xe8\xad\xa6\xe6\x88\x92","\xe8\xa8\x88\xe7\x94\xbb",
    "\xe8\xad\xa6\xe5\xae\x98","\xe6\x95\xac\xe5\x85\xb7","\xe7\xb5\x8c\xe9\xa8\x93",
    "\xe8\xbb\xbd\xe6\xb8\x9b","\xe7\xa8\xbd\xe5\x8f\xa4","\xe5\x82\xbe\xe5\x90\x91",
    "\xe8\xad\xa6\xe5\x91\x8a","\xe6\x8e\xb2\xe8\xbc\x89","\xe8\xad\xa6\xe5\xaf\x9f",
    "\xe8\xa8\x88\xe7\xae\x97","\xe8\xa8\x88\xe7\xae\x97\xe6\xa9\x9f",
    "\xe8\xa8\x88\xe7\xae\x97\xe6\xa9\x9f\xe7\xa7\x91\xe5\xad\xa6",
    "\xe8\xa8\x88\xe7\xae\x97\xe6\xa9\x9f\xe5\xae\xa4",
    "\xe8\xa8\x88\xe7\xae\x97\xe8\xa6\x8f\xe5\x89\x87",
    "\xe8\xa8\x88\xe7\xae\x97\xe7\xb5\x90\xe6\x9e\x9c","\xe8\xa8\x88\xe7\xae\x97\xe6\xb3\x95",
    "\xe8\xa8\x88\xe7\xae\x97\xe6\x96\xb9\xe6\xb3\x95","\xe8\xa8\x88\xe7\xae\x97\xe9\x87\x8f",
    "\xe7\xb5\x8c\xe6\xb8\x88","\xe5\xbd\xa2\xe5\xbc\x8f",
    "\xe5\xbd\xa2\xe5\xbc\x8f\xe5\x8c\x96","\xe5\xbd\xa2\xe5\xbc\x8f\xe7\x9a\x84",
    "\xe5\x82\xbe\xe6\x96\x9c","\xe7\xb6\x99\xe6\x89\xbf","\xe6\x95\xac\xe7\xa7\xb0",
    "\xe5\x88\x91\xe4\xba\x8b","\xe6\x8e\xb2\xe7\xa4\xba","\xe8\xa8\x88\xe6\x99\x82",
    "\xe8\xbb\xbd\xe8\x87\xaa\xe5\x8b\x95\xe8\xbb\x8a","\xe6\x8e\xb2\xe7\xa4\xba\xe6\x9d\xbf",
    "\xe5\x9c\xad\xe6\xa8\xb9","\xe5\xbd\xa2\xe7\x8a\xb6","\xe4\xbf\x82\xe6\x95\xb0",
    "\xe5\xbd\xa2\xe6\x88\x90","\xe5\xbd\xa2\xe8\xb7\xa1","\xe7\xbd\xab\xe7\xb7\x9a",
    "\xe2\x94\xb4","\xe2\x94\xa4","\xe2\x94\xbc","\xe2\x94\x98","\xe2\x94\xac","\xe2\x94\x9c",
    "\xe2\x94\x94","\xe8\xbb\xbd\xe8\xa3\x85","\xe8\xa8\x88\xe6\xb8\xac",
    "\xe6\x95\xac\xe4\xb8\x89","\xe7\xb6\x99\xe7\xb6\x9a",
    "\xe7\xb6\x99\xe7\xb6\x9a\xe7\x9a\x84","\xe5\xbd\xa2\xe6\x85\x8b",
    "\xe6\x85\xb6\xe5\xa4\xa7","\xe7\xb3\xbb\xe7\xb5\xb1",
    "\xe7\xb3\xbb\xe7\xb5\xb1\xe7\x9a\x84","\xe7\xb5\x8c\xe8\xb2\xbb",
    "\xe4\xba\xac\xe6\xb5\x9c","\xe5\x95\x93\xe8\x92\x99","\xe5\xa5\x91\xe7\xb4\x84",
    "\xe5\xa5\x91\xe7\xb4\x84\xe6\x9b\xb8","\xe7\xb5\x8c\xe7\x94\xb1",
    "\xe4\xba\xac\xe8\x91\x89","\xe7\xb5\x8c\xe7\x90\x86","\xe8\xa8\x88\xe9\x87\x8f",
    "\xe8\xa8\x88\xe9\x87\x8f\xe7\x9a\x84","\xe7\xb5\x8c\xe6\xad\xb4",
    "\xe7\xb3\xbb\xe5\x88\x97","\xe7\x97\x99\xe6\x94\xa3","\xe7\xb5\x8c\xe8\xb7\xaf",
    "\xe6\x80\xaa\xe6\x88\x91","\xe4\xbb\x8a\xe6\x9c\x9d","\xe8\xa2\x88\xe8\xa3\x9f",
    "\xe6\x99\xaf\xe8\x89\xb2","\xe5\x8c\x96\xe7\xb2\xa7",
    "\xe5\x8c\x96\xe7\xb2\xa7\xe7\xae\xb1","\xe5\x8c\x96\xe8\xba\xab","\xe6\xa1\x81",
    "\xe7\xb5\x90\xe6\x9e\x9c","\xe8\xa1\x80\xe7\xae\xa1","\xe7\xb5\x90\xe5\xb1\x80",
    "\xe7\xb5\x90\xe6\xa7\x8b","\xe7\xb5\x90\xe5\xa9\x9a",
    "\xe7\xb5\x90\xe5\xa9\x9a\xe5\xbc\x8f","\xe5\x82\x91\xe4\xbd\x9c",
    "\xe6\xb1\xba\xe5\xbf\x83","\xe6\xac\xa0\xe5\xb8\xad",
    "\xe6\xac\xa0\xe5\xb8\xad\xe6\x97\xa5\xe6\x95\xb0","\xe6\xac\xa0\xe6\x90\x8d",
    "\xe7\xb5\x90\xe7\x9d\x80","\xe6\xb1\xba\xe5\xae\x9a","\xe6\xac\xa0\xe7\x82\xb9",
    "\xe6\xbd\x94\xe7\x99\xbd","\xe7\xa9\xb4","\xe6\xb1\xba","\xe7\xb5\x90","\xe8\xa8\xa3",
    "\xe8\xa1\x80","\xe6\xbd\x94","\xe6\xac\xa0","\xe5\x82\x91","\xe8\xa1\x80\xe5\x9c\xa7",
    "\xe7\xb5\x90\xe8\xaa\x9e","\xe7\xb5\x90\xe5\x90\x88",
    "\xe7\xb5\x90\xe5\x90\x88\xe6\xb3\x95\xe5\x89\x87","\xe6\xac\xa0\xe5\xa6\x82",
    "\xe7\xb5\x90\xe8\xab\x96","\xe6\xb0\x97\xe9\x85\x8d",
    "\xe6\xa4\x9c\xe8\xa6\x8b\xe5\xb7\x9d","\xe7\x85\x99","\xe7\x85\x99","\xe7\x8d\xa3",
    "\xe8\xa6\x8b","\xe9\x96\x93","\xe4\xbb\xb6","\xe7\xa0\x94","\xe8\x82\xa9","\xe7\x8a\xac",
    "\xe5\xab\x8c","\xe9\x8d\xb5","\xe6\x87\xb8\xe6\xa1\x88","\xe6\xa8\xa9\xe5\xa8\x81",
    "\xe5\x81\xa5\xe4\xb8\x80","\xe5\x96\xa7\xe5\x98\xa9","\xe8\xa6\x8b\xe8\xa7\xa3",
    "\xe5\x96\xa7\xe5\x98\xa9\xe4\xb8\x8a\xe6\x89\x8b","\xe8\xa6\x8b\xe5\xad\xa6",
    "\xe7\xa0\x94\xe7\xa9\xb6","\xe7\xa0\x94\xe7\xa9\xb6\xe5\x93\xa1",
    "\xe7\xa0\x94\xe7\xa9\xb6\xe7\xa7\x91","\xe7\xa0\x94\xe7\xa9\xb6\xe4\xbc\x9a",
    "\xe7\xa0\x94\xe7\xa9\xb6\xe5\xae\xa4","\xe7\xa0\x94\xe7\xa9\xb6\xe8\x80\x85",
    "\xe7\xa0\x94\xe7\xa9\xb6\xe6\x89\x80","\xe7\xa0\x94\xe7\xa9\xb6\xe6\x89\x80",
    "\xe7\xa0\x94\xe7\xa9\xb6\xe8\xb2\xbb","\xe6\xa8\xa9\xe9\x99\x90",
    "\xe5\x81\xa5\xe5\xba\xb7","\xe5\x81\xa5\xe5\xba\xb7\xe8\xa8\xba\xe6\x96\xad",
    "\xe6\xa4\x9c\xe6\x9f\xbb","\xe6\xa4\x9c\xe7\xb4\xa2","\xe7\x8a\xac\xe6\xad\xaf",
    "\xe7\xa0\x94\xe4\xbf\xae","\xe7\xa0\x94\xe4\xbf\xae\xe7\x94\x9f",
    "\xe6\xa4\x9c\xe5\x87\xba","\xe6\xa4\x9c\xe8\xa8\xbc",
    "\xe6\xa4\x9c\xe8\xa8\xbc\xe7\xb3\xbb","\xe5\x81\xa5\xe4\xba\x8c",
    "\xe8\xac\x99\xe8\xad\xb2","\xe8\xac\x99\xe8\xad\xb2\xe8\xaa\x9e",
    "\xe5\xbb\xba\xe8\xa8\xad","\xe5\xbb\xba\xe8\xa8\xad\xe7\x9a\x84",
    "\xe5\x96\xa7\xe5\x99\xaa","\xe5\xbb\xba\xe9\x80\xa0\xe7\x89\xa9",
    "\xe5\x81\xa5\xe5\xa4\xaa\xe9\x83\x8e","\xe6\xa4\x9c\xe7\x9f\xa5",
    "\xe8\xa6\x8b\xe5\x9c\xb0","\xe5\xbb\xba\xe7\xaf\x89","\xe9\xa1\x95\xe8\x91\x97",
    "\xe6\xa4\x9c\xe8\xa8\x8e","\xe8\xa6\x8b\xe5\xbd\x93",
    "\xe6\xa4\x9c\xe8\xa8\x8e\xe4\xb8\xad","\xe7\x9c\x8c\xe5\x86\x85",
    "\xe5\x85\xbc\xe4\xbb\xbb","\xe9\xa1\x95\xe5\xbe\xae\xe9\x8f\xa1",
    "\xe8\xa6\x8b\xe7\x89\xa9","\xe7\x9c\x8c\xe6\xb0\x91","\xe5\x85\xbc\xe5\x8b\x99",
    "\xe6\x87\xb8\xe5\x91\xbd","\xe8\xb3\xa2\xe6\x98\x8e","\xe6\xa8\xa9\xe5\x88\xa9",
    "\xe5\x9c\x8f\xe8\xab\x96","\xe4\xb8\x8b","\xe5\xa4\x96","\xe8\xa7\xa3","\xe9\xaf\xa8",
    "\xe8\xbf\x8e","\xe8\x8a\xb8","\xe7\x8c\x8a","\xe7\x8c\x8a\xe4\xb8\x8b",
    "\xe8\x8a\xb8\xe8\xa1\x93","\xe6\xbf\x80","\xe9\x9a\x99","\xe6\x92\x83","\xe6\x88\x9f",
    "\xe5\x8a\x87","\xe5\x8a\x87\xe5\xa0\xb4","\xe5\x8a\x87\xe7\x9a\x84",
    "\xe6\xbf\x80\xe7\xaa\x81","\xe6\x92\x83\xe7\xa0\xb4","\xe4\xb8\x8b\xe8\xbb\x8a",
    "\xe4\xb8\x8b\xe5\xae\xbf","\xe4\xb8\x8b\xe6\x97\xac","\xe6\x9c\x88\xe5\x88\x8a",
    "\xe6\x9c\x88\xe5\x85\x89","\xe6\x9c\x88\xe6\xad\xa9","\xe6\x9c\x88",
    "\xe6\x9c\x88\xe6\x9b\x9c","\xe6\x9c\x88\xe6\x9b\x9c\xe6\x97\xa5","\xe8\xa8\x80",
    "\xe5\x85\x83","\xe7\x8f\xbe","\xe5\x8e\x9f","\xe9\x99\x90","\xe8\xab\xba","\xe8\x88\xb7",
    "\xe7\xb5\x83","\xe5\x8e\x9f\xe6\xa1\x88","\xe5\x8e\x9f\xe5\x9b\xa0",
    "\xe5\x8e\x9f\xe5\x9b\xa0\xe4\xb8\x8d\xe6\x98\x8e","\xe9\x99\x90\xe7\x95\x8c",
    "\xe5\x85\x83\xe6\xb0\x97","\xe8\xa8\x80\xe5\x8f\x8a","\xe5\x85\x83\xe5\x87\xb6",
    "\xe7\x8f\xbe\xe9\x87\x91","\xe5\x8e\x9f\xe7\xa8\xbf","\xe7\x8f\xbe\xe8\xa1\x8c",
    "\xe8\xa8\x80\xe8\xaa\x9e","\xe5\x8e\x9f\xe4\xbd\x9c","\xe7\x8f\xbe\xe5\x9c\xa8",
    "\xe7\x8f\xbe\xe5\x9c\xa8\xe4\xbd\x8d\xe7\xbd\xae","\xe5\x8e\x9f\xe5\xad\x90",
    "\xe5\x8e\x9f\xe5\xad\x90\xe6\xa0\xb8","\xe5\x8e\xb3\xe5\xae\x88",
    "\xe5\x8e\x9f\xe6\x9b\xb8","\xe7\x8f\xbe\xe8\xb1\xa1","\xe6\xb8\x9b\xe5\xb0\x91",
    "\xe5\x8e\x9f\xe5\xad\x90\xe5\x8a\x9b","\xe7\x8f\xbe\xe5\xae\x9f",
    "\xe7\x8f\xbe\xe5\xae\x9f\xe7\x9a\x84","\xe7\x8f\xbe\xe6\x99\x82\xe7\x82\xb9",
    "\xe5\x8e\xb3\xe9\x87\x8d","\xe7\x8f\xbe\xe7\x8a\xb6","\xe7\x8f\xbe\xe5\xa0\xb4",
    "\xe5\x8e\x9f\xe5\x89\x87","\xe7\x8f\xbe\xe5\xad\x98","\xe7\x8f\xbe\xe4\xbb\xa3",
    "\xe7\x8f\xbe\xe5\x9c\xb0","\xe5\x8e\x9f\xe8\x91\x97","\xe9\x99\x90\xe5\xae\x9a",
    "\xe5\x8e\x9f\xe7\x82\xb9","\xe9\x99\x90\xe5\xba\xa6","\xe7\x8f\xbe\xe5\xa0\xb4",
    "\xe5\x8e\x9f\xe7\x99\xba","\xe5\x8e\x9f\xe6\x96\x87","\xe6\xba\x90\xe5\xb9\xb3",
    "\xe5\x8e\x9f\xe6\x9c\xac","\xe7\x8e\x84\xe7\xb1\xb3","\xe5\x8e\xb3\xe5\xaf\x86",
    "\xe5\x8e\x9f\xe7\x90\x86","\xe5\x8e\x9f\xe7\x90\x86\xe7\x9a\x84",
    "\xe9\x99\x90\xe9\x87\x8f","\xe8\x99\x9a","\xe5\xad\x90","\xe5\x80\x8b","\xe9\x9b\x87",
    "\xe9\xbc\x93","\xe9\xa1\xa7","\xe9\x88\xb7","\xe8\xb7\xa8","\xe5\xb0\x8f\xe7\xb6\xb2",
    "\xe6\x81\x8b","\xe9\xaf\x89","\xe6\x95\x85\xe6\x84\x8f","\xe5\xb0\x8f\xe7\x9f\xb3",
    "\xe6\x81\x8b\xe4\xba\xba","\xe8\xa1\x8c","\xe5\xbe\x8c","\xe5\xba\x83","\xe5\x8f\xa3",
    "\xe5\xa5\xbd","\xe9\xa0\x85","\xe5\x85\x89","\xe5\x90\x91","\xe8\x80\x83\xe6\xa1\x88",
    "\xe8\xa1\x8c\xe7\x82\xba","\xe5\xa5\xbd\xe6\x84\x8f","\xe5\xba\x83\xe5\x9f\x9f",
    "\xe5\xbe\x8c\xe9\x81\xba\xe7\x97\x87","\xe6\xb5\xa9\xe4\xb8\x80",
    "\xe5\xba\xb7\xe4\xb8\x80","\xe5\xad\x9d\xe4\xb8\x80","\xe5\xb9\xb8\xe9\x81\x8b",
    "\xe8\xac\x9b\xe6\xbc\x94","\xe5\x85\xac\xe5\x9c\x92","\xe5\x85\xac\xe6\xbc\x94",
    "\xe8\xac\x9b\xe6\xbc\x94\xe4\xbc\x9a","\xe9\xab\x98\xe5\x86\x86\xe5\xaf\xba",
    "\xe5\x8a\xb9\xe6\x9e\x9c","\xe9\xab\x98\xe6\x9e\xb6","\xe5\xb7\xa5\xe7\xa7\x91",
    "\xe5\x85\xac\xe9\x96\x8b","\xe5\xbe\x8c\xe6\x82\x94","\xe9\xab\x98\xe9\x9a\x8e",
    "\xe9\xab\x98\xe9\x9a\x8e\xe8\xab\x96\xe7\x90\x86",
    "\xe9\xa0\x85\xe6\x9b\xb8\xe6\x8f\x9b\xe3\x81\x88",
    "\xe9\xab\x98\xe6\x9e\xb6\xe7\xb7\x9a\xe8\xb7\xaf","\xe4\xba\xa4\xe6\x8f\x9b",
    "\xe9\xa0\x85\xe9\x96\xa2\xe4\xbf\x82","\xe6\xa2\x97\xe6\xa6\x82",
    "\xe5\xb7\xa5\xe5\xad\xa6","\xe5\xb7\xa5\xe5\xad\xa6\xe7\xa7\x91",
    "\xe5\xb7\xa5\xe5\xad\xa6\xe5\x8d\x9a\xe5\xa3\xab","\xe5\xb7\xa5\xe5\xad\xa6\xe9\x83\xa8",
    "\xe5\xb7\xa5\xe5\xad\xa6\xe7\xa7\x91","\xe5\xbe\x8c\xe6\x9c\x9f",
    "\xe5\xbe\x8c\xe8\xa8\x98","\xe5\xa5\xbd\xe5\xa5\x87\xe5\xbf\x83",
    "\xe5\x8e\x9a\xe5\x90\x89","\xe9\xab\x98\xe7\xb4\x9a","\xe4\xba\xa4\xe9\x9f\xbf",
    "\xe5\x85\xac\xe5\x85\xb1","\xe4\xba\xa4\xe9\x9f\xbf\xe6\x9b\xb2",
    "\xe6\x8a\x97\xe8\xad\xb0","\xe8\xac\x9b\xe7\xbe\xa9","\xe8\x88\x88\xe6\xa5\xad",
    "\xe5\xb7\xa5\xe6\xa5\xad","\xe8\x88\xaa\xe7\xa9\xba","\xe5\xb7\xa5\xe5\x85\xb7",
    "\xe5\x85\x89\xe6\x99\xaf","\xe5\xbe\x8c\xe7\xb6\x99\xe8\x80\x85",
    "\xe8\xb2\xa2\xe7\x8c\xae","\xe6\x94\xbb\xe6\x92\x83","\xe9\xab\x98\xe6\xa0\xa1",
    "\xe8\x88\xaa\xe8\xa1\x8c","\xe9\xab\x98\xe6\xa0\xa1\xe7\x94\x9f",
    "\xe5\xba\x83\xe5\x91\x8a","\xe4\xba\xa4\xe4\xba\x92","\xe7\x9a\x87\xe5\x90\x8e",
    "\xe4\xba\xa4\xe5\xb7\xae","\xe8\x80\x95\xe4\xbd\x9c","\xe8\x80\x83\xe5\xaf\x9f",
    "\xe5\x8f\xa3\xe5\xba\xa7","\xe8\xac\x9b\xe5\xba\xa7","\xe9\x89\xb1\xe5\xb1\xb1",
    "\xe8\xac\x9b\xe5\xb8\xab","\xe6\xa0\xbc\xe5\xad\x90","\xe8\xac\x9b\xe5\xa3\xab",
    "\xe5\x85\xac\xe5\xbc\x8f","\xe5\x85\x89\xe5\xad\x90\xe9\xad\x9a\xe9\x9b\xb7",
    "\xe7\x9a\x87\xe5\xae\xa4","\xe6\xa0\xbc\xe5\xad\x90\xe7\x82\xb9",
    "\xe5\xbe\x8c\xe8\x80\x85","\xe5\x85\xac\xe7\xa4\xbe","\xe6\xa0\xa1\xe8\x88\x8e",
    "\xe8\xac\x9b\xe7\xbf\x92","\xe5\x85\xac\xe8\xa1\x86",
    "\xe8\xac\x9b\xe7\xbf\x92\xe4\xbc\x9a","\xe4\xba\xa4\xe6\xb8\x89",
    "\xe6\x9b\xb4\xe6\x96\xb0","\xe4\xba\xa4\xe4\xbf\xa1","\xe9\xba\xb9",
    "\xe5\xad\x9d\xe4\xba\x8c","\xe9\xab\x98\xe6\xac\xa1","\xe5\xb7\xa5\xe4\xba\x8b",
    "\xe5\x8f\xa3\xe5\xae\x9f","\xe5\xbe\x8c\xe8\xbf\xb0","\xe5\xb7\xa5\xe5\xa0\xb4",
    "\xe5\x90\x91\xe4\xb8\x8a","\xe9\xab\x98\xe6\xb0\xb4\xe4\xbd\x8d",
    "\xe5\xb7\xa5\xe6\x95\xb0","\xe6\xa7\x8b\xe5\x9b\xb3","\xe6\xa7\x8b\xe6\x88\x90",
    "\xe6\x9b\xb4\xe7\x94\x9f","\xe5\xbe\x8c\xe4\xb8\x96","\xe6\xa0\xa1\xe6\xad\xa3",
    "\xe6\x81\x92\xe6\x98\x9f","\xe6\xa7\x8b\xe6\x88\x90\xe8\xa6\x8f\xe5\x89\x87",
    "\xe6\x81\x92\xe6\x98\x9f\xe7\xb3\xbb","\xe6\xa7\x8b\xe6\x88\x90\xe5\xad\x90",
    "\xe6\xa7\x8b\xe6\x88\x90\xe7\x9a\x84","\xe9\xab\x98\xe6\x80\xa7\xe8\x83\xbd",
    "\xe6\xa7\x8b\xe6\x88\x90\xe8\xa6\x81\xe7\xb4\xa0","\xe9\xab\x98\xe5\xb0\x82",
    "\xe5\x85\x89\xe7\xb7\x9a","\xe9\xab\x98\xe5\xb1\xa4","\xe9\xab\x98\xe9\x80\x9f",
    "\xe6\x8b\x98\xe6\x9d\x9f","\xe9\xab\x98\xe9\x80\x9f\xe5\x8c\x96",
    "\xe6\xa7\x8b\xe9\x80\xa0","\xe6\xa7\x8b\xe9\x80\xa0\xe4\xbd\x93",
    "\xe6\xa7\x8b\xe9\x80\xa0\xe7\x9a\x84","\xe5\xb0\x8f\xe5\x94\x84",
    "\xe4\xba\xa4\xe4\xbb\xa3","\xe5\xb7\xa5\xe5\xa4\xa7",
    "\xe8\xac\x9b\xe8\xab\x87\xe7\xa4\xbe","\xe9\xab\x98\xe7\x9f\xa5",
    "\xe6\xa7\x8b\xe7\xaf\x89","\xe7\xb4\x85\xe8\x8c\xb6","\xe5\xa5\xbd\xe8\xaa\xbf",
    "\xe6\xa0\xa1\xe9\x95\xb7","\xe6\xa0\xa1\xe9\x95\xb7\xe5\xae\xa4",
    "\xe4\xba\xa4\xe9\x80\x9a","\xe4\xba\xa4\xe9\x80\x9a\xe5\x85\xac\xe7\xa4\xbe",
    "\xe4\xba\xa4\xe9\x80\x9a\xe8\xb2\xbb","\xe5\xa5\xbd\xe9\x83\xbd\xe5\x90\x88",
    "\xe8\x82\xaf\xe5\xae\x9a","\xe9\xab\x98\xe4\xbd\x8e","\xe5\xb7\xa5\xe7\xa8\x8b",
    "\xe4\xba\xa4\xe7\x82\xb9","\xe5\x85\x89\xe9\x9b\xbb","\xe9\xab\x98\xe7\xad\x89",
    "\xe6\x81\x92\xe7\xad\x89","\xe5\xbe\x8c\xe9\xa0\xad",
    "\xe6\xb1\x9f\xe6\x9d\xb1\xe5\x8c\xba","\xe5\xbe\x8c\xe9\xa0\xad\xe9\x83\xa8",
    "\xe9\xab\x98\xe5\xba\xa6","\xe8\xa1\x8c\xe5\x8b\x95","\xe8\xac\x9b\xe5\xa0\x82",
    "\xe8\xac\x9b\xe8\xaa\xad","\xe8\xb3\xbc\xe5\x85\xa5","\xe6\xb2\xb3\xe9\x87\x8e",
    "\xe5\xbe\x8c\xe8\xbc\xa9","\xe8\x8d\x92\xe5\xbb\x83","\xe5\xb7\xa5\xe5\x8d\x9a",
    "\xe5\xbe\x8c\xe5\x8d\x8a","\xe5\x85\xac\xe5\x80\x8d","\xe6\xa0\xa1\xe8\xb2\xbb",
    "\xe5\x85\xac\xe8\xa1\xa8","\xe5\xa5\xbd\xe8\xa9\x95","\xe8\xac\x9b\xe8\xa9\x95",
    "\xe7\x94\xb2\xe5\xba\x9c","\xe4\xba\xa4\xe4\xbb\x98","\xe5\xb9\xb8\xe7\xa6\x8f",
    "\xe7\x94\xb2\xe5\xba\x9c\xe5\xb8\x82","\xe6\xa7\x8b\xe6\x96\x87",
    "\xe6\xa7\x8b\xe6\x96\x87\xe8\xa6\x8f\xe5\x89\x87","\xe9\xab\x98\xe5\x88\x86\xe5\xad\x90",
    "\xe6\xa7\x8b\xe6\x96\x87\xe8\xab\x96","\xe5\x85\xac\xe5\xb9\xb3","\xe9\xa0\xad",
    "\xe7\xa5\x9e\xe6\x88\xb8","\xe5\x80\x99\xe8\xa3\x9c","\xe5\xba\x83\xe5\xa0\xb1",
    "\xe5\x80\x99\xe8\xa3\x9c\xe8\x80\x85","\xe5\x85\xac\xe5\x8b\x9f",
    "\xe5\xb7\xa7\xe5\xa6\x99","\xe5\x85\xac\xe5\x8b\x99",
    "\xe5\x85\xac\xe5\x8b\x99\xe5\x93\xa1","\xe9\xa0\x85\xe7\x9b\xae",
    "\xe8\x8d\x92\xe9\x87\x8e","\xe7\xb4\x85\xe8\x91\x89","\xe5\x8a\xb9\xe7\x94\xa8",
    "\xe5\xbe\x8c\xe6\xa5\xbd\xe5\x9c\x92","\xe5\x85\xac\xe7\x90\x86",
    "\xe5\x85\xac\xe7\x90\x86\xe7\xb3\xbb","\xe5\x8a\xb9\xe7\x8e\x87",
    "\xe5\x8a\xb9\xe7\x8e\x87\xe7\x9a\x84","\xe4\xba\xa4\xe6\xb5\x81",
    "\xe8\x80\x83\xe6\x85\xae","\xe8\x8d\x92\xe6\xb6\xbc","\xe8\x88\xaa\xe8\xb7\xaf",
    "\xe5\xa3\xb0","\xe8\xb6\x8a","\xe8\x82\xa5","\xe6\xb0\xb7","\xe5\xb0\x8f\xe5\x9e\x8b",
    "\xe5\x91\xbc\xe5\x90\xb8","\xe5\x91\xbc\xe5\x90\xb8\xe9\x9f\xb3","\xe5\x9b\xbd",
    "\xe9\xbb\x92","\xe9\xb5\xa0","\xe9\x85\xb7","\xe7\xa9\x80","\xe5\x91\x8a","\xe5\x88\xbb",
    "\xe5\x85\x8b","\xe5\x9b\xbd\xe7\x8e\x8b","\xe5\x9b\xbd\xe5\x85\xac\xe7\xab\x8b",
    "\xe5\x9b\xbd\xe8\xaa\x9e","\xe5\x9b\xbd\xe8\xaa\x9e\xe8\xbe\x9e\xe5\x85\xb8",
    "\xe5\x9b\xbd\xe9\x9a\x9b","\xe5\x9b\xbd\xe9\x9a\x9b\xe4\xbc\x9a\xe8\xad\xb0",
    "\xe5\x9b\xbd\xe9\x9a\x9b\xe7\xa0\x94","\xe5\x9b\xbd\xe9\x9a\x9b\xe8\x89\xb2",
    "\xe5\x9b\xbd\xe9\x89\x84","\xe5\x9b\xbd\xe9\x81\x93","\xe5\x9b\xbd\xe5\x86\x85",
    "\xe9\xbb\x92\xe6\x9d\xbf","\xe9\xbb\x92\xe7\x99\xbd",
    "\xe5\x9b\xbd\xe5\x88\x86\xe7\x94\xba","\xe5\x9b\xbd\xe6\xb0\x91",
    "\xe5\x9b\xbd\xe7\xab\x8b","\xe5\x80\x8b\xe3\x80\x85","\xe5\xbf\x83\xe5\x9c\xb0",
    "\xe4\xb9\x9d","\xe5\xbf\x83","\xe5\xbf\x97","\xe5\x8f\xa4\xe4\xbb\x8a",
    "\xe5\xb0\x8f\xe5\xa3\xb0","\xe5\xb0\x8f\xe9\x9b\xa8","\xe8\x85\xb0","\xe7\x94\x91",
    "\xe5\x80\x8b\xe5\xae\xa4","\xe6\x95\x85\xe9\x9a\x9c",
    "\xe6\x95\x85\xe9\x9a\x9c\xe4\xb8\xad","\xe8\xaa\x87\xe7\xa4\xba",
    "\xe5\xb0\x8f\xe5\xb3\xb6","\xe5\x85\x90\xe5\xb3\xb6","\xe5\x80\x8b\xe4\xba\xba",
    "\xe5\x80\x8b\xe4\xba\xba\xe6\x83\x85\xe5\xa0\xb1","\xe5\x80\x8b\xe4\xba\xba\xe7\x9a\x84",
    "\xe5\x80\x8b\xe6\x95\xb0","\xe5\x80\x8b\xe6\x80\xa7","\xe6\x88\xb8\xe7\xb1\x8d",
    "\xe6\x88\xb8\xe7\xb1\x8d\xe8\xac\x84\xe6\x9c\xac","\xe5\xb0\x8f\xe9\x8a\xad",
    "\xe7\xad\x94","\xe7\x82\xac\xe7\x87\xb5","\xe5\xb0\x8f\xe8\xb0\xb7",
    "\xe5\x9b\xbd\xe5\xae\xb6","\xef\xbc\x89","\xe3\x80\x91","\xef\xbc\xbd","\xe9\xaa\xa8",
    "\xe6\x83\x9a","\xe5\xbf\xbd","\xe5\x9b\xba\xe5\xae\x9a",
    "\xe5\x9b\xba\xe5\xae\x9a\xe7\x9a\x84","\xe4\xba\x8b","\xe7\x90\xb4","\xe7\x95\xb0",
    "\xe8\xa8\x80","\xe6\xae\x8a","\xe4\xba\x8b\xe6\x9f\x84","\xe4\xbb\x8a\xe5\xb9\xb4",
    "\xe8\xa8\x80\xe8\x91\x89","\xe5\xaf\xbf","\xe5\xb0\x8f\xe9\xb3\xa5",
    "\xe5\xad\x90\xe4\xbe\x9b","\xe5\xb0\x8f\xe4\xba\xba","\xe7\xb2\x89",
    "\xe7\x90\xa5\xe7\x8f\x80","\xe5\xb0\x8f\xe6\x98\xa5","\xe5\xb0\x8f\xe6\xa9\x8b",
    "\xe5\xb0\x8f\xe6\x9e\x97","\xe6\x8b\xb3","\xe5\x80\x8b\xe5\x88\xa5","\xe7\xb4\xb0",
    "\xe9\xa7\x92","\xe7\x8b\x9b","\xe7\x8b\x9b","\xe9\xa7\x92\xe8\xbe\xbc",
    "\xe9\xa7\x92\xe6\xb2\xa2","\xe5\xb0\x8f\xe6\x9d\xbe",
    "\xe5\xb0\x8f\xe6\x9d\xbe\xe7\x94\xb0","\xe5\xb0\x8f\xe6\x9d\xbe\xe5\x8e\x9f",
    "\xe9\xa7\x92\xe5\xa0\xb4","\xe7\xb4\xb0\xe7\x9b\xae","\xe8\xbe\xbc","\xe8\xbe\xbc",
    "\xe5\x8f\xa4\xe6\x9d\x91","\xe7\xb1\xb3","\xe5\xb0\x8f\xe6\x96\x87\xe5\xad\x97",
    "\xe9\xa1\xa7\xe5\x95\x8f","\xe5\xb0\x8f\xe5\xb1\xb1","\xe5\x9b\xba\xe6\x9c\x89",
    "\xe5\x80\x8b\xe6\x9c\x89","\xe6\x9a\xa6","\xe6\xad\xa4","\xe9\xa0\x83","\xe8\xa1\xa3",
    "\xe5\xa3\xb0","\xe5\xa3\xb0\xe9\x9f\xb3","\xe4\xbb\x8a","\xe9\x87\x91","\xe6\xb7\xb7",
    "\xe6\xa0\xb9","\xe9\xad\x82","\xe8\x89\xae","\xe7\xb4\xba","\xe7\x97\x95",
    "\xe4\xbb\x8a\xe5\x9b\x9e","\xe6\xa0\xb9\xe6\xb0\x97","\xe6\xa0\xb9\xe6\x8b\xa0",
    "\xe4\xbb\x8a\xe6\x9c\x88","\xe4\xbb\x8a\xe6\x9c\x88\xe5\x8f\xb7",
    "\xe4\xbb\x8a\xe6\x9c\x88\xe4\xb8\xad","\xe6\xa0\xb9\xe6\xba\x90",
    "\xe4\xbb\x8a\xe5\xbe\x8c","\xe6\xb7\xb7\xe5\x9c\xa8","\xe6\xb7\xb7\xe9\x9b\x91",
    "\xe4\xbb\x8a\xe9\x80\xb1","\xe6\x87\x87\xe8\xa6\xaa","\xe6\xa0\xb9\xe6\x80\xa7",
    "\xe6\xb7\xb7\xe6\x88\x90","\xe6\x87\x87\xe8\xab\x87\xe4\xbc\x9a",
    "\xe4\xbb\x8a\xe5\xba\xa6","\xe6\xb7\xb7\xe5\x90\x8c","\xe5\x9b\xb0\xe9\x9b\xa3",
    "\xe4\xbb\x8a\xe6\x97\xa5","\xe4\xbb\x8a\xe5\xb9\xb4",
    "\xe4\xbb\x8a\xe5\xb9\xb4\xe5\xba\xa6","\xe4\xbb\x8a\xe6\x99\xa9",
    "\xe6\xa0\xb9\xe6\x9c\xac","\xe4\xbb\x8a\xe5\xa4\x9c","\xe6\xb7\xb7\xe4\xb9\xb1",
    "\xe5\x9b\xb0\xe6\x83\x91","\xe5\xbe\x8c","\xe8\xaa\x9e","\xe5\xbe\xa1","\xe8\xaa\xa4",
    "\xe9\x86\x90","\xe8\xad\xb7","\xe7\xa2\x81","\xe7\x91\x9a",
    "\xe5\xbe\xa1\xe6\xa1\x88\xe5\x86\x85","\xe8\xaa\x9e\xe5\xbd\x99",
    "\xe5\xbe\xa1\xe6\x84\x8f\xe8\xa6\x8b","\xe5\x90\x88","\xe5\x8f\xb7","\xe5\xbc\xb7",
    "\xe8\xbd\x9f","\xe8\xb1\xaa","\xe6\xbf\xa0","\xe6\x8b\xb7","\xe5\xa3\x95",
    "\xe5\x90\x88\xe6\x84\x8f","\xe5\xbc\xb7\xe5\xbc\x95","\xe5\x90\x88\xe6\xa0\xbc",
    "\xe5\x8f\xb7\xe9\xa4\xa8","\xe5\x90\x88\xe8\xa8\x88","\xe5\x8f\xb7\xe5\xae\xa4",
    "\xe5\x90\x88\xe6\x88\x90","\xe5\xbc\xb7\xe7\x9b\x97","\xe5\x90\x88\xe5\x90\x8c",
    "\xe5\x82\xb2\xe6\x85\xa2","\xe5\x90\x88\xe7\x90\x86\xe5\x8c\x96",
    "\xe5\x90\x88\xe6\xb5\x81","\xe5\xa3\xb0","\xe8\xaa\xa4\xe8\xa7\xa3",
    "\xe4\xba\x92\xe6\x8f\x9b","\xe4\xba\x92\xe6\x8f\x9b\xe6\x80\xa7",
    "\xe8\xaa\x9e\xe5\xad\xa6","\xe7\x8d\x84","\xe6\xa5\xb5","\xe6\xa5\xb5\xe7\xa7\x98",
    "\xe5\xbe\xa1\xe8\x8b\xa6\xe5\x8a\xb4","\xe5\x8d\x88\xe5\xbe\x8c",
    "\xe5\xbe\xa1\xe5\x87\xba\xe5\xb8\xad","\xe8\xaa\xa4\xe6\xa4\x8d",
    "\xe5\xbe\x8c\xe6\x97\xa5","\xe8\xaa\x9e\xe9\xa0\x86","\xe4\xba\x92\xe9\x99\xa4",
    "\xe5\xbe\xa1\xe5\x8a\xa9\xe8\xa8\x80","\xe5\x8d\x88\xe5\x89\x8d",
    "\xe5\x8d\x88\xe5\x89\x8d\xe4\xb8\xad","\xe5\xbe\xa1\xe5\xad\x98\xe7\x9f\xa5",
    "\xe6\xaf\x8e","\xe5\xbe\x8c\xe8\x97\xa4","\xe5\xbe\xa1\xe9\xa3\xaf",
    "\xe4\xba\x94\xe7\xa6\x8f","\xe5\xbe\xa1\xe7\x84\xa1\xe6\xb2\x99\xe6\xb1\xb0",
    "\xe5\xbe\xa1\xe8\xbf\x94\xe4\xba\x8b","\xe5\xbe\xa1\xe8\xbf\xb7\xe6\x83\x91",
    "\xe5\xbe\xa1\xe5\x85\x8d","\xe5\xbe\xa1\xe7\x94\xa8",
    "\xe5\xbe\xa1\xe8\xa6\x81\xe6\x9c\x9b","\xe5\xa8\xaf\xe6\xa5\xbd",
    "\xe5\xbe\xa1\xe8\xa6\xa7","\xe5\xbe\xa1\xe9\x99\xb5","\xe9\xa0\x83",
    "\xe8\xaa\x9e\xe5\x91\x82","\xe8\xa8\x80","\xe6\xa8\xa9","\xe8\xa8\x80\xe8\xaa\x9e",
    "\xe8\xa8\x80\xe8\xaa\x9e\xe9\x81\x93\xe6\x96\xad","\xe5\xb7\xae","\xe5\xb7\xa6",
    "\xe8\x8c\xb6","\xe8\xa3\x9f","\xe9\x8e\x96","\xe8\xa9\x90","\xe7\xa0\x82","\xe7\x91\xb3",
    "\xe9\x9a\x9b","\xe6\x9c\x80","\xe6\xad\xb3","\xe6\x89\x8d","\xe8\xa5\xbf","\xe5\x86\x8d",
    "\xe5\xa6\xbb","\xe8\xbc\x89","\xe6\x9c\x80\xe6\x82\xaa",
    "\xe6\x9c\x80\xe4\xb8\x8b\xe4\xbd\x8d","\xe5\x86\x8d\xe9\x96\x8b",
    "\xe7\x81\xbd\xe5\xae\xb3","\xe5\x86\x8d\xe5\xb8\xb0",
    "\xe5\x86\x8d\xe5\xb8\xb0\xe7\x9a\x84","\xe6\x9c\x80\xe5\xbc\xb7",
    "\xe6\x9c\x80\xe8\xbf\x91","\xe7\xb4\xb0\xe8\x8f\x8c","\xe7\xb4\xb0\xe5\xb7\xa5",
    "\xe5\x86\x8d\xe8\xa6\x8b","\xe5\x86\x8d\xe6\xa4\x9c\xe6\x9f\xbb",
    "\xe5\x86\x8d\xe7\x8f\xbe","\xe6\x9c\x80\xe9\xab\x98","\xe5\x86\x8d\xe8\x80\x83",
    "\xe5\x86\x8d\xe6\xa7\x8b\xe6\x88\x90","\xe6\x9c\x80\xe5\xbe\x8c",
    "\xe6\x9c\x80\xe7\xb5\x82","\xe6\x9c\x80\xe7\xb5\x82\xe5\x9b\x9e",
    "\xe6\x9c\x80\xe7\xb5\x82\xe7\x9a\x84","\xe6\x9c\x80\xe5\x88\x9d",
    "\xe6\x9c\x80\xe5\xb0\x91","\xe6\x9c\x80\xe5\xb0\x8f",
    "\xe6\x9c\x80\xe5\xb0\x8f\xe9\x99\x90","\xe6\x9c\x80\xe5\xb0\x8f\xe5\x80\xa4",
    "\xe5\xbd\xa9\xe8\x89\xb2","\xe6\x9c\x80\xe6\x96\xb0","\xe7\xb4\xb0\xe5\xbf\x83",
    "\xe6\x9c\x80\xe6\x96\xb0\xe9\x8b\xad","\xe6\x9c\x80\xe6\x96\xb0\xe7\x89\x88",
    "\xe7\xa5\xad\xe6\x97\xa5","\xe8\xa5\xbf\xe6\x9d\xa1",
    "\xe6\x9c\x80\xe4\xb8\x8a\xe4\xbd\x8d","\xe5\x86\x8d\xe7\x94\x9f",
    "\xe7\xb4\xb0\xe7\xb7\x9a","\xe7\xb4\xb0\xe7\xb7\x9a\xe5\x8c\x96",
    "\xe6\x9c\x80\xe5\x96\x84","\xe5\x86\x8d\xe9\x80\x81","\xe5\x82\xac\xe4\xbf\x83",
    "\xe5\x9f\xbc\xe7\x8e\x89","\xe6\x9c\x80\xe7\x9f\xad","\xe6\x9c\x80\xe5\xa4\xa7",
    "\xe6\x9c\x80\xe5\xa4\xa7\xe9\x99\x90","\xe6\x9c\x80\xe5\xa4\xa7\xe5\x80\xa4",
    "\xe6\x9c\x80\xe4\xb8\xad","\xe6\x9c\x80\xe4\xbd\x8e",
    "\xe6\x9c\x80\xe4\xbd\x8e\xe9\x99\x90","\xe6\x9c\x80\xe9\x81\xa9",
    "\xe6\x9c\x80\xe9\x81\xa9\xe5\x8c\x96","\xe6\x8e\xa1\xe7\x82\xb9",
    "\xe6\x96\x89\xe8\x97\xa4","\xe6\x96\x8e\xe8\x97\xa4","\xe9\xbd\x8b\xe8\x97\xa4",
    "\xe5\x86\x8d\xe5\xba\xa6","\xe5\x86\x8d\xe9\x85\x8d\xe5\xb8\x83",
    "\xe5\x86\x8d\xe7\x99\xba","\xe8\xb2\xa1\xe5\xb8\x83","\xe7\xb4\xb0\xe9\x83\xa8",
    "\xe7\xb4\xb0\xe5\x88\x86","\xe7\xb4\xb0\xe8\x83\x9e",
    "\xe6\x9c\x80\xe5\x84\xaa\xe5\x85\x88","\xe6\x8e\xa1\xe7\x94\xa8",
    "\xe6\x9c\x80\xe8\x89\xaf","\xe5\x86\x8d\xe5\x88\xa9\xe7\x94\xa8","\xe7\xab\xbf",
    "\xe9\x85\x92","\xe5\x9d\x82","\xe9\x98\xaa","\xe9\x80\x86","\xe5\xa0\xba","\xe5\xa2\x83",
    "\xe9\x85\x92\xe4\xba\x95","\xe5\x9d\x82\xe4\xba\x95","\xe6\xa0\x84",
    "\xe9\x98\xaa\xe5\xb0\xbe","\xe6\xa6\x8a","\xe6\xa6\x8a\xe5\x8e\x9f","\xe9\x80\x86",
    "\xe6\x9d\xaf","\xe5\x9d\x82\xe7\x94\xb0","\xe9\xad\x9a","\xe8\x82\xb4",
    "\xe5\x9d\x82\xe6\x9d\x91","\xe5\x9d\x82\xe6\x9c\xac","\xe9\x85\x92\xe5\xb1\x8b",
    "\xe6\x80\xa7","\xe4\xbd\x90\xe8\xb3\x80","\xe5\xb5\xaf\xe5\xb3\xa8",
    "\xe7\x9b\xb8\xe6\xa8\xa1\xe5\x8e\x9f","\xe4\xbd\x90\xe5\xb7\x9d",
    "\xe4\xbd\x90\xe5\xb7\x9d\xe6\x80\xa5\xe4\xbe\xbf","\xe5\x85\x88","\xe7\xa2\x95",
    "\xe5\x9f\xbc","\xe5\xb4\x8e","\xe5\x92\xb2","\xe5\xb5\x9c","\xe5\x85\x88\xe9\xa0\x83",
    "\xe5\x85\x88\xe7\xa8\x8b","\xe5\xb7\xa6\xe4\xba\xac","\xe9\xb7\xba",
    "\xe4\xbd\x9c\xe6\xa5\xad","\xe4\xbd\x9c","\xe5\x86\x8a","\xe9\x8c\xaf","\xe7\xb4\xa2",
    "\xe7\xad\x96","\xe7\xaa\x84","\xe6\x9f\xb5","\xe6\x9c\x94","\xe7\xb4\xa2\xe5\xbc\x95",
    "\xe9\x8c\xaf\xe8\xaa\xa4","\xe7\xb4\xa2\xe5\xb8\xab","\xe4\xbd\x9c\xe8\xa9\xa9",
    "\xe4\xbd\x9c\xe8\x80\x85","\xe6\x98\xa8\xe6\x97\xa5","\xe5\x89\x8a\xe9\x99\xa4",
    "\xe4\xbd\x9c\xe6\x88\x90","\xe4\xbd\x9c\xe6\x88\x90\xe8\x80\x85",
    "\xe4\xbd\x9c\xe6\x88\x90\xe6\x97\xa5","\xe9\x8c\xaf\xe7\xb6\x9c",
    "\xe6\x98\xa8\xe5\xb9\xb4","\xe6\x98\xa8\xe6\x99\xa9","\xe4\xbd\x9c\xe5\x93\x81",
    "\xe4\xbd\x9c\xe8\xad\x9c","\xe4\xbd\x9c\xe8\xad\x9c\xe8\x80\x85",
    "\xe4\xbd\x90\xe4\xb9\x85\xe9\x96\x93","\xe6\x98\xa8\xe5\xa4\x9c","\xe6\xa1\x9c",
    "\xe6\xa1\x9c\xe4\xba\x95","\xe9\x85\x92","\xe9\xae\xad","\xe8\xbf\xab",
    "\xe9\x85\x92\xe5\x8c\x82","\xe7\xac\xb9","\xe4\xba\x9b\xe7\xb4\xb0",
    "\xe4\xbd\x90\xe3\x80\x85\xe6\x9c\xa8","\xe5\xb7\xae\xe5\x87\xba\xe4\xba\xba",
    "\xe5\x8c\x99","\xe6\xb2\x99\xe6\xb1\xb0","\xe8\xb2\x9e","\xe5\xae\x9a\xe6\x96\xb9",
    "\xe5\xb9\xb8","\xe6\x97\xa9","\xe4\xbd\x9c\xe5\xae\xb6","\xe6\xae\xba\xe6\xb0\x97",
    "\xe4\xbd\x9c\xe6\x9b\xb2","\xe6\xae\xba\xe8\x8f\x8c","\xe6\x97\xa9\xe9\x80\x9f",
    "\xe5\xaf\x9f\xe7\x9f\xa5","\xe6\x9c\xad\xe5\xb9\x8c","\xe6\x9c\xad","\xe5\x86\x8a",
    "\xe6\x93\xa6","\xe8\x96\xa9","\xe6\xae\xba","\xe6\x92\xae","\xe6\x8b\xb6","\xe5\xaf\x9f",
    "\xe7\x9a\x90","\xe6\x9c\xad\xe6\x9d\x9f","\xe9\x87\x8c","\xe6\x99\xba",
    "\xe4\xbd\x90\xe8\x97\xa4","\xe7\xa0\x82\xe7\xb3\x96","\xe8\x81\xa1","\xe9\x81\x94",
    "\xe4\xbd\x9c\xe5\x8b\x95","\xe4\xbd\x9c\xe5\x8b\x95\xe4\xb8\xad",
    "\xe6\x9f\xbb\xe8\xaa\xad","\xe8\x8c\xb6\xe9\xa3\xaf\xe4\xba\x8b","\xe9\xaf\x96",
    "\xe9\x8c\x86","\xe5\xaf\x82","\xe5\xb7\xae\xe5\x88\x86","\xe5\xb7\xa6\xe8\xbe\xba",
    "\xe4\xbd\x9c\xe6\xb3\x95","\xe6\xa7\x98","\xe6\xa7\x98\xe3\x80\x85","\xe5\xa3\xab",
    "\xe4\xbe\x8d","\xe9\xae\xab","\xe5\xb7\xa6\xe5\x8f\xb3",
    "\xe5\xb7\xa6\xe5\x8f\xb3\xe5\xaf\xbe\xe7\xa7\xb0","\xe4\xbd\x9c\xe7\x94\xa8",
    "\xe6\x9b\xb4","\xe7\x9a\xbf","\xe6\x99\x92","\xe7\x8c\xbf","\xe6\xbe\xa4","\xe6\xb2\xa2",
    "\xe6\xb2\xa2\xe7\x94\xb0","\xe6\xb2\xa2\xe6\x9d\x91","\xe5\xb1\xb1","\xe4\xb8\x89",
    "\xe6\x95\xa3","\xe9\xa4\x90","\xe9\x85\xb8","\xe8\xb3\x9b","\xe8\xae\x83","\xe8\x9a\x95",
    "\xe5\x8f\x82\xe5\x8a\xa0","\xe4\xb8\x89\xe9\x9a\x8e","\xe2\x96\xbd",
    "\xe5\x8f\x82\xe5\x8a\xa0\xe8\x80\x85","\xe4\xb8\x89\xe6\x9c\x88",
    "\xe7\x94\xa3\xe6\xa5\xad","\xe4\xb8\x89\xe8\xbb\x92\xe8\x8c\xb6\xe5\xb1\x8b",
    "\xe5\x8f\x82\xe8\x80\x83","\xe5\x8f\x82\xe8\x80\x83\xe8\xb3\x87\xe6\x96\x99",
    "\xe5\x8f\x82\xe8\x80\x83\xe6\x96\x87\xe7\x8c\xae","\xe7\x8f\x8a\xe7\x91\x9a",
    "\xe4\xb8\x89\xe8\x80\x85","\xe5\x8f\x82\xe7\x85\xa7","\xe5\x8f\x82\xe4\xba\x8b",
    "\xe4\xb8\x89\xe9\x8a\x83\xe5\xa3\xab","\xe7\xae\x97\xe8\xa1\x93",
    "\xe7\xae\x97\xe6\x95\xb0","\xe8\xb3\x9b\xe6\x88\x90","\xe5\xb1\xb1\xe9\xa0\x82",
    "\xe5\x8f\x82\xe5\x85\xa5","\xe4\xb8\x89\xe4\xba\xba\xe7\xb5\x84",
    "\xe4\xb8\x89\xe5\xb9\xb4","\xe5\xb1\xb1\xe7\x8e\x8b",
    "\xe4\xb8\x89\xe7\x95\xaa\xe7\x94\xba","\xe4\xb8\x89\xe6\x8b\x8d",
    "\xe6\x95\xa3\xe9\xab\xaa","\xe6\x95\xa3\xe7\x99\xba","\xe4\xb8\x89\xe9\x83\xa8",
    "\xe7\xae\x97\xe8\xad\x9c","\xe6\x95\xa3\xe6\xad\xa9","\xe7\xae\x97\xe6\xb3\x95",
    "\xe4\xb8\x89\xe5\x90\x8d","\xe5\x8f\x82\xe4\xb8\x8e","\xe4\xb8\x89\xe9\x99\xb8",
    "\xe5\xb1\xb1\xe9\xba\x93","\xe5\xba\xa7","\xe6\x8c\xab","\xe5\x9d\x90","\xe8\xb2\xa1",
    "\xe5\x9c\xa8","\xe7\xbd\xaa","\xe6\x9d\x90","\xe5\x89\xa4","\xe6\xb8\x88",
    "\xe5\x9c\xa8\xe5\xad\xa6","\xe8\xb2\xa1\xe5\xbd\xa2","\xe5\x9c\xa8\xe5\xba\xab",
    "\xe8\xb2\xa1\xe7\x94\xa3","\xe5\x9c\xa8\xe8\x81\xb7","\xe5\x9c\xa8\xe7\xb1\x8d",
    "\xe8\xb2\xa1\xe5\x9b\xa3","\xe8\xb2\xa1\xe5\x9b\xa3\xe6\xb3\x95\xe4\xba\xba",
    "\xe8\xb2\xa1\xe5\x8b\x99","\xe6\x9d\x90\xe6\x96\x99","\xe5\xb4\x8e",
    "\xe6\xb2\x99\xe6\xb1\xb0","\xe5\xba\xa7\xe9\x95\xb7","\xe9\x9b\x91\xe8\xaa\x8c",
    "\xe9\x9b\x91\xe8\x8d\x89","\xe9\x9b\x91\xe8\xb8\x8f","\xe9\x9b\x91\xe7\xa0\xb4",
    "\xe9\x9b\x91","\xe9\x9b\x91\xe9\x9f\xb3","\xe9\x9b\x91\xe7\x94\xa8",
    "\xe5\xba\xa7\xe6\xa8\x99","\xe5\xba\xa7\xe6\xa8\x99\xe7\xb3\xbb",
    "\xe5\xba\xa7\xe6\xa8\x99\xe5\xa4\x89\xe6\x8f\x9b","\xe6\xb2\xa2","\xe6\xae\x8b",
    "\xe6\x9a\xab","\xe6\x96\xac","\xe6\xae\x8b\xe9\xaa\xb8","\xe6\xae\x8b\xe9\xa1\x8d",
    "\xe6\xae\x8b\xe6\xa5\xad","\xe6\xae\x8b\xe6\x9a\x91",
    "\xe6\xae\x8b\xe5\xbc\xbe\xe6\x95\xb0","\xe6\x9a\xab\xe5\xae\x9a",
    "\xe6\xae\x8b\xe5\xbf\xb5","\xe6\xae\x8b\xe9\x87\x8f","\xe7\xa7\x81","\xe5\xad\x90",
    "\xe6\xb0\x8f","\xe6\x8c\x87","\xe7\xb4\x99","\xe8\xa6\x97","\xe4\xbd\xbf","\xe8\xaa\x8c",
    "\xe8\xa9\xa6\xe5\x90\x88","\xe4\xbb\x95\xe4\xb8\x8a","\xe6\x80\x9d\xe6\xa1\x88",
    "\xe8\xa9\xa6\xe6\xa1\x88","\xe6\xa4\x8e","\xe6\xa4\x8e\xe5\x90\x8d",
    "\xe6\xa4\x8e\xe9\x87\x8e","\xe5\xad\x90\xe9\x9f\xb3","\xe6\x94\xaf\xe6\x8f\xb4",
    "\xe6\x94\xaf\xe6\x8f\xb4\xe7\xb3\xbb","\xe6\xb1\x90","\xe5\xa1\xa9","\xe6\xbd\xae",
    "\xe6\xb1\x90\xe9\xa2\xa8","\xe6\xbd\xae\xe9\xa2\xa8","\xe5\xa1\xa9\xe7\x94\xb0",
    "\xe9\xb9\xbf","\xe6\xad\xaf\xe7\xa7\x91","\xe5\x8f\xb8\xe4\xbc\x9a",
    "\xe5\x8f\xb8\xe4\xbc\x9a\xe8\x80\x85","\xe8\xb3\x87\xe6\xa0\xbc",
    "\xe8\xa6\x96\xe8\xa6\x9a","\xe5\x9b\x9b\xe8\xa7\x92","\xe2\x96\xa0","\xe2\x96\xa1",
    "\xe4\xbb\x95\xe6\x8e\x9b","\xe4\xbb\x95\xe6\x96\xb9","\xe5\xbc\x9b\xe7\xb7\xa9",
    "\xe5\xb8\x82\xe5\xa4\x96","\xe6\xad\xaf\xe5\xad\xa6\xe9\x83\xa8",
    "\xe5\xbf\x97\xe9\xa1\x98","\xe8\x89\xb2","\xe5\xbc\x8f","\xe6\x8b\xad","\xe8\xad\x98",
    "\xe6\x8c\x87\xe6\x8f\xae","\xe6\x95\xb7","\xe7\xb9\x94","\xe5\xbc\x8f\xe5\xa0\xb4",
    "\xe8\xad\x98\xe5\x88\xa5","\xe8\xad\x98\xe5\x88\xa5\xe5\xad\x90",
    "\xe8\x87\xb3\xe6\x80\xa5","\xe6\x94\xaf\xe7\xb5\xa6","\xe9\xb4\xab",
    "\xe8\xa9\xa6\xe9\xa8\x93","\xe7\xa7\x81\xe8\xa6\x8b","\xe6\xbb\x8b","\xe8\x8c\x82",
    "\xe9\x87\x8d","\xe6\xbb\x8b\xe6\xa8\xb9","\xe8\x8c\x82\xe6\xa8\xb9",
    "\xe5\x88\xba\xe6\xbf\x80","\xe8\x8c\x82","\xe6\xbb\x8b","\xe8\xb3\x87\xe6\xba\x90",
    "\xe6\x8c\x87\xe5\x90\x91","\xe6\x80\x9d\xe8\x80\x83","\xe6\x96\xbd\xe8\xa1\x8c",
    "\xe5\x9b\x9b\xe5\x9b\xbd","\xe6\xad\xbb\xe5\xbe\x8c","\xe4\xbb\x95\xe4\xba\x8b",
    "\xe8\xa9\xa6\xe4\xbd\x9c","\xe8\xa6\x96\xe5\xaf\x9f","\xe8\xb3\x87\xe7\x94\xa3",
    "\xe8\xb3\x87\xe7\x94\xa3\xe5\xae\xb6","\xe5\xae\x8d","\xe8\xb3\x87\xe8\xb3\xaa",
    "\xe6\x94\xaf\xe7\xa4\xbe","\xe6\xad\xbb\xe8\x80\x85","\xe6\x94\xaf\xe6\x89\x80",
    "\xe6\x94\xaf\xe9\x9a\x9c","\xe7\xa7\x81\xe6\x9b\xb8\xe7\xae\xb1",
    "\xe7\xa7\x81\xe4\xbf\xa1","\xe6\x8c\x87\xe9\x87\x9d","\xe6\x8c\x87\xe7\xa4\xba",
    "\xe6\x94\xaf\xe6\x8c\x81","\xe5\x8f\xb2\xe4\xb8\x8a","\xe5\xb8\x82\xe4\xb8\x8a",
    "\xe8\xa9\xa9\xe4\xba\xba","\xe6\x8c\x87\xe6\x95\xb0","\xe9\x9d\x99",
    "\xe9\x9d\x99\xe9\x9b\x84","\xe9\x9d\x99\xe5\xb2\xa1",
    "\xe9\x9d\x99\xe5\xb2\xa1\xe5\xa4\xa7","\xe9\x9d\x99\xe5\xb2\xa1\xe5\xa4\xa7\xe5\xad\xa6",
    "\xe9\x9d\x99\xe9\xa6\x99","\xe9\x9b\xab","\xe6\xbb\xb4","\xe9\x9d\x99\xe8\xb0\xb7",
    "\xe5\xa7\xbf\xe5\x8b\xa2","\xe6\x96\xbd\xe8\xa8\xad","\xe8\x87\xaa\xe7\x84\xb6",
    "\xe8\x87\xaa\xe7\x84\xb6\xe6\x95\xb0","\xe8\x87\xaa\xe7\x84\xb6\xe6\x95\xb0\xe5\xbc\x8f",
    "\xe6\x80\x9d\xe6\x83\xb3","\xe5\x9b\x9b\xe5\x89\x87","\xe4\xb8\x8b","\xe8\x88\x8c",
    "\xe2\x86\x93","\xe6\xad\xbb\xe4\xbd\x93","\xe4\xb8\x8b\xe8\xa6\x8b",
    "\xe6\xac\xa1\xe7\xac\xac","\xe8\xb3\xaa","\xe4\xb8\x83",
    "\xe8\xa6\x96\xe8\x81\xb4\xe8\xa6\x9a","\xe5\xa4\xb1\xe6\x95\x97",
    "\xe5\x9f\xb7\xe7\xad\x86","\xe5\xa4\xb1","\xe8\xb3\xaa","\xe7\x96\xbe","\xe6\xbc\x86",
    "\xe6\xb9\xbf","\xe6\x82\x89","\xe5\xae\xa4","\xe5\xab\x89","\xe5\xae\xa4\xe9\x95\xb7",
    "\xe5\xae\xa4\xe5\x86\x85","\xe5\xa4\xb1\xe6\x9c\x9b","\xe8\xb3\xaa\xe5\x95\x8f",
    "\xe8\xb3\xaa\xe5\x95\x8f\xe8\x80\x85","\xe5\xa4\xb1\xe7\xa4\xbc",
    "\xe5\xa4\xb1\xe6\x81\x8b","\xe6\x8c\x87\xe5\xae\x9a","\xe6\x8c\x87\xe6\x91\x98",
    "\xe7\xa7\x81\xe7\x9a\x84","\xe7\xa7\x81\xe9\x89\x84","\xe6\x94\xaf\xe5\xba\x97",
    "\xe5\xa7\x8b\xe7\x82\xb9","\xe8\xa6\x96\xe7\x82\xb9","\xe8\x94\x80",
    "\xe6\x8c\x87\xe5\xb0\x8e","\xe6\x8c\x87\xe5\xb0\x8e\xe5\x93\xa1",
    "\xe6\x8c\x87\xe5\xb0\x8e\xe6\x95\x99\xe5\xae\x98","\xe6\x8c\x87\xe5\xb0\x8e\xe8\x80\x85",
    "\xe5\x93\x81","\xe6\x94\xaf\xe9\x82\xa3","\xe7\xa7\x91","\xe5\xb8\x82\xe5\x86\x85",
    "\xe5\x93\x81\xe5\xb7\x9d","\xe5\x93\x81\xe7\x89\xa9","\xe8\x87\xb3\xe9\x9b\xa3",
    "\xe7\xaf\xa0","\xe7\xb4\xab\xe4\xb9\x83","\xe4\xb8\x8d\xe5\xbf\x8d",
    "\xe6\x94\xaf\xe9\x85\x8d","\xe8\x8a\x9d","\xe6\x9f\xb4","\xe8\x8a\x9d\xe6\xb5\xa6",
    "\xe8\x8a\x9d\xe5\x85\xac\xe5\x9c\x92","\xe5\xb1\xa1","\xe6\x9f\xb4\xe7\x94\xb0",
    "\xe6\x9f\xb4\xe5\xb1\xb1","\xe7\xa7\x81\xe8\xb2\xbb","\xe6\xb8\x8b",
    "\xe6\x94\xaf\xe9\x83\xa8","\xe6\xb8\x8b\xe8\xb0\xb7","\xe7\xb4\x99\xe5\xb9\xa3",
    "\xe8\x95\x8a","\xe7\xb4\xab\xe5\xb3\xb0","\xe8\xb3\x87\xe6\x9c\xac",
    "\xe6\xad\xbb\xe4\xba\xa1","\xe8\x84\x82\xe8\x82\xaa",
    "\xe8\x84\x82\xe8\x82\xaa\xe7\xb4\xb0\xe8\x83\x9e","\xe7\xb8\x9e","\xe5\xb6\x8b",
    "\xe5\xb3\xb6","\xe5\xa7\x89\xe5\xa6\xb9","\xe5\xb3\xb6\xe5\x86\x85",
    "\xe5\xb3\xb6\xe7\x94\xb0","\xe5\xb3\xb6\xe6\xa0\xb9","\xe5\xb3\xb6\xe6\x9d\x91",
    "\xe6\xb8\x85\xe6\xb0\xb4","\xe6\xb0\x8f\xe5\x90\x8d","\xe7\xb7\xa0\xe5\x88\x87",
    "\xe4\xb8\x8b","\xe9\x9c\x9c","\xe4\xb8\x8b\xe5\x8c\x97","\xe4\xb8\x8b\xe7\x94\xb0",
    "\xe4\xb8\x8b\xe5\xb9\xb3","\xe4\xb8\x8b\xe6\x89\x8b","\xe8\xbb\x8a","\xe8\x80\x85",
    "\xe7\xa4\xbe","\xe7\x85\xae","\xe5\x86\x99","\xe6\x96\x9c","\xe9\x81\xae","\xe8\xac\x9d",
    "\xe7\xa4\xbe\xe5\x93\xa1","\xe7\xa4\xbe\xe4\xbc\x9a","\xe7\xa4\xbe\xe5\xa4\x96",
    "\xe8\xac\x9d\xe9\x87\x91","\xe6\x98\x94","\xe9\x8c\xab","\xe9\x87\x88","\xe9\x85\x8c",
    "\xe7\x88\xb5","\xe7\x81\xbc","\xe6\x9d\x93","\xe5\xb0\xba","\xe9\x87\x88\xe7\x84\xb6",
    "\xe6\x8a\x98\xe4\xbc\x8f","\xe5\x80\x9f\xe7\x94\xa8",
    "\xe5\x80\x9f\xe7\x94\xa8\xe6\x9b\xb8","\xe5\xb0\x84\xe6\x92\x83",
    "\xe8\xbb\x8a\xe6\x8e\x8c","\xe6\x8d\xa8\xe8\xb1\xa1","\xe5\x86\x99\xe6\xa4\x8d",
    "\xe5\x86\x99\xe7\x9c\x9f","\xe8\xac\x9d\xe8\xbe\x9e","\xe5\x86\x99\xe5\x83\x8f",
    "\xe7\xa4\xbe\xe5\x9b\xa3","\xe7\xa4\xbe\xe9\x95\xb7","\xe7\xa4\xbe\xe5\x86\x85",
    "\xe8\xbb\x8a\xe4\xb8\xa1","\xe4\xb8\x8a\xe6\xb5\xb7","\xe6\x89\x8b","\xe4\xb8\xbb",
    "\xe7\xa8\xae","\xe4\xbf\xae","\xe9\xa6\x96","\xe9\x85\x92","\xe5\x8f\x96","\xe8\xb6\xa3",
    "\xe9\x9b\x86","\xe4\xbf\xae","\xe9\x80\xb1","\xe7\xa7\x8b","\xe7\xa5\x9d","\xe6\x8b\xbe",
    "\xe7\xbf\x92","\xe9\x86\x9c","\xe5\x91\xa8\xe5\x9b\xb2",
    "\xe9\x9b\x86\xe8\x8b\xb1\xe7\xa4\xbe","\xe9\x9b\x86\xe4\xbc\x9a",
    "\xe9\x80\xb1\xe9\x96\x93","\xe5\xae\x97\xe6\x95\x99","\xe7\xa5\x9d\xe5\x84\x80",
    "\xe9\x9b\x86\xe8\xa8\x88","\xe7\xb5\x82\xe7\xb5\x90","\xe9\x9b\x86\xe5\x90\x88",
    "\xe9\x9b\x86\xe5\x90\x88\xe5\x9e\x8b","\xe9\x9b\x86\xe5\x90\x88\xe5\xa0\xb4\xe6\x89\x80",
    "\xe9\x9b\x86\xe5\x90\x88\xe8\xab\x96","\xe4\xbf\xae\xe5\xa3\xab",
    "\xe4\xbf\xae\xe5\xa3\xab\xe8\xaa\xb2\xe7\xa8\x8b","\xe5\x8f\x8e\xe6\x8b\xbe",
    "\xe5\x8f\x8e\xe9\x9b\x86","\xe5\xb0\xb1\xe8\x81\xb7",
    "\xe4\xbf\xae\xe5\xa3\xab\xe8\xab\x96\xe6\x96\x87","\xe7\xb5\x82\xe6\x97\xa5",
    "\xe4\xbf\xae\xe6\xad\xa3","\xe9\x9b\x86\xe7\xa9\x8d","\xe5\x8f\x8e\xe6\x9d\x9f",
    "\xe9\x9b\x86\xe5\x9b\xa3","\xe5\x91\xa8\xe7\x9f\xa5","\xe5\x9f\xb7\xe7\x9d\x80",
    "\xe9\x9b\x86\xe4\xb8\xad","\xe9\x85\x8b\xe9\x95\xb7","\xe7\xb5\x82\xe7\x82\xb9",
    "\xe4\xbf\xae\xe5\xbe\x97","\xe5\x8f\x8e\xe5\x85\xa5","\xe5\x91\xa8\xe5\xb9\xb4",
    "\xe5\x9f\xb7\xe5\xbf\xb5","\xe5\x8f\x8e\xe7\xb4\x8d","\xe5\xae\x97\xe6\xb4\xbe",
    "\xe9\x9b\x86\xe9\x85\x8d","\xe5\x91\xa8\xe6\xb3\xa2\xe6\x95\xb0",
    "\xe4\xbf\xae\xe5\xbe\xa9","\xe7\xa7\x8b\xe5\x88\x86","\xe5\x91\xa8\xe8\xbe\xba",
    "\xe5\x91\xa8\xe8\xbe\xba\xe6\xa9\x9f\xe5\x99\xa8",
    "\xe5\x91\xa8\xe8\xbe\xba\xe8\xa3\x85\xe7\xbd\xae","\xe9\x80\xb1\xe5\xa0\xb1",
    "\xe9\x80\xb1\xe6\x9c\xab","\xe8\xa1\x86\xe7\x9b\xae","\xe9\x9b\x86\xe7\xb4\x84",
    "\xe4\xbf\xae\xe7\x90\x86","\xe4\xbf\xae\xe7\x90\x86\xe4\xb8\xad",
    "\xe7\xb5\x82\xe4\xba\x86","\xe4\xbf\xae\xe4\xba\x86","\xe5\x8f\x8e\xe9\x8c\xb2",
    "\xe4\xbf\xae\xe8\xab\x96","\xe7\xa7\x80\xe5\x92\x8c","\xe4\xb8\xbb\xe5\xb9\xb9",
    "\xe4\xb8\xbb\xe7\xae\xa1","\xe4\xb8\xbb\xe8\xa8\x98\xe6\x86\xb6",
    "\xe4\xb8\xbb\xe8\xa8\x98\xe6\x86\xb6\xe8\xa3\x85\xe7\xbd\xae","\xe4\xb8\xbb\xe7\xbe\xa9",
    "\xe4\xbf\xae\xe8\xa1\x8c","\xe5\xae\xbf","\xe7\xa5\x9d","\xe7\xb2\x9b","\xe7\xb8\xae",
    "\xe6\xb7\x91","\xe5\xa4\x99","\xe5\x8f\x94","\xe7\xa5\x9d\xe8\xb3\x80",
    "\xe5\xae\xbf\xe8\x88\x8e","\xe7\xb8\xae\xe5\xb0\x8f","\xe5\xae\xbf\xe9\xa1\x8c",
    "\xe5\xae\xbf\xe6\xb3\x8a","\xe5\xae\xbf\xe5\x91\xbd","\xe4\xb8\xbb\xe8\xaa\x9e",
    "\xe4\xb8\xbb\xe6\x9f\xbb","\xe4\xb8\xbb\xe5\x82\xac","\xe4\xb8\xbb\xe6\x97\xa8",
    "\xe8\xb6\xa3\xe6\x97\xa8","\xe5\x8f\x96\xe6\x8d\xa8","\xe7\xa8\xae\xe3\x80\x85",
    "\xe4\xb8\xbb\xe4\xba\x8b","\xe4\xb8\xbb\xe4\xba\xba",
    "\xe4\xb8\xbb\xe4\xba\xba\xe5\x85\xac","\xe4\xb8\xbb\xe5\xb8\xad",
    "\xe4\xb8\xbb\xe4\xbd\x93","\xe4\xb8\xbb\xe9\xa1\x8c",
    "\xe4\xb8\xbb\xe9\xa1\x8c\xe6\xad\x8c","\xe6\x89\x8b\xe6\xae\xb5",
    "\xe4\xb8\xbb\xe5\xbc\xb5","\xe5\x87\xba\xe8\x8d\xb7","\xe5\x87\xba\xe5\x8b\xa4",
    "\xe5\x87\xba\xe6\xac\xa0","\xe5\x87\xba\xe5\x90\x91","\xe5\x87\xba\xe8\x88\xaa",
    "\xe5\x87\xba\xe7\xa4\xbe","\xe5\x87\xba\xe6\x89\x80","\xe5\x87\xba\xe8\xba\xab",
    "\xe5\x87\xba\xe6\xb0\xb4","\xe5\x87\xba\xe4\xb8\x96","\xe5\x87\xba\xe7\x94\x9f",
    "\xe5\x87\xba\xe5\xb8\xad","\xe5\x87\xba\xe9\x80\x80\xe5\x8b\xa4",
    "\xe5\x87\xba\xe5\xbc\xb5","\xe5\x87\xba\xe5\x85\xb8","\xe5\x87\xba\xe5\xb1\x95",
    "\xe5\x87\xba\xe7\x99\xba","\xe5\x87\xba\xe7\x99\xba\xe7\x82\xb9",
    "\xe5\x87\xba\xe7\x89\x88","\xe5\x87\xba\xe7\x89\x88\xe7\xa4\xbe","\xe5\x87\xba",
    "\xe5\x87\xba\xe6\xbc\x94","\xe5\x87\xba\xe6\xbc\x94\xe8\x80\x85",
    "\xe5\x87\xba\xe9\xa1\x98","\xe5\x87\xba\xe7\x8f\xbe",
    "\xe5\x87\xba\xe7\x8f\xbe\xe4\xbd\x8d\xe7\xbd\xae","\xe5\x87\xba\xe5\xa0\xb4",
    "\xe5\x87\xba\xe5\x8a\x9b","\xe5\x87\xba\xe5\x8a\x9b\xe6\xb3\x95",
    "\xe5\x8f\x96\xe5\xbe\x97","\xe6\x89\x8b\xe5\x8b\x95","\xe4\xb8\xbb\xe4\xbb\xbb",
    "\xe5\xae\x88\xe5\x82\x99","\xe4\xb8\xbb\xe5\xa9\xa6","\xe7\xa8\xae\xe5\x88\xa5",
    "\xe6\x89\x8b\xe6\xb3\x95","\xe8\xb6\xa3\xe5\x91\xb3","\xe4\xb8\xbb\xe5\x8b\x99",
    "\xe7\xa8\xae\xe7\x9b\xae","\xe4\xb8\xbb\xe8\xa6\x81","\xe4\xb8\xbb\xe6\xb5\x81",
    "\xe7\xa8\xae\xe9\xa1\x9e","\xe6\x98\xa5","\xe7\x9e\xac","\xe9\xa7\xbf","\xe8\x88\x9c",
    "\xe7\xab\xa3","\xe5\xb3\xbb","\xe4\xbf\x8a","\xe6\x97\xac","\xe7\x9e\xac\xe9\x96\x93",
    "\xe7\xab\xa3\xe5\xb7\xa5","\xe6\x98\xa5\xe5\x88\x86","\xe6\x89\x80","\xe5\x88\x9d",
    "\xe6\x9b\xb8","\xe6\x9a\x91","\xe8\xab\xb8","\xe8\x97\xb7","\xe8\x96\xaf","\xe7\xbd\xb2",
    "\xe4\xb8\x8a","\xe6\x9d\xbe","\xe5\xb0\x91","\xe7\xab\xa0","\xe6\x80\xa7","\xe5\x8b\x9d",
    "\xe5\x82\xb7","\xe6\xad\xa3","\xe6\xad\xa3\xe4\xb8\x80",
    "\xe5\xb0\x8f\xe5\xae\x87\xe5\xae\x99","\xe7\xb4\xb9\xe4\xbb\x8b",
    "\xe7\x85\xa7\xe4\xbc\x9a","\xe9\x9a\x9c\xe5\xae\xb3","\xe7\x94\x9f\xe6\xb6\xaf",
    "\xe6\xb8\x89\xe5\xa4\x96","\xe5\x82\xb7\xe5\xae\xb3",
    "\xe9\x9a\x9c\xe5\xae\xb3\xe7\x89\xa9","\xe5\xb0\x8f\xe5\xad\xa6",
    "\xe5\xb0\x8f\xe5\xad\xa6\xe9\xa4\xa8","\xe5\xa5\xa8\xe5\xad\xa6\xe9\x87\x91",
    "\xe5\xb0\x8f\xe5\xad\xa6\xe7\x94\x9f","\xe5\xb0\x8f\xe5\xad\xa6\xe6\xa0\xa1",
    "\xe6\xad\xa3\xe6\x9c\x88","\xe5\xb0\x8f\xe8\xa6\x8f\xe6\xa8\xa1",
    "\xe6\xb6\x88\xe5\x8e\xbb","\xe6\xb6\x88\xe6\xa5\xb5","\xe5\x95\x86\xe6\xa5\xad",
    "\xe5\x95\x86\xe6\xa5\xad\xe7\x9a\x84","\xe8\xa8\xbc\xe5\x88\xb8",
    "\xe8\xa1\x9d\xe6\x92\x83","\xe8\xa8\xbc\xe6\x8b\xa0","\xe5\x95\x86\xe5\xb7\xa5",
    "\xe5\xb0\x8f\xe5\x85\xac\xe5\xad\x90","\xe5\xb0\x8f\xe9\xa0\x85\xe7\x9b\xae",
    "\xe6\xad\xa3\xe5\x8d\x88","\xe7\x85\xa7\xe5\x90\x88","\xe8\xa9\xb3\xe7\xb4\xb0",
    "\xe5\x8f\xac\xe9\x9b\x86","\xe5\xb0\x91\xe3\x80\x85","\xe5\x95\x86\xe4\xba\x8b",
    "\xe6\xad\xa3\xe7\x9b\xb4","\xe5\xb0\x91\xe5\xa5\xb3","\xe7\x97\x87\xe7\x8a\xb6",
    "\xe5\xb0\x8f\xe6\x95\xb0","\xe5\xb0\x8f\xe8\xaa\xac","\xe5\xb0\x8f\xe7\xaf\x80",
    "\xe6\x8b\x9b\xe5\xbe\x85","\xe6\xad\xa3\xe4\xbd\x93","\xe6\x89\xbf\xe8\xab\xbe",
    "\xe6\x89\xbf\xe8\xab\xbe\xe6\x9b\xb8","\xe6\x89\xbf\xe7\x9f\xa5",
    "\xe8\xb1\xa1\xe5\xbe\xb4","\xe8\xb1\xa1\xe5\xbe\xb4\xe7\x9a\x84",
    "\xe5\x95\x86\xe5\xba\x97","\xe7\x84\xa6\xe7\x82\xb9","\xe8\xa1\x9d\xe7\xaa\x81",
    "\xe8\xa1\x9d\xe5\x8b\x95","\xe2\x89\xa6","\xe6\xb9\x98\xe5\x8d\x97",
    "\xe6\x89\xbf\xe8\xaa\x8d","\xe8\xa8\xbc\xe4\xba\xba","\xe5\xb0\x91\xe5\xb9\xb4",
    "\xe5\xb0\x91\xe5\xb9\xb4\xe9\x9d\x9e\xe8\xa1\x8c","\xe5\x95\x86\xe5\xa3\xb2",
    "\xe6\xb6\x88\xe8\xb2\xbb","\xe6\xb6\x88\xe8\xb2\xbb\xe8\x80\x85",
    "\xe5\x95\x86\xe6\xa8\x99","\xe5\x95\x86\xe6\xa8\x99\xe6\xa8\xa9",
    "\xe5\x95\x86\xe5\x93\x81","\xe8\xb3\x9e\xe5\x93\x81","\xe5\xb0\x8f\xe5\x93\x81",
    "\xe5\x95\x86\xe5\x93\x81\xe5\x90\x8d","\xe5\x8b\x9d\xe8\xb2\xa0",
    "\xe8\x8f\x96\xe8\x92\xb2","\xe8\xa8\xbc\xe6\x98\x8e",
    "\xe8\xa8\xbc\xe6\x98\x8e\xe6\x9b\xb8","\xe8\xa8\xbc\xe6\x98\x8e\xe5\x9b\xb3",
    "\xe8\xa8\xbc\xe6\x98\x8e\xe8\xab\x96","\xe6\xb6\x88\xe6\xbb\x85",
    "\xe6\xb6\x88\xe8\x80\x97","\xe6\xb6\x88\xe8\x80\x97\xe5\x93\x81",
    "\xe5\x95\x86\xe7\x94\xa8","\xe5\xb0\x86\xe6\x9d\xa5","\xe7\x9c\x81\xe7\x95\xa5",
    "\xe5\xb0\x91\xe9\x87\x8f","\xe5\xa5\xa8\xe5\x8a\xb1","\xe6\x98\xad\xe5\x92\x8c",
    "\xe5\x88\x9d\xe6\x9c\x9f","\xe6\x9b\xb8\xe8\xa8\x98",
    "\xe5\x88\x9d\xe6\x9c\x9f\xe5\x8c\x96","\xe5\x88\x9d\xe6\x9c\x9f\xe5\x9e\x8b",
    "\xe5\x88\x9d\xe6\x9c\x9f\xe5\x80\xa4","\xe5\x88\x9d\xe7\xb4\x9a","\xe8\x89\xb2",
    "\xe7\x87\xad","\xe6\x8b\xad","\xe9\xa3\x9f","\xe8\x9d\x95","\xe8\xa7\xa6","\xe8\x81\xb7",
    "\xe7\xb9\x94","\xe8\x81\xb7\xe5\x93\xa1","\xe8\x81\xb7\xe5\x93\xa1\xe5\xae\xa4",
    "\xe8\x81\xb7\xe6\xa5\xad","\xe8\x81\xb7\xe6\xa5\xad\xe6\x9f\x84",
    "\xe9\xa3\x9f\xe4\xba\x8b","\xe9\xa3\x9f\xe5\xa0\x82",
    "\xe9\xa3\x9f\xe5\xa0\x82\xe8\xbb\x8a","\xe8\x81\xb7\xe5\xa0\xb4",
    "\xe9\xa3\x9f\xe5\x93\x81","\xe6\xa4\x8d\xe7\x89\xa9","\xe6\xa4\x8d\xe6\xb0\x91",
    "\xe6\xa4\x8d\xe6\xb0\x91\xe6\x98\x9f","\xe6\xa4\x8d\xe6\xb0\x91\xe5\x9c\xb0",
    "\xe9\xa3\x9f\xe6\xac\xb2","\xe8\xab\xb8\xe5\x90\x9b","\xe5\x87\xa6\xe9\x81\x87",
    "\xe6\x89\x80\xe8\xa6\x8b","\xe8\xab\xb8\xe5\x9b\xbd","\xe6\x9b\xb8\xe5\xbc\x8f",
    "\xe5\x88\x9d\xe5\xbf\x83\xe8\x80\x85","\xe6\x89\x80\xe6\x8c\x81",
    "\xe5\x88\x9d\xe6\x97\xac","\xe6\x9b\xb8\xe7\xb1\x8d","\xe6\x89\x80\xe5\xb1\x9e",
    "\xe5\x88\x9d\xe5\xaf\xbe\xe9\x9d\xa2","\xe6\x9b\xb8\xe6\xa3\x9a",
    "\xe5\x87\xa6\xe7\xbd\xae","\xe6\x89\x80\xe9\x95\xb7","\xe9\xa3\x9f\xe5\x99\xa8",
    "\xe6\x9b\xb8\xe5\xba\x97","\xe5\x88\x9d\xe7\xad\x89\xe7\x9a\x84",
    "\xe6\x89\x80\xe5\x86\x85","\xe5\x88\x9d\xe6\x97\xa5","\xe5\x88\x9d\xe7\x89\x88",
    "\xe5\x88\x9d\xe6\xad\xa9","\xe5\x88\x9d\xe6\xad\xa9\xe7\x9a\x84",
    "\xe6\x9b\xb8\xe6\x88\xbf","\xe5\xba\xb6\xe5\x8b\x99",
    "\xe5\xba\xb6\xe5\x8b\x99\xe6\x8e\x9b","\xe7\xbd\xb2\xe5\x90\x8d",
    "\xe6\x9b\xb8\xe5\x90\x8d","\xe6\x89\x80\xe6\x9c\x89","\xe5\x87\xa6\xe7\x90\x86",
    "\xe5\x87\xa6\xe7\x90\x86\xe7\xb3\xbb","\xe5\x87\xa6\xe7\x90\x86\xe8\xa3\x85\xe7\xbd\xae",
    "\xe5\x87\xa6\xe7\x90\x86\xe4\xb8\xad","\xe5\x87\xa6\xe7\x90\x86\xe6\x96\xb9\xe5\xbc\x8f",
    "\xe6\x9b\xb8\xe9\xa1\x9e","\xe4\xbd\xbf\xe7\x94\xa8","\xe4\xbb\x95\xe6\xa7\x98",
    "\xe7\xa7\x81\xe7\x94\xa8","\xe4\xbd\xbf\xe7\x94\xa8\xe5\xbe\x8c",
    "\xe4\xbd\xbf\xe7\x94\xa8\xe8\x80\x85","\xe4\xbb\x95\xe6\xa7\x98\xe6\x9b\xb8",
    "\xe4\xbd\xbf\xe7\x94\xa8\xe4\xb8\xad","\xe4\xbd\xbf\xe7\x94\xa8\xe6\xb3\x95",
    "\xe4\xbd\xbf\xe7\x94\xa8\xe4\xbe\x8b","\xe7\x99\xbd","\xe7\x99\xbd\xe4\xba\x95",
    "\xe7\x99\xbd\xe5\xb7\x9d","\xe7\x99\xbd\xe7\x99\xbe\xe5\x90\x88","\xe5\xb0\xbb",
    "\xe7\xa7\x81\xe7\xab\x8b","\xe7\xa7\x81\xe7\xab\x8b\xe4\xb8\xad\xe5\xad\xa6",
    "\xe6\x80\x9d\xe6\x85\xae","\xe8\xb3\x87\xe6\x96\x99","\xe8\xa6\x96\xe5\x8a\x9b",
    "\xe6\xb1\x81","\xe5\x8d\xb0","\xe6\x8c\x87\xe4\xbb\xa4","\xe5\x9f\x8e","\xe7\x99\xbd",
    "\xe4\xbb\xa3","\xe7\xb4\xa0\xe4\xba\xba","\xe7\x99\xbd\xe6\x98\x9f",
    "\xe7\x99\xbd\xe4\xb8\xb8","\xe3\x80\x87","\xe4\xbb\xa3\xe7\x89\xa9",
    "\xe6\x80\x9d\xe6\x83\x91","\xe5\xb8\xab\xe8\xb5\xb0","\xe5\xbf\x83","\xe6\x96\xb0",
    "\xe7\x9c\x9f","\xe8\xa6\xaa","\xe8\xba\xab","\xe7\xa5\x9e","\xe4\xbc\xb8","\xe6\xa3\xae",
    "\xe4\xbc\xb8\xe4\xb8\x80","\xe7\x9c\x9f\xe4\xb8\x80","\xe9\x80\xb2\xe5\x8c\x96",
    "\xe6\x96\xb0\xe9\xa4\xa8","\xe6\x96\xb0\xe5\xb9\xb9\xe7\xb7\x9a",
    "\xe4\xbe\xb5\xe5\xae\xb3","\xe9\x80\xb2\xe5\xad\xa6",
    "\xe4\xbf\xa1\xe5\xad\xa6\xe6\x8a\x80\xe5\xa0\xb1","\xe4\xbf\xa1\xe5\xad\xa6\xe8\xab\x96",
    "\xe6\x96\xb0\xe8\xa6\x8f","\xe6\x96\xb0\xe6\x9b\xb2","\xe5\xaf\xa9\xe8\xad\xb0",
    "\xe7\x9c\x9f\xe7\xa9\xba\xe9\x9b\xbb\xe5\xad\x90","\xe7\xa5\x9e\xe7\xb5\x8c",
    "\xe7\xa5\x9e\xe7\xb5\x8c\xe7\xb3\xbb","\xe7\xa5\x9e\xe7\xb5\x8c\xe8\xb3\xaa",
    "\xe7\x9c\x9f\xe5\x89\xa3","\xe9\x80\xb2\xe8\xa1\x8c","\xe6\x8c\xaf\xe8\x88\x88",
    "\xe4\xbf\xa1\xe4\xbb\xb0","\xe6\x8c\xaf\xe8\x88\x88\xe4\xbc\x9a",
    "\xe9\x80\xb2\xe8\xa1\x8c\xe4\xb8\xad","\xe6\x96\xb0\xe7\xa5\x9e\xe6\x88\xb8",
    "\xe4\xbc\xb8\xe5\x90\xbe","\xe4\xbf\xa1\xe5\x8f\xb7","\xe5\xaf\xa9\xe6\x9f\xbb",
    "\xe6\x96\xb0\xe4\xbd\x9c","\xe8\xa8\xba\xe5\xaf\x9f","\xe6\x96\xb0\xe5\x8f\x82",
    "\xe6\x96\xb0\xe8\xbb\x8a","\xe4\xbf\xa1\xe5\xb7\x9e","\xe6\x96\xb0\xe5\x87\xba",
    "\xe9\x80\xb2\xe5\x87\xba","\xe6\x96\xb0\xe6\x9b\xb8","\xe7\x9c\x9f\xe5\xae\x9f",
    "\xe6\x96\xb0\xe5\xae\xbf","\xe6\x96\xb0\xe5\xae\xbf\xe5\x8c\xba",
    "\xe6\x96\xb0\xe4\xba\xba","\xe9\x80\xb2\xe6\x95\xb0","\xe7\x94\xb3\xe8\xab\x8b",
    "\xe6\x96\xb0\xe6\x98\x9f","\xe7\x94\xb3\xe8\xab\x8b\xe6\x9b\xb8",
    "\xe6\x96\xb0\xe8\xa3\xbd\xe5\x93\x81","\xe8\xa6\xaa\xe6\x88\x9a",
    "\xe6\x96\xb0\xe4\xb8\x96\xe4\xbb\xa3","\xe8\xa6\xaa\xe5\x88\x87",
    "\xe6\x96\xb0\xe8\xa8\xad","\xe6\x96\xb0\xe9\xae\xae","\xe7\x9c\x9f\xe7\x9b\xb8",
    "\xe8\xba\xab\xe4\xbd\x93","\xe4\xbf\xa1\xe8\xa8\x97",
    "\xe6\x96\xb0\xe7\x8e\x89\xe5\xb7\x9d\xe7\xb7\x9a","\xe8\xa8\xba\xe6\x96\xad",
    "\xe8\xa8\xba\xe6\x96\xad\xe6\x9b\xb8","\xe6\x85\x8e\xe9\x87\x8d",
    "\xe9\x80\xb2\xe6\x8d\x97","\xe9\x80\xb2\xe5\xb1\x95","\xe8\xa6\xaa\xe5\xb1\x95",
    "\xe6\x96\xb0\xe6\xa3\x9f","\xe6\xb5\xb8\xe9\x80\x8f",
    "\xe6\x96\xb0\xe6\x97\xa5\xe9\x89\x84","\xe4\xbe\xb5\xe5\x85\xa5",
    "\xe6\x96\xb0\xe5\x85\xa5","\xe4\xbf\xa1\xe5\xbf\xb5","\xe6\x96\xb0\xe5\xb9\xb4",
    "\xe6\x96\xb0\xe5\xb9\xb4\xe4\xbc\x9a","\xe6\x96\xb0\xe6\xa9\x8b",
    "\xe6\x96\xb0\xe7\x95\xaa\xe7\xb5\x84","\xe5\xbf\x83\xe9\x85\x8d",
    "\xe6\x96\xb0\xe5\x93\x81","\xe6\x96\xb0\xe8\x81\x9e",
    "\xe6\x96\xb0\xe8\x81\x9e\xe7\xa4\xbe","\xe6\x8c\xaf\xe5\xb9\x85",
    "\xe8\xa6\xaa\xe7\x9d\xa6","\xe8\xa6\xaa\xe7\x9d\xa6\xe4\xbc\x9a",
    "\xe9\x80\xb2\xe6\xad\xa9","\xe8\xa6\xaa\xe5\xaf\x86","\xe6\xb7\xb1\xe5\xa4\x9c",
    "\xe4\xbf\xa1\xe7\x94\xa8","\xe4\xbf\xa1\xe9\xa0\xbc",
    "\xe4\xbf\xa1\xe9\xa0\xbc\xe6\x80\xa7","\xe7\x9c\x9f\xe7\x90\x86",
    "\xe5\xbf\x83\xe7\x90\x86","\xe7\x9c\x9f\xe7\x90\x86\xe9\x96\xa2\xe6\x95\xb0",
    "\xe5\xbf\x83\xe7\x90\x86\xe5\xad\xa6","\xe7\x9c\x9f\xe7\x90\x86\xe5\x80\xa4",
    "\xe7\x9c\x9f\xe7\x90\x86\xe8\xa1\xa8","\xe9\x80\xb2\xe8\xb7\xaf",
    "\xe7\xa5\x9e\xe8\xa9\xb1","\xe8\xa6\xaa\xe5\x92\x8c","\xe6\x96\xb0\xe5\x92\x8c",
    "\xe8\xa6\xaa\xe5\x92\x8c\xe6\x80\xa7","\xe6\x99\x82","\xe6\xac\xa1","\xe4\xba\x8b",
    "\xe5\xad\x97","\xe4\xba\x8c","\xe8\x80\xb3","\xe8\x87\xaa","\xe5\x9c\xb0",
    "\xe8\x87\xaa\xe6\x84\x9b","\xe8\x87\xaa\xe6\x84\x8f\xe8\xad\x98",
    "\xe5\xaf\xba\xe9\x99\xa2","\xe8\x87\xaa\xe8\xa1\x9b","\xe8\x87\xaa\xe5\x96\xb6",
    "\xe8\x87\xaa\xe8\xa1\x9b\xe7\xb5\x84\xe7\xb9\x94","\xe6\xac\xa1\xe5\x9b\x9e",
    "\xe7\xa3\x81\xe7\x95\x8c","\xe8\x87\xaa\xe8\xa6\x9a","\xe6\x99\x82\xe9\x96\x93",
    "\xe6\x99\x82\xe9\x96\x93\xe5\x96\xb6\xe6\xa5\xad","\xe7\x9b\xb4",
    "\xe6\x99\x82\xe6\x9c\x9f","\xe7\xa3\x81\xe6\xb0\x97","\xe6\xac\xa1\xe6\x9c\x9f",
    "\xe8\x87\xaa\xe6\xa3\x84","\xe7\xa3\x81\xe6\xb0\x97\xe5\xb5\x90",
    "\xe8\x87\xaa\xe6\xa3\x84\xe7\x9a\x84","\xe8\x87\xaa\xe7\xb5\xa6",
    "\xe6\x99\x82\xe7\xb5\xa6","\xe4\xba\x8b\xe6\xa5\xad","\xe4\xba\x8b\xe8\xa1\x8c",
    "\xe4\xba\x8b\xe6\xa5\xad\xe9\x83\xa8","\xe4\xba\x8b\xe6\xa5\xad\xe6\x9c\xac\xe9\x83\xa8",
    "\xe5\xae\x8d","\xe8\xbb\xb8","\xe7\xab\xba","\xe8\x87\xaa\xe8\xad\xa6",
    "\xe8\x87\xaa\xe8\xad\xa6\xe5\x9b\xa3","\xe4\xba\x8b\xe4\xbb\xb6",
    "\xe6\xac\xa1\xe5\x85\x83","\xe6\xac\xa1\xe5\x85\x83\xe4\xb8\x8a",
    "\xe4\xba\x8b\xe6\x95\x85","\xe8\x87\xaa\xe5\xb7\xb1","\xe4\xba\x8b\xe9\xa0\x85",
    "\xe6\x99\x82\xe5\x8a\xb9","\xe8\x87\xaa\xe6\xa0\xa1","\xe6\x99\x82\xe5\x88\xbb",
    "\xe4\xba\x8b\xe6\x95\x85\xe6\xad\xbb","\xe8\x87\xaa\xe5\xb7\xb1\xe4\xbf\xae\xe5\xbe\xa9",
    "\xe8\x87\xaa\xe5\xb7\xb1\xe7\xb4\xb9\xe4\xbb\x8b","\xe4\xba\x8b\xe5\xbe\x8c",
    "\xe6\xac\xa1\xe5\x8f\xb7","\xe5\x9c\xb0\xe7\x8d\x84","\xe6\x99\x82\xe5\xb7\xae",
    "\xe8\x87\xaa\xe4\xbd\x9c","\xe8\x87\xaa\xe6\xae\xba","\xe8\x87\xaa\xe5\x8f\x82",
    "\xe6\xac\xa1\xe5\xbc\x8f","\xe8\x87\xaa\xe5\xae\xa4","\xe8\x87\xaa\xe7\xa4\xbe",
    "\xe7\xa3\x81\xe7\x9f\xb3","\xe8\x87\xaa\xe7\xb2\x9b","\xe8\xbe\x9e\xe6\x9b\xb8",
    "\xe4\xba\x8b\xe8\xb1\xa1","\xe6\xac\xa1\xe7\xab\xa0",
    "\xe8\xbe\x9e\xe6\x9b\xb8\xe7\x99\xbb\xe9\x8c\xb2","\xe8\x87\xaa\xe8\xba\xab",
    "\xe8\x87\xaa\xe4\xbf\xa1","\xe5\x9c\xb0\xe9\x9c\x87",
    "\xe6\x99\x82\xe3\x80\x85\xe5\x88\xbb\xe3\x80\x85","\xe4\xba\x8b\xe5\xae\x9f",
    "\xe4\xba\x8b\xe5\xae\x9f\xe4\xb8\x8a","\xe4\xba\x8b\xe6\x83\x85",
    "\xe6\x99\x82\xe5\x88\xb6","\xe8\x87\xaa\xe5\x88\xb6","\xe6\x99\x82\xe4\xb8\x96",
    "\xe6\xac\xa1\xe7\xaf\x80","\xe6\x99\x82\xe7\xaf\x80","\xe4\xba\x8b\xe5\x89\x8d",
    "\xe6\x99\x82\xe7\x9b\xb8","\xe8\x87\xaa\xe8\xb6\xb3","\xe8\x87\xaa\xe4\xbd\x93",
    "\xe4\xba\x8b\xe6\x85\x8b","\xe8\xbe\x9e\xe9\x80\x80","\xe5\xad\x97\xe4\xbd\x93",
    "\xe8\x87\xaa\xe5\xae\x85","\xe8\x80\xb3\xe6\x9c\xb6","\xe6\x99\x82\xe4\xbb\xa3",
    "\xe6\xac\xa1\xe9\x95\xb7","\xe5\x8d\x81","\xe5\xae\x9f\xe5\xae\xb6",
    "\xe5\xae\x9f\xe6\x84\x9f","\xe5\xae\x9f\xe9\xa8\x93","\xe5\xae\x9f\xe6\xa8\xa9",
    "\xe5\xae\x9f\xe9\xa8\x93\xe5\xae\xa4","\xe5\xae\x9f\xe8\xa1\x8c",
    "\xe5\xae\x9f\xe5\x8a\xb9","\xe5\xae\x9f\xe8\xa1\x8c\xe4\xb8\xad",
    "\xe5\xae\x9f\xe9\x9a\x9b","\xe5\xae\x9f\xe9\x9a\x9b\xe7\x9a\x84",
    "\xe5\xae\x9f\xe6\x96\xbd","\xe5\xae\x9f\xe7\xbf\x92","\xe5\xae\x9f\xe8\xba\xab",
    "\xe5\xae\x9f\xe6\x95\xb0","\xe5\xae\x9f\xe7\x94\x9f\xe6\xb4\xbb",
    "\xe5\xae\x9f\xe4\xb8\x96\xe7\x95\x8c","\xe5\xae\x9f\xe7\xb8\xbe",
    "\xe5\xae\x9f\xe8\xb7\xb5","\xe5\xae\x9f\xe8\xa3\x85","\xe5\xae\x9f\xe6\xb8\xac",
    "\xe5\xae\x9f\xe4\xbd\x93","\xe5\xae\x9f\xe8\xb2\xbb","\xe6\x97\xa5","\xe5\xae\x9f",
    "\xe5\xae\x9f\xe6\x8a\x80","\xe5\xae\x9f\xe7\x8f\xbe",
    "\xe5\xae\x9f\xe7\x8f\xbe\xe5\x8c\x96","\xe5\xae\x9f\xe5\x9c\xa8",
    "\xe5\xae\x9f\xe5\x9c\xa8\xe8\xab\x96","\xe5\xae\x9f\xe7\x8a\xb6",
    "\xe5\xae\x9f\xe7\x89\xa9","\xe5\xae\x9f\xe7\x94\xa8",
    "\xe5\xae\x9f\xe7\x94\xa8\xe5\x8c\x96","\xe5\xae\x9f\xe7\x94\xa8\xe6\x80\xa7",
    "\xe5\xae\x9f\xe7\x94\xa8\xe7\x9a\x84","\xe5\xae\x9f\xe4\xbe\x8b",
    "\xe6\x99\x82\xe7\x82\xb9","\xe8\xbe\x9e\xe5\x85\xb8",
    "\xe8\x87\xaa\xe8\xbb\xa2\xe8\xbb\x8a","\xe8\x87\xaa\xe5\x8b\x95",
    "\xe8\x87\xaa\xe5\x8b\x95\xe5\x8c\x96","\xe8\x87\xaa\xe5\x8b\x95\xe8\xbb\x8a",
    "\xe8\x87\xaa\xe5\x8b\x95\xe7\x9a\x84",
    "\xe8\x87\xaa\xe5\x8b\x95\xe8\xb2\xa9\xe5\xa3\xb2\xe6\xa9\x9f","\xe8\x87\xaa\xe7\x99\xbd",
    "\xe8\x87\xaa\xe7\x99\xba","\xe8\x87\xaa\xe7\x88\x86","\xe8\x87\xaa\xe8\xb2\xbb",
    "\xe8\x87\xaa\xe8\xb2\xa0","\xe8\x87\xaa\xe5\x88\x86",
    "\xe6\x99\x82\xe5\x88\x86\xe5\x89\xb2","\xe8\x87\xaa\xe5\x88\x86\xe8\x87\xaa\xe8\xba\xab",
    "\xe8\x87\xaa\xe5\x88\x86\xe7\x94\xa8","\xe5\xb3\xb6","\xe8\x87\xaa\xe5\x89\x8d",
    "\xe5\x9c\xb0\xe5\x91\xb3","\xe4\xba\x8b\xe5\x8b\x99",
    "\xe4\xba\x8b\xe5\x8b\x99\xe5\xb1\x80","\xe4\xba\x8b\xe5\x8b\x99\xe5\xae\xa4",
    "\xe4\xba\x8b\xe5\x8b\x99\xe6\x89\x80","\xe4\xba\x8b\xe5\x8b\x99\xe6\x9b\xb8\xe9\xa1\x9e",
    "\xe4\xba\x8b\xe5\x8b\x99\xe7\x9a\x84","\xe8\x87\xaa\xe6\x98\x8e",
    "\xe5\x9c\xb0\xe9\x9d\xa2","\xe5\x9c\xb0\xe5\x85\x83","\xe9\x82\xaa","\xe8\x9b\x87",
    "\xe5\xaf\x82","\xe6\x83\xb9","\xe5\xbc\xb1","\xe8\x8b\xa5","\xe9\x9b\x80",
    "\xe9\x82\xaa\xe9\x99\xba","\xe8\x8b\xa5\xe5\xb9\xb2","\xe9\x82\xaa\xe9\x81\x93",
    "\xe9\x82\xaa\xe9\xad\x94","\xe5\x8f\x97","\xe9\x9c\x80","\xe7\xb6\xac","\xe6\xa8\xb9",
    "\xe6\x8e\x88","\xe5\xaf\xbf","\xe5\x91\xaa","\xe5\x84\x92","\xe9\x87\x8d","\xe5\x8d\x81",
    "\xe4\xbd\x8f","\xe6\xb8\x8b","\xe9\x8a\x83","\xe7\xb8\xa6","\xe7\x8d\xa3","\xe6\xb1\x81",
    "\xe9\x87\x8d\xe5\xb7\xa5","\xe9\x87\x8d\xe8\xa6\x96","\xe4\xbd\x8f\xe6\x89\x80",
    "\xe9\x87\x8d\xe5\xbf\x83","\xe5\xbe\x93\xe4\xba\x8b","\xe5\x85\x85\xe5\xae\x9f",
    "\xe7\x8d\xa3\xe6\x80\xa7","\xe6\xb8\x8b\xe6\xbb\x9e","\xe4\xbd\x8f\xe5\xae\x85",
    "\xe4\xbd\x8f\xe5\xae\x85\xe8\xa1\x97","\xe9\x87\x8d\xe5\xa4\xa7",
    "\xe9\x87\x8d\xe7\x82\xb9","\xe6\x9f\x94\xe9\x81\x93","\xe6\x9f\x94\xe8\xbb\x9f",
    "\xe6\x9f\x94\xe8\xbb\x9f\xe6\x80\xa7","\xe9\x87\x8d\xe8\xa4\x87",
    "\xe5\x8d\x81\xe5\x88\x86","\xe5\x85\x85\xe5\x88\x86","\xe6\xb8\x8b\xe9\x9d\xa2",
    "\xe9\x87\x8d\xe8\xa6\x81","\xe5\xbe\x93\xe6\x9d\xa5","\xe9\x87\x8d\xe5\x8a\x9b",
    "\xe6\x8e\x88\xe6\xa5\xad","\xe7\x86\x9f","\xe5\xa1\xbe","\xe7\x86\x9f\xe8\xaa\x9e",
    "\xe7\x86\x9f\xe7\xb7\xb4","\xe5\x8f\x97\xe9\xa8\x93",
    "\xe5\x8f\x97\xe9\xa8\x93\xe8\x80\x85","\xe5\x8f\x97\xe8\xac\x9b",
    "\xe5\x8f\x97\xe8\xac\x9b\xe7\x94\x9f","\xe5\x8f\x97\xe8\xb3\x9e",
    "\xe6\x8e\x88\xe8\xb3\x9e\xe5\xbc\x8f","\xe5\x8f\x97\xe4\xbf\xa1",
    "\xe5\x8f\x97\xe8\xba\xab","\xe5\x8f\x97\xe4\xbf\xa1\xe8\x80\x85",
    "\xe6\x8e\x88\xe5\x8f\x97","\xe5\x8f\x97\xe8\xa8\x97","\xe5\x8f\x97\xe6\xb3\xa8",
    "\xe8\xbf\xb0","\xe8\xa1\x93","\xe8\xbf\xb0\xe8\xaa\x9e","\xe5\x91\xaa\xe6\x96\x87",
    "\xe6\x8e\x88\xe4\xb8\x8e","\xe9\x9c\x80\xe8\xa6\x81","\xe5\x8f\x97\xe7\x90\x86",
    "\xe9\xa0\x86","\xe9\x86\x87","\xe9\x81\xb5","\xe5\xb7\xa1","\xe7\xb4\x94","\xe7\x9b\xbe",
    "\xe6\xbd\xa4","\xe6\xba\x96","\xe9\xa0\x86\xe4\xbd\x8d","\xe6\xb7\xb3\xe4\xb8\x80",
    "\xe5\xb7\xa1\xe5\x9b\x9e","\xe5\xbe\xaa\xe7\x92\xb0","\xe6\xba\x96\xe6\x8b\xa0",
    "\xe5\xb7\xa1\xe6\xa5\xad","\xe7\xb5\xa2\xe5\xad\x90","\xe9\xa0\x86\xe6\xac\xa1",
    "\xe9\xa0\x86\xe5\xba\x8f","\xe9\xa0\x86\xe5\xba\x8f\xe5\xaf\xbe",
    "\xe7\xb4\x94\xe7\xb2\x8b","\xe7\xb4\x94\xe6\xad\xa3",
    "\xe6\xba\x96\xe5\xb0\x82\xe9\x96\x80","\xe9\xa0\x86\xe8\xaa\xbf",
    "\xe6\xba\x96\xe5\x90\x8c\xe5\xbd\xa2","\xe9\xa0\x86\xe7\x95\xaa",
    "\xe6\xba\x96\xe5\x82\x99","\xe8\x87\xaa\xe7\x94\xb1",
    "\xe8\x87\xaa\xe7\x94\xb1\xe5\xba\xa6","\xe8\x87\xaa\xe7\x94\xb1\xe5\xa4\x89\xe6\x95\xb0",
    "\xe5\xa5\xb3","\xe5\xa6\x82","\xe9\x99\xa4","\xe9\x8b\xa4","\xe6\x81\x95","\xe5\xbe\x90",
    "\xe5\xba\x8f","\xe5\x8f\x99","\xe4\xb8\x8a","\xe7\x94\x9f","\xe5\xa0\xb4","\xe5\xb8\xb8",
    "\xe5\xae\x9a","\xe6\x88\x90","\xe6\x9d\xa1","\xe5\x9f\x8e","\xe4\xb8\x8a\xe4\xbd\x8d",
    "\xe4\xb8\x8a\xe6\x98\xa0","\xe4\xb8\x8a\xe8\xb6\x8a","\xe4\xb8\x8a\xe8\xa8\x98",
    "\xe7\x8a\xb6\xe6\xb3\x81","\xe6\x9d\xa1\xe4\xbb\xb6",
    "\xe6\x9d\xa1\xe4\xbb\xb6\xe5\xbc\x8f","\xe6\x9d\xa1\xe4\xbb\xb6\xe9\x83\xa8",
    "\xe4\xb8\x8a\xe4\xb8\x8b","\xe4\xb8\x8a\xe9\x99\x90","\xe4\xb9\x97\xe7\xae\x97",
    "\xe4\xb8\x8a\xe5\x8f\xb8","\xe5\xb8\xb8\xe8\xad\x98","\xe4\xb9\x97\xe8\xbb\x8a",
    "\xe4\xb9\x97\xe8\xbb\x8a\xe5\x88\xb8","\xe5\xb8\xb8\xe6\x99\x82",
    "\xe4\xb8\x8a\xe8\xbf\xb0","\xe4\xb8\x8a\xe6\x97\xac","\xe4\xb8\x8a\xe6\x89\x8b",
    "\xe7\x8a\xb6\xe6\x85\x8b","\xe4\xb8\x8a\xe7\xab\xaf","\xe5\x86\x97\xe8\xab\x87",
    "\xe4\xb8\x8a\xe6\x99\xba","\xe5\x86\x97\xe9\x95\xb7","\xe5\x9f\x8e\xe5\x8d\x97",
    "\xe5\xb8\xb8\xe4\xbb\xbb","\xe4\xb8\x8a\xe5\x93\x81","\xe4\xb8\x88\xe5\xa4\xab",
    "\xe6\x83\x85\xe5\xa0\xb1","\xe6\x83\x85\xe5\xa0\xb1\xe7\xa7\x91",
    "\xe6\x83\x85\xe5\xa0\xb1\xe7\xa7\x91\xe5\xad\xa6","\xe6\x83\x85\xe5\xa0\xb1\xe5\xad\xa6",
    "\xe6\x83\x85\xe5\xa0\xb1\xe6\xa9\x9f\xe5\x99\xa8",
    "\xe6\x83\x85\xe5\xa0\xb1\xe5\x87\xa6\xe7\x90\x86",
    "\xe6\x83\x85\xe5\xa0\xb1\xe7\x90\x86\xe8\xab\x96","\xe5\xb8\xb8\xe5\x8b\x99",
    "\xe5\x89\xb0\xe4\xbd\x99","\xe6\x93\xbe\xe4\xb9\xb1","\xe4\xb8\x8a\xe6\xb5\x81",
    "\xe5\xb8\xb8\xe9\x80\xa3","\xe9\x99\xa4\xe5\xa4\x96","\xe9\x99\xa4\xe5\x8e\xbb",
    "\xe5\x8a\xa9\xe6\x95\x99\xe6\x8e\x88","\xe5\xba\x8f\xe6\x9b\xb2","\xe8\xbe\xb1",
    "\xe5\x8a\xa9\xe8\xa8\x80","\xe9\x99\xa4\xe7\xae\x97","\xe5\xa5\xb3\xe5\xad\x90",
    "\xe9\x99\xa4\xe6\xb9\xbf","\xe9\x99\xa4\xe6\xb9\xbf\xe6\xa9\x9f",
    "\xe5\x8a\xa9\xe6\x89\x8b","\xe5\x8a\xa9\xe6\x89\x8b\xe5\xb8\xad",
    "\xe5\xbe\x90\xe3\x80\x85","\xe5\xa5\xb3\xe6\x80\xa7","\xe5\x8a\xa9\xe6\x88\x90",
    "\xe5\xba\x8f\xe6\x96\x87","\xe5\xa5\xb3\xe5\x84\xaa","\xe5\x8a\xa9\xe5\x8a\x9b",
    "\xe8\x87\xaa\xe5\x8a\x9b","\xe8\x87\xaa\xe6\xb5\x81","\xe7\xa3\x81\xe5\x8a\x9b",
    "\xe4\xba\x8b\xe4\xbe\x8b","\xe4\xba\x8c\xe9\x83\x8e","\xe4\xba\xba","\xe5\xb0\xbd",
    "\xe9\x9d\xad","\xe9\x99\xa3","\xe8\xbf\x85","\xe8\xa8\x8a","\xe8\x85\x8e","\xe7\x94\x9a",
    "\xe4\xba\xba\xe5\x93\xa1","\xe7\x94\x9a\xe5\x8f\xa5","\xe4\xba\xba\xe5\xb7\xa5",
    "\xe4\xba\xba\xe5\xb7\xa5\xe7\x9f\xa5\xe8\x83\xbd","\xe4\xba\xba\xe7\xa8\xae",
    "\xe4\xba\xba\xe4\xba\x8b","\xe7\xa5\x9e\xe7\xa4\xbe","\xe4\xba\xba\xe7\x94\x9f",
    "\xe8\xbf\x85\xe9\x80\x9f","\xe4\xba\xba\xe4\xbd\x93","\xe4\xba\xba\xe5\xbe\xb3",
    "\xe4\xba\xba\xe7\x89\xa9","\xe5\xb0\xbd\xe5\x8a\x9b","\xe9\x85\xa2","\xe9\xa0\x88",
    "\xe8\xab\x8f","\xe7\xac\xa5","\xe7\xb4\xa0","\xe5\xaf\xbf","\xe6\xb4\xb2","\xe4\xb8\xbb",
    "\xe6\xb0\xb4","\xe5\x90\xb9","\xe9\x8c\x98","\xe9\x8c\x90","\xe9\x85\x94","\xe9\x81\x82",
    "\xe8\xa1\xb0","\xe7\xbf\xa0","\xe6\x8e\xa8\xe7\xa7\xbb","\xe6\xb0\xb4\xe4\xbd\x8d",
    "\xe6\xb0\xb4\xe7\xb3\xbb","\xe6\x8e\xa8\xe6\x95\xb2","\xe9\x81\x82\xe8\xa1\x8c",
    "\xe6\xb0\xb4\xe8\xb3\xaa","\xe6\x8e\xa8\xe5\xa5\xa8","\xe6\x8e\xa8\xe9\x80\xb2",
    "\xe6\xb0\xb4\xe6\xba\x96","\xe6\xb0\xb4\xe6\xb4\xa5","\xe6\x8e\xa8\xe8\x96\xa6",
    "\xe6\x8e\xa8\xe6\xb8\xac","\xe5\x90\xb9\xe7\x94\xb0","\xe5\x9e\x82\xe7\x9b\xb4",
    "\xe6\x8e\xa8\xe5\xae\x9a","\xe6\xb0\xb4\xe5\xa4\xa9\xe5\xae\xae",
    "\xe6\xb0\xb4\xe7\xad\x92","\xe6\xb0\xb4\xe9\x81\x93","\xe6\xb0\xb4\xe5\xb9\xb3",
    "\xe7\x9d\xa1\xe9\xad\x94","\xe7\x9d\xa1\xe7\x9c\xa0","\xe6\xb0\xb4\xe6\x9b\x9c",
    "\xe6\xb0\xb4\xe6\xba\xb6\xe6\xb6\xb2","\xe6\xb0\xb4\xe6\x9b\x9c\xe6\x97\xa5",
    "\xe6\x8e\xa8\xe7\x90\x86","\xe6\xb0\xb4\xe9\x87\x8f","\xe6\xb0\xb4\xe5\x8a\x9b",
    "\xe6\x8e\xa8\xe8\xab\x96","\xe6\x8e\xa8\xe8\xab\x96\xe8\xa6\x8f\xe5\x89\x87",
    "\xe6\x95\xb0","\xe9\x9b\x9b","\xe8\xb6\xa8","\xe6\x9e\xa2","\xe5\xb5\xa9","\xe5\xb4\x87",
    "\xe6\x95\xb0\xe5\xad\xa6","\xe6\x95\xb0\xe5\xad\xa6\xe7\xa7\x91",
    "\xe6\x95\xb0\xe5\xad\xa6\xe7\x9a\x84","\xe6\x95\xb0\xe5\xad\xa6\xe7\xa7\x91",
    "\xe6\x95\xb0\xe8\xa1\x8c","\xe6\x95\xb0\xe5\x80\x8b",
    "\xe6\x95\xb0\xe9\x80\xb1\xe9\x96\x93","\xe6\x95\xb0\xe5\xad\x97",
    "\xe6\x95\xb0\xe6\x99\x82\xe9\x96\x93","\xe6\x95\xb0\xe6\x97\xa5",
    "\xe6\x95\xb0\xe5\x8d\x81","\xe6\x95\xb0\xe5\x8f\xb0","\xe6\x95\xb0\xe5\x80\xa4",
    "\xe6\x95\xb0\xe4\xba\xba","\xe6\x95\xb0\xe5\xb9\xb4","\xe6\x95\xb0\xe5\x88\x86",
    "\xe6\x95\xb0\xe7\x89\xa9","\xe6\x95\xb0\xe5\x90\x8d","\xe6\x95\xb0\xe7\x90\x86",
    "\xe6\x95\xb0\xe7\x90\x86\xe8\xa7\xa3\xe6\x9e\x90","\xe6\x9c\xab",
    "\xe6\x9c\xab\xe5\xba\x83","\xe8\x8f\x85","\xe9\xa0\x88\xe8\xb3\x80","\xe5\xa7\xbf",
    "\xe8\x8f\x85\xe9\x87\x8e","\xe9\x9a\x99","\xe9\x8b\xa4","\xe9\x9a\x99\xe9\x96\x93",
    "\xe6\xa4\x99","\xe6\x9d\x89","\xe6\x9d\x89\xe4\xb8\xa6",
    "\xe6\x9d\x89\xe4\xb8\xa6\xe5\x8c\xba","\xe6\x9d\x89\xe6\x9c\xac",
    "\xe6\x9d\x89\xe5\xb1\xb1","\xe4\xbb\x8b","\xe5\x8a\xa9",
    "\xe5\x8a\xa9\xe3\x81\xa3\xe4\xba\xba","\xe5\x8a\xa9\xe4\xba\xba","\xe8\x8f\x85",
    "\xe9\xa0\x97","\xe7\xad\x8b","\xe6\x99\x8b","\xe9\x80\xb2","\xe9\x88\xb4",
    "\xe9\x88\xb4\xe9\xb9\xbf","\xe9\x88\xb4\xe6\x9c\xa8","\xe9\x9b\x80","\xe8\xa3\xbe",
    "\xe9\xa0\x88\xe7\x94\xb0","\xe7\xb4\xa0\xe6\x95\xb5","\xe6\x97\xa2",
    "\xe7\xb4\xa0\xe6\x89\x8b","\xe7\xa0\x82","\xe7\xb4\xa0\xe7\x9b\xb4","\xe7\xb7\x8f",
    "\xe5\xa2\xa8","\xe7\xb4\x94","\xe6\xb8\x88","\xe9\x9a\x85","\xe7\x82\xad",
    "\xe4\xbd\x8f\xe5\x8f\x8b","\xe6\x91\xba","\xe9\xa7\xbf\xe6\xb2\xb3",
    "\xe9\xa7\xbf\xe6\xb2\xb3\xe5\x8f\xb0","\xe8\xab\x8f\xe8\xa8\xaa","\xe5\xaf\xb8",
    "\xe5\xaf\xb8\xe5\x89\x8d","\xe9\xa7\xbf\xe5\x8f\xb0","\xe5\xaf\xb8\xe8\xa9\x95",
    "\xe5\xaf\xb8\xe6\xb3\x95","\xe9\xa0\xad","\xe9\x80\x97","\xe5\x8e\xa8","\xe5\x9b\xb3",
    "\xe6\xb4\xa5","\xe8\xb1\x86","\xe9\xab\x84","\xe7\x91\x9e","\xe9\x9a\x8f",
    "\xe9\x9a\x8f\xe6\x99\x82","\xe9\x9a\x8f\xe5\x88\x86","\xe5\x9b\xb3\xe5\xbd\xa2",
    "\xe5\x9b\xb3\xe5\xbd\xa2\xe6\x96\x87\xe5\xad\x97","\xe5\x9b\xb3\xe7\xa4\xba",
    "\xe9\x80\x97\xe5\xad\x90","\xe5\x9b\xb3\xe5\xbc\x8f","\xe6\xb8\x88","\xe8\xa9\xb0",
    "\xe5\x9b\xb3\xe9\x9d\xa2","\xe4\xb8\x96","\xe8\x83\x8c","\xe7\x80\xac","\xe7\x95\x9d",
    "\xe6\x96\xbd","\xe7\x94\x9f","\xe5\xa3\xb0","\xe4\xb8\x96","\xe6\x98\x9f","\xe6\x88\x90",
    "\xe6\x80\xa7","\xe8\xa5\xbf","\xe8\xa3\xbd","\xe6\x88\x90\xe6\x9e\x9c",
    "\xe6\xad\xa3\xe8\xa7\xa3","\xe7\x9b\x9b\xe4\xbc\x9a","\xe6\xad\xa3\xe7\xa2\xba",
    "\xe6\x80\xa7\xe6\xa0\xbc","\xe7\x94\x9f\xe6\xb4\xbb",
    "\xe7\x94\x9f\xe6\xb4\xbb\xe6\x85\x8b\xe5\xba\xa6","\xe9\x9d\x92\xe5\x87\xbd",
    "\xe8\xab\x8b\xe9\xa1\x98","\xe4\xb8\x96\xe7\xb4\x80","\xe7\xb2\xbe\xe6\xb0\x97",
    "\xe7\x94\x9f\xe8\xb5\xb7","\xe6\xad\xa3\xe8\xa6\x8f",
    "\xe6\xad\xa3\xe8\xa6\x8f\xe5\xbd\xa2","\xe6\xad\xa3\xe8\xa6\x8f\xe9\xa0\x85",
    "\xe8\xab\x8b\xe6\xb1\x82","\xe8\xab\x8b\xe6\xb1\x82\xe6\x9b\xb8",
    "\xe9\x80\x9d\xe5\x8e\xbb","\xe7\x9b\x9b\xe6\xb3\x81","\xe7\x94\x9f\xe5\x8d\x94",
    "\xe6\xad\xa3\xe7\xbe\xa9","\xe5\x88\xb6\xe5\xbe\xa1",
    "\xe5\x88\xb6\xe5\xbe\xa1\xe5\xb7\xa5\xe5\xad\xa6",
    "\xe5\x88\xb6\xe5\xbe\xa1\xe8\xa3\x85\xe7\xbd\xae","\xe5\x88\xb6\xe9\x99\x90",
    "\xe8\x81\x96\xe5\xad\x90","\xe6\x88\x90\xe5\x8a\x9f","\xe6\xb8\x85\xe5\x90\xbe",
    "\xe6\x95\xb4\xe5\x90\x88","\xe6\x95\xb4\xe5\x90\x88\xe6\x80\xa7",
    "\xe8\xa3\xbd\xe4\xbd\x9c","\xe8\xa3\xbd\xe4\xbd\x9c\xe8\x80\x85",
    "\xe8\xa3\xbd\xe4\xbd\x9c\xe6\x89\x80","\xe7\x94\x9f\xe7\x94\xa3",
    "\xe6\xad\xa3\xe8\xa6\x96","\xe6\xad\xa3\xe5\xbc\x8f","\xe6\x80\xa7\xe8\xb3\xaa",
    "\xe9\x9d\x92\xe6\x98\xa5","\xe6\x88\x90\xe6\x9b\xb8","\xe7\xb2\xbe\xe7\xa5\x9e",
    "\xe6\x94\xbf\xe6\xb2\xbb","\xe6\x94\xbf\xe6\xb2\xbb\xe5\xae\xb6",
    "\xe8\xaa\xa0\xe5\xae\x9f","\xe6\xad\xa3\xe5\xb8\xb8","\xe6\x88\x90\xe5\x9f\x8e",
    "\xe6\x88\x90\xe4\xba\xba","\xe6\x95\xb4\xe6\x95\xb0","\xe7\x94\x9f\xe6\x88\x90",
    "\xe7\x94\x9f\xe6\x88\x90\xe8\xa6\x8f\xe5\x89\x87",
    "\xe7\x94\x9f\xe6\x88\x90\xe6\x96\x87\xe6\xb3\x95",
    "\xe7\x94\x9f\xe6\x88\x90\xe6\x96\xb9\xe6\xb3\x95","\xe6\x88\x90\xe7\xb8\xbe",
    "\xe6\x95\xb4\xe7\xa4\x8e","\xe8\xa3\xbd\xe9\x80\xa0","\xe7\x94\x9f\xe6\x85\x8b",
    "\xe6\x88\x90\xe9\x95\xb7","\xe9\x9d\x99\xe7\x9a\x84","\xe8\xa3\xbd\xe9\x89\x84",
    "\xe6\x99\xb4\xe5\xa4\xa9","\xe9\x9d\x99\xe9\x9b\xbb\xe6\xb0\x97",
    "\xe7\x94\x9f\xe5\xbe\x92","\xe6\xad\xa3\xe5\xbd\x93","\xe6\x94\xbf\xe5\x85\x9a",
    "\xe6\xad\xa3\xe5\xbd\x93\xe5\x8c\x96","\xe6\xad\xa3\xe5\xbd\x93\xe6\x80\xa7",
    "\xe6\xad\xa3\xe5\xbd\x93\xe9\x98\xb2\xe8\xa1\x9b","\xe7\x94\x9f\xe5\xbe\x97\xe7\x9a\x84",
    "\xe5\x88\xb6\xe5\xba\xa6","\xe7\xb2\xbe\xe5\xba\xa6","\xe7\x94\x9f\xe5\xb9\xb4",
    "\xe9\x9d\x92\xe5\xb9\xb4","\xe7\x94\x9f\xe5\xb9\xb4\xe6\x9c\x88\xe6\x97\xa5",
    "\xe6\x80\xa7\xe8\x83\xbd","\xe6\xad\xa3\xe5\x90\xa6","\xe8\xa3\xbd\xe5\x93\x81",
    "\xe6\x95\xb4\xe5\x82\x99","\xe6\x95\xb4\xe5\x82\x99\xe5\xa3\xab",
    "\xe6\x94\xbf\xe5\xba\x9c","\xe8\xa5\xbf\xe6\xad\xa6","\xe7\x94\x9f\xe7\x89\xa9",
    "\xe6\x88\x90\xe5\x88\x86","\xe6\xad\xa3\xe6\x96\xb9","\xe8\xa3\xbd\xe6\x9c\xac",
    "\xe7\xb2\xbe\xe5\xaf\x86","\xe7\xb2\xbe\xe5\xaf\x86\xe5\x8c\x96",
    "\xe7\x94\x9f\xe5\x91\xbd","\xe5\x88\xb6\xe7\xb4\x84","\xe8\xa5\xbf\xe6\xb4\x8b",
    "\xe9\x9d\x99\xe9\xa4\x8a","\xe7\xb2\xbe\xe9\xa4\x8a\xe8\xbb\x92",
    "\xe6\x95\xb4\xe7\x90\x86","\xe6\x88\x90\xe7\xab\x8b","\xe5\x8b\xa2\xe5\x8a\x9b",
    "\xe8\xa5\xbf\xe6\x9a\xa6","\xe6\x95\xb4\xe5\x88\x97","\xe7\xb2\xbe\xe9\x8c\xac",
    "\xe6\xad\xa3\xe8\xab\x96\xe7\x90\x86\xe5\xbc\x8f","\xe4\xb8\x96\xe7\x95\x8c",
    "\xe4\xb8\x96\xe7\x95\x8c\xe4\xb8\xad","\xe4\xb8\x96\xe7\x95\x8c\xe7\x9a\x84",
    "\xe7\x80\xac\xe4\xb8\x8a","\xe7\x80\xac\xe5\xb7\x9d","\xe6\x98\x94","\xe7\xa9\x8d",
    "\xe5\xb8\xad","\xe5\xa4\x95","\xe9\x96\xa2","\xe5\xaf\x82","\xe7\xa2\xa9","\xe8\xb9\x9f",
    "\xe9\x96\xa2\xe5\x8f\xa3","\xe8\xb2\xac\xe4\xbb\xbb",
    "\xe8\xb2\xac\xe4\xbb\xbb\xe8\x80\x85","\xe7\xa9\x8d\xe5\x88\x86",
    "\xe4\xb8\x96\xe9\x96\x93","\xe4\xb8\x96\xe8\xbe\x9e","\xe8\x83\x8c\xe7\xad\x8b",
    "\xe7\x80\xac\xe7\x94\xb0","\xe4\xb8\x96\xe7\x94\xb0\xe8\xb0\xb7",
    "\xe4\xb8\x96\xe7\x94\xb0\xe8\xb0\xb7\xe5\x8c\xba","\xe4\xb8\x96\xe4\xbb\xa3",
    "\xe7\xaf\x80","\xe6\x8a\x98\xe8\xa7\x92","\xe7\xa9\x8d\xe6\xa5\xb5",
    "\xe7\xa9\x8d\xe6\xa5\xb5\xe7\x9a\x84","\xe6\x8e\xa5\xe8\xbf\x91",
    "\xe7\xaf\x80\xe5\x8f\xa5","\xe8\xa8\xad\xe8\xa8\x88","\xe7\x9f\xb3\xe9\xb9\xb8",
    "\xe2\x84\x83","\xe6\x8a\x98\xe8\xa1\x9d","\xe6\x8e\xa5\xe8\xa7\xa6",
    "\xe8\xa8\xad\xe7\xbd\xae","\xe6\x8a\x98\xe8\xa1\xb7","\xe8\xa8\xad\xe5\xae\x9a",
    "\xe8\xaa\xac\xe5\xbe\x97","\xe9\x9b\xaa","\xe8\xaa\xac","\xe7\xaf\x80","\xe5\x88\x87",
    "\xe8\xa8\xad","\xe6\x8a\x98","\xe7\xaa\x83","\xe6\x91\x82","\xe7\xaf\x80\xe5\xa4\xab",
    "\xe9\x9b\xaa\xe8\xbe\xb1","\xe9\x9b\xaa\xe8\xbe\xb1\xe6\x88\xa6",
    "\xe6\x8e\xa5\xe7\xb6\x9a","\xe6\x8e\xa5\xe7\xb6\x9a\xe9\x96\xa2\xe4\xbf\x82",
    "\xe5\x88\x87\xe6\x96\xad","\xe7\xaf\x80\xe5\xba\xa6","\xe6\x91\x82\xe5\x8d\x97",
    "\xe8\xa8\xad\xe5\x82\x99","\xe8\xaa\xac\xe6\x98\x8e",
    "\xe8\xaa\xac\xe6\x98\x8e\xe4\xbc\x9a","\xe8\xaa\xac\xe6\x98\x8e\xe6\x9b\xb8",
    "\xe7\xaf\x80\xe7\xb4\x84","\xe8\xaa\xac\xe8\xa9\xb1",
    "\xe7\x80\xac\xe6\x88\xb8\xe5\xa4\xa7\xe6\xa9\x8b","\xe8\x83\x8c\xe8\xa1\xa8\xe7\xb4\x99",
    "\xe8\x83\x8c\xe5\xba\x83","\xe8\x83\x8c\xe5\xba\x83\xe9\xa2\xa8","\xe8\x9d\x89",
    "\xe5\x8f\xb0\xe8\xa9\x9e","\xe4\xb8\x96\xe8\xab\x96","\xe4\xb8\x96\xe8\xa9\xb1",
    "\xe4\xb8\x96\xe8\xa9\xb1\xe4\xba\xba","\xe5\x85\x88","\xe7\xb7\x9a","\xe6\x88\xa6",
    "\xe7\xb9\x8a","\xe8\x88\xb9","\xe5\xb7\x9d","\xe9\x81\xb8","\xe5\x8d\xa0",
    "\xe9\x81\xb7\xe7\xa7\xbb","\xe7\xb9\x8a\xe7\xb6\xad","\xe7\xb7\x9a\xe7\x94\xbb",
    "\xe9\x81\xb8\xe6\x9b\xb2","\xe7\xb7\x9a\xe5\x9e\x8b",
    "\xe7\xb7\x9a\xe7\xb5\x90\xe5\x90\x88","\xe5\xae\xa3\xe8\xa8\x80",
    "\xe5\x85\x88\xe8\xa1\x8c","\xe9\x81\xb8\xe8\x80\x83","\xe5\xb0\x82\xe6\x94\xbb",
    "\xe6\xbd\x9c\xe5\x9c\xa8","\xe9\x81\xb8\xe6\x89\x8b","\xe5\x85\x88\xe9\x80\xb1",
    "\xe9\x81\xb8\xe6\x89\x8b\xe6\xa8\xa9","\xe5\x85\x88\xe9\x80\xb2",
    "\xe5\x85\x88\xe6\x97\xa5","\xe7\xb7\x9a\xe7\x8a\xb6","\xe5\x85\x88\xe7\x94\x9f",
    "\xe6\x88\xa6\xe4\xba\x89","\xe9\x81\xb8\xe6\x8a\x9e","\xe6\xb4\x97\xe6\xbf\xaf",
    "\xe9\x81\xb8\xe6\x8a\x9e\xe8\x82\xa2","\xe4\xbb\x99\xe5\x8f\xb0",
    "\xe4\xbb\x99\xe5\x8f\xb0\xe5\xb8\x82","\xe7\xb3\x8e","\xe7\xb3\x8e",
    "\xe7\xb7\x9a\xe9\x95\xb7","\xe9\x81\xb8\xe5\xae\x9a","\xe5\xae\xa3\xe4\xbc\x9d",
    "\xe5\x85\x88\xe9\xa0\xad","\xe6\x88\xa6\xe9\x97\x98","\xe9\x8a\xad\xe6\xb9\xaf",
    "\xe5\x85\x88\xe5\x85\xa5\xe8\xa6\xb3","\xe5\xb0\x82\xe4\xbb\xbb",
    "\xe4\xbb\x99\xe6\xb3\xa2","\xe5\x85\x88\xe8\xbc\xa9","\xe5\x85\x88\xe8\x88\xac",
    "\xe6\x97\x8b\xe9\xa2\xa8","\xe9\x81\xb8\xe5\x88\xa5","\xe6\xb3\x89\xe5\x8c\x97",
    "\xe5\x85\x88\xe6\x96\xb9","\xe5\xb0\x82\xe5\x8b\x99","\xe9\xae\xae\xe6\x98\x8e",
    "\xe5\xb0\x82\xe9\x96\x80","\xe5\xb0\x82\xe9\x96\x80\xe5\xae\xb6",
    "\xe5\x8d\xa0\xe6\x9c\x89","\xe5\xb0\x82\xe7\x94\xa8",
    "\xe5\xb0\x82\xe7\x94\xa8\xe5\x9b\x9e\xe7\xb7\x9a","\xe5\xb0\x82\xe7\x94\xa8\xe7\xb7\x9a",
    "\xe6\x88\xa6\xe7\x95\xa5","\xe5\x8d\xa0\xe9\xa0\x98",
    "\xe7\xb7\x9a\xe8\xbc\xaa\xe9\x83\xad","\xe6\xb4\x97\xe7\xb7\xb4",
    "\xe7\xb7\x9a\xe9\x80\xa3\xe7\xb5\x90","\xe7\xb7\x9a\xe8\xb7\xaf","\xe6\x98\xaf",
    "\xe7\xa8\x8e","\xe8\x84\x86","\xe8\xaa\xac","\xe7\xa8\x8e\xe9\x87\x91",
    "\xe7\xa8\x8e\xe7\x90\x86\xe5\xa3\xab","\xe7\xb5\xb6\xe5\x8f\xa5",
    "\xe7\xb5\xb6\xe9\xa3\x9f","\xe7\xb5\xb6\xe5\xaf\xbe","\xe7\xb5\xb6","\xe8\x88\x8c",
    "\xe7\xb5\xb6\xe5\xa6\x99","\xe9\x8a\xad","\xe6\x98\xaf\xe9\x9d\x9e","\xe5\x89\x8d",
    "\xe5\x85\xa8","\xe8\x86\xb3","\xe7\xb9\x95","\xe7\xa6\x85","\xe7\x84\xb6","\xe6\xbc\xb8",
    "\xe5\x96\x84","\xe5\x85\xa8\xe5\x93\xa1","\xe5\x85\xa8\xe8\x8b\xb1",
    "\xe5\x89\x8d\xe5\x9b\x9e","\xe5\x85\xa8\xe8\xa7\x92",
    "\xe5\x85\xa8\xe8\xa7\x92\xe4\xbb\xae\xe5\x90\x8d","\xe5\x85\xa8\xe5\xad\xa6",
    "\xe5\x85\xa8\xe9\xa1\x8d","\xe5\x89\x8d\xe6\x9c\x9f","\xe5\x89\x8d\xe9\xa0\x85",
    "\xe5\x85\xa8\xe5\x9b\xbd","\xe5\x85\xa8\xe5\x9b\xbd\xe5\xa4\xa7\xe4\xbc\x9a",
    "\xe5\x85\xa8\xe5\x9b\xbd\xe7\x9a\x84","\xe5\x89\x8d\xe5\xbe\x8c",
    "\xe5\x89\x8d\xe5\xbe\x8c\xe5\xb7\xa6\xe5\x8f\xb3","\xe5\x89\x8d\xe8\x80\x85",
    "\xe5\x85\xa8\xe7\xa4\xbe","\xe5\x85\xa8\xe9\x9b\x86","\xe5\x89\x8d\xe7\xab\xa0",
    "\xe5\x85\xa8\xe7\xa7\xb0","\xe5\x89\x8d\xe6\x97\xa5","\xe5\x89\x8d\xe8\xbf\xb0",
    "\xe5\x85\xa8\xe9\xa0\x86\xe5\xba\x8f","\xe5\x85\xa8\xe4\xba\xba\xe9\xa1\x9e",
    "\xe5\x89\x8d\xe7\xaf\x80","\xe5\x85\xa8\xe7\x84\xb6","\xe5\x85\xa8\xe4\xbd\x93",
    "\xe5\x85\xa8\xe5\x9c\xb0\xe7\x90\x83","\xe5\x85\xa8\xe9\x95\xb7",
    "\xe5\x89\x8d\xe6\x8f\x90","\xe5\x89\x8d\xe5\xb9\xb4",
    "\xe5\x89\x8d\xe5\xb9\xb4\xe5\xba\xa6","\xe5\x89\x8d\xe5\x8d\x8a",
    "\xe5\x85\xa8\xe8\x88\xac","\xe5\x85\xa8\xe9\x83\xa8","\xe5\x85\xa8\xe6\x96\x87",
    "\xe5\x85\xa8\xe5\xb9\x85","\xe5\x85\xa8\xe6\xbb\x85",
    "\xe5\x85\xa8\xe9\x9d\xa2\xe7\x9a\x84","\xe5\x89\x8d\xe7\x95\xa5","\xe7\xb5\x84",
    "\xe9\xbc\xa0","\xe9\x81\xa1","\xe9\x98\xbb","\xe8\xa8\xb4","\xe8\x98\x87","\xe7\xb4\xa0",
    "\xe7\xb2\x97","\xe7\xb4\xa0\xe5\x9b\xa0\xe6\x95\xb0","\xe9\xa8\x92","\xe7\xb7\x8f",
    "\xe5\xb1\xa4","\xe7\x9b\xb8","\xe6\x83\xb3","\xe9\x80\x81","\xe6\x97\xa9","\xe9\x9c\x9c",
    "\xe7\x9b\xb8\xe9\x81\x95","\xe7\x9b\xb8\xe7\x95\xb0",
    "\xe7\x9b\xb8\xe7\x95\xb0\xe7\x82\xb9","\xe7\x9b\xb8\xe9\x81\x95\xe7\x82\xb9",
    "\xe7\x9b\xb8\xe5\xbf\x9c","\xe7\xb7\x8f\xe4\xbc\x9a","\xe7\xb7\x8f\xe6\x8b\xac",
    "\xe5\xa3\xae\xe8\xa6\xb3","\xe6\x97\xa9\xe6\x9c\x9f","\xe6\x97\xa9\xe6\x80\xa5",
    "\xe9\x80\x81\xe9\x87\x91","\xe9\x81\xad\xe9\x81\x87","\xe5\x80\x89\xe5\xba\xab",
    "\xe8\xb5\xb0\xe8\xa1\x8c","\xe8\x8d\x89\xe7\xa8\xbf","\xe7\x9b\xb8\xe4\xba\x92",
    "\xe7\xb7\x8f\xe5\x90\x88","\xe7\xb6\x9c\xe5\x90\x88",
    "\xe7\xb7\x8f\xe5\x90\x88\xe7\xa7\x91\xe5\xad\xa6\xe9\x83\xa8","\xe6\x93\x8d\xe4\xbd\x9c",
    "\xe8\xb5\xb0\xe6\x9f\xbb","\xe6\x93\x8d\xe4\xbd\x9c\xe5\x93\xa1",
    "\xe5\x89\xb5\xe4\xbd\x9c","\xe5\x89\xb5\xe5\xa7\x8b",
    "\xe7\xb7\x8f\xe6\x94\xaf\xe7\xa4\xbe","\xe5\xa5\x8f\xe8\x80\x85",
    "\xe9\x80\x81\xe5\x87\xba","\xe7\xb7\x8f\xe7\xa7\xb0","\xe9\x80\x81\xe4\xbf\xa1",
    "\xe6\x8e\x83\xe9\x99\xa4","\xe9\x80\x81\xe5\x8f\x97",
    "\xe9\x80\x81\xe5\x8f\x97\xe4\xbf\xa1","\xe7\xb7\x8f\xe6\x95\xb0",
    "\xe8\x8d\x89\xe3\x80\x85","\xe6\x97\xa9\xe3\x80\x85","\xe6\x83\xb3\xe5\x83\x8f",
    "\xe5\x89\xb5\xe9\x80\xa0","\xe7\x9b\xb8\xe5\xaf\xbe","\xe6\x93\x8d\xe8\x88\xb5",
    "\xe7\x9b\xb8\xe8\xab\x87","\xe7\x9b\xb8\xe8\xab\x87\xe5\x93\xa1",
    "\xe7\x9b\xb8\xe8\xab\x87\xe6\x89\x80","\xe8\xa3\x85\xe7\xbd\xae",
    "\xe8\xa3\x85\xe7\x9d\x80","\xe6\x83\xb3\xe5\xae\x9a","\xe9\x80\x81\xe9\x9b\xbb",
    "\xe7\x9b\xb8\xe5\xbd\x93","\xe4\xba\x89\xe9\x97\x98","\xe6\x8c\xbf\xe5\x85\xa5",
    "\xe8\xa3\x85\xe5\x82\x99","\xe9\x80\x81\xe4\xbb\x98",
    "\xe9\x80\x81\xe4\xbb\x98\xe5\x85\x88","\xe5\x8f\x8c\xe6\x96\xb9",
    "\xe7\x9b\xb8\xe9\xa6\xac","\xe5\x89\xb5\xe5\xa4\xa2","\xe7\xb7\x8f\xe5\x8b\x99",
    "\xe5\x89\xb5\xe7\xab\x8b","\xe9\x80\x81\xe6\x96\x99","\xe5\x80\x99","\xe6\xb7\xbb",
    "\xe6\xb7\xbb\xe7\x94\xb0","\xe8\x98\x87\xe6\x88\x91","\xe9\x98\xbb\xe5\xae\xb3",
    "\xe8\xb6\xb3","\xe5\x81\xb4","\xe9\x80\x9f","\xe6\x81\xaf","\xe5\x8d\xb3","\xe6\xb8\xac",
    "\xe6\x9d\x9f","\xe6\x8d\x89","\xe5\x8d\xb3\xe5\xba\xa7","\xe4\xbf\x83\xe9\x80\xb2",
    "\xe5\x81\xb4\xe7\xb7\x9a","\xe9\x80\x9f\xe9\x81\x94","\xe6\xb8\xac\xe5\xae\x9a",
    "\xe9\x80\x9f\xe5\xba\xa6","\xe6\xb8\xac\xe5\xba\xa6","\xe6\x9d\x9f\xe7\xb8\x9b",
    "\xe5\x81\xb4\xe9\x9d\xa2","\xe7\x96\x8e\xe7\xb5\x90\xe5\x90\x88","\xe5\xba\x95",
    "\xe7\xb2\x97\xe7\xa8\xbf","\xe7\xb5\x84\xe7\xb9\x94",
    "\xe7\xb5\x84\xe7\xb9\x94\xe6\x9a\xb4\xe5\x8a\x9b","\xe7\xb4\xa0\xe6\x95\xb0",
    "\xe7\xb4\xa0\xe6\x95\xb0\xe5\x88\x86\xe8\xa7\xa3","\xe6\x8e\xaa\xe7\xbd\xae",
    "\xe6\xb8\xac\xe5\x99\xa8","\xe7\x8e\x87","\xe5\x8d\x92","\xe5\x8d\x92\xe6\xa5\xad",
    "\xe5\x8d\x92\xe7\xa0\x94","\xe8\xa2\x96","\xe5\xa4\x96","\xe5\xa4\x96\xe5\x81\xb4",
    "\xe6\x9b\xbd\xe6\xa0\xb9","\xe5\x85\xb6","\xe5\x9c\x92",
    "\xe3\x81\x9d\xe3\x81\xae\xe4\xbb\x96","\xe5\x81\xb4","\xe8\x95\x8e\xe9\xba\xa6",
    "\xe7\xa5\x96\xe7\x88\xb6","\xe7\xa5\x96\xe6\xaf\x8d","\xe7\xb2\x97\xe6\x9a\xb4",
    "\xe7\xb4\xa0\xe6\x9c\xb4","\xe7\xa9\xba","\xe7\xa9\xba\xe8\x89\xb2",
    "\xe7\xa5\x96\xe9\x9c\x8a","\xe6\x9f\x90","\xe6\x90\x8d","\xe5\xad\x98","\xe9\x81\x9c",
    "\xe6\x9d\x91","\xe5\xb0\x8a","\xe5\xad\xab","\xe6\x90\x8d\xe5\xae\xb3",
    "\xe5\xb0\x8a\xe6\x95\xac","\xe5\xb0\x8a\xe6\x95\xac\xe8\xaa\x9e",
    "\xe5\xad\x98\xe5\x9c\xa8","\xe6\x90\x8d\xe5\xa4\xb1","\xe6\x90\x8d\xe5\x82\xb7",
    "\xe6\x90\x8d\xe5\x82\xb7\xe5\xba\xa6","\xe5\xad\x98\xe7\xb6\x9a",
    "\xe5\xb0\x8a\xe9\x87\x8d","\xe8\x87\x93","\xe8\xb4\x88","\xe9\x80\xa0","\xe8\x94\xb5",
    "\xe6\x86\x8e","\xe5\xa2\x97","\xe5\x83\x8f","\xe8\xb1\xa1","\xe5\xa2\x97\xe5\x8a\xa0",
    "\xe5\xa2\x97\xe5\x88\x8a","\xe8\x87\x93\xe5\x99\xa8","\xe9\x80\xa0\xe8\xaa\x9e",
    "\xe5\xa2\x97\xe5\x88\xb7","\xe5\xa2\x97\xe8\xa8\xad","\xe9\x80\xa0\xe8\x88\xb9",
    "\xe5\xa2\x97\xe5\xa4\xa7","\xe5\xa2\x97\xe5\x88\x86","\xe7\xb6\x9a","\xe6\x97\x8f",
    "\xe8\xb3\x8a","\xe5\xb1\x9e","\xe4\xbf\x97","\xe4\xbf\x97\xe8\xaa\x9e",
    "\xe5\xb1\x9e\xe6\x80\xa7","\xe4\xbf\x97\xe8\xaa\xac","\xe7\xb6\x9a\xe7\xb7\xa8",
    "\xe7\xb6\x9a\xe5\xa0\xb1","\xe5\xad\x98","\xe5\xad\x98\xe7\x9f\xa5",
    "\xe5\xad\x98\xe5\x88\x86","\xe5\xad\x98\xe5\x91\xbd","\xe4\xbb\x96","\xe5\xa4\xaa",
    "\xe5\xa4\x9a","\xe8\xa9\x91","\xe6\xb1\xb0","\xe7\x94\xb0","\xe6\x89\x8b","\xe5\xa4\xa7",
    "\xe4\xbb\xa3","\xe8\xa2\x8b","\xe4\xbd\x93","\xe9\x9a\x8a","\xe5\xaf\xbe","\xe6\x85\x8b",
    "\xe9\xaf\x9b","\xe5\xa4\xa7\xe5\xae\x89","\xe5\xa4\xa7\xe6\x84\x8f",
    "\xe5\xaf\xbe\xe5\xbf\x9c","\xe4\xbd\x93\xe6\xb8\xa9","\xe5\xa4\xa7\xe4\xbc\x9a",
    "\xe4\xbd\x93\xe6\xa0\xbc","\xe9\x80\x80\xe5\xae\x98","\xe5\xa4\xa7\xe6\xa6\x82",
    "\xe9\x80\x80\xe5\xad\xa6","\xe5\xa4\xa7\xe6\xb0\x97","\xe8\x80\x90\xe4\xb9\x85",
    "\xe8\x80\x90\xe4\xb9\x85\xe5\x8a\x9b","\xe5\xaf\xbe\xe6\xa5\xb5",
    "\xe5\xa4\xa7\xe9\x87\x91","\xe4\xbd\x93\xe8\xba\xaf","\xe9\x80\x80\xe5\xb1\x88",
    "\xe4\xbd\x93\xe7\xb3\xbb","\xe4\xbd\x93\xe5\x9e\x8b","\xe4\xbd\x93\xe9\xa8\x93",
    "\xe5\xaf\xbe\xe6\x8a\x97","\xe5\xa4\xa7\xe5\xb7\xae","\xe5\xa4\xa7\xe4\xbd\x9c",
    "\xe5\xaf\xbe\xe7\xad\x96","\xe5\xa4\xa7\xe7\xbd\xaa","\xe6\xbb\x9e\xe5\x9c\xa8",
    "\xe5\xa4\xa7\xe5\x8f\xb2","\xe5\xa4\xa7\xe4\xbd\xbf\xe9\xa4\xa8",
    "\xe9\x80\x80\xe5\xae\xa4","\xe9\x80\x80\xe7\xa4\xbe","\xe8\xb2\xb8\xe5\x80\x9f",
    "\xe5\xaf\xbe\xe5\x87\xa6","\xe5\xaf\xbe\xe8\xb1\xa1","\xe5\xa4\xa7\xe5\xb0\x86",
    "\xe5\xaf\xbe\xe7\xa7\xb0","\xe5\xa4\xa7\xe8\xb3\x9e","\xe5\xa4\xa7\xe6\xad\xa3",
    "\xe5\xaf\xbe\xe7\x97\x87","\xe5\xaf\xbe\xe7\x85\xa7",
    "\xe5\xaf\xbe\xe7\xa7\xb0\xe6\x80\xa7","\xe5\xaf\xbe\xe8\xb1\xa1\xe7\x89\xa9",
    "\xe9\x80\x80\xe8\x81\xb7","\xe8\x80\x90\xe9\x9c\x87","\xe6\x85\x8b\xe5\x8b\xa2",
    "\xe4\xbd\x93\xe5\x88\xb6","\xe4\xbd\x93\xe7\xa9\x8d","\xe9\x80\x80\xe5\xb8\xad",
    "\xe5\xa4\xa7\xe5\x88\x87","\xe5\xa4\xa7\xe6\x88\xa6","\xe4\xbd\x93\xe8\xaa\xbf",
    "\xe5\xa4\xa7\xe6\x8a\xb5","\xe5\xb8\xaf\xe9\x9b\xbb","\xe5\x8f\xb0\xe6\x9d\xb1",
    "\xe6\x85\x8b\xe5\xba\xa6","\xe5\xa4\xaa\xe7\x99\xbd","\xe9\x80\x80\xe9\x81\xbf",
    "\xe5\xaf\xbe\xe6\xaf\x94","\xe5\x8f\xb0\xe9\xa2\xa8","\xe5\xa4\xa7\xe5\xa4\x89",
    "\xe6\x80\xa0\xe6\x85\xa2","\xe5\xaf\xbe\xe9\x9d\xa2","\xe5\xaf\xbe\xe8\xa8\xb3",
    "\xe5\xa4\xa7\xe8\xa6\x81","\xe5\xa4\xaa\xe9\x99\xbd","\xe5\xb9\xb3",
    "\xe5\xa4\xa7\xe9\x87\x8f","\xe5\xaf\xbe\xe8\xa9\xb1","\xe5\xa6\x99",
    "\xe5\xa6\x99\xe5\xad\x90","\xe9\xb7\xb9","\xe9\xab\x98","\xe9\x9a\x86","\xe8\xb2\xb4",
    "\xe5\xad\x9d","\xe4\xba\xa8","\xe9\xab\x98\xe4\xba\x95","\xe9\xab\x98\xe6\x9c\xa8",
    "\xe8\xb2\xb4\xe5\x8f\xb2","\xe5\xb0\x9a\xe5\x8f\xb2","\xe5\x96\xac",
    "\xe9\xab\x98\xe9\xa0\x88","\xe9\xab\x98\xe7\x94\xb0","\xe9\xab\x98\xe9\x87\x8e",
    "\xe9\xab\x98\xe5\xbe\xb3","\xe9\xab\x98\xe6\xa9\x8b","\xe8\xb2\xb4\xe6\x96\x87",
    "\xe9\xab\x98\xe6\x9d\xbe","\xe9\xab\x98\xe8\xa6\x8b","\xe8\xb2\xb4\xe5\xba\xb7",
    "\xe9\xab\x98\xe5\xb1\xb1","\xe9\xab\x98\xe4\xb9\x8b","\xe5\xae\x9d",
    "\xe5\xae\x9d\xe7\x94\xb0","\xe5\xa4\x9a\xe8\xb3\x80\xe5\x9f\x8e",
    "\xe7\x94\xb0\xe5\xb7\x9d","\xe7\x80\xa7","\xe6\xbb\x9d","\xe5\xa4\x9a\xe5\xb2\x90",
    "\xe7\x80\xa7\xe5\x86\x85","\xe8\x96\xaa","\xe9\x90\xb8","\xe8\xa8\x97","\xe7\x90\xa2",
    "\xe6\xbf\xaf","\xe6\xb2\xa2","\xe6\x8b\x93","\xe6\x8a\x9e","\xe6\x89\x98",
    "\xe6\x8a\x9e\xe4\xb8\x80","\xe6\xb2\xa2\xe5\xb1\xb1","\xe7\x94\xb0\xe7\xaa\xaa",
    "\xe9\xa1\x9e","\xe8\x8c\xb8","\xe7\xab\xb9","\xe6\xad\xa6","\xe4\xb8\x88","\xe5\x81\xa5",
    "\xe5\xb2\xb3","\xe6\xad\xa6\xe5\xb8\x82","\xe6\xad\xa6\xe5\x86\x85",
    "\xe7\xab\xb9\xe5\x86\x85","\xe7\x8c\x9b","\xe6\xad\xa6\xe5\xbf\x97",
    "\xe6\xad\xa6\xe7\x94\xb0","\xe7\xab\xb9\xe7\x94\xb0","\xe7\xab\xb9\xe5\x8e\x9f",
    "\xe7\xab\xb9\xe4\xb9\x85","\xe6\xad\xa6\xe5\xb1\xb1","\xe8\x9b\xb8","\xe5\x87\xa7",
    "\xe4\xbb\x96\xe6\xa0\xa1","\xe5\xa4\x9a\xe9\xa0\x85\xe5\xbc\x8f",
    "\xe4\xbb\x96\xe6\xa0\xa1\xe7\x94\x9f","\xe4\xbb\x96\xe7\xa4\xbe",
    "\xe5\xa4\x9a\xe5\xb0\x91","\xe5\xa4\x9a\xe6\xac\xa1\xe5\x85\x83",
    "\xe7\x94\xb0\xe5\xb3\xb6","\xe5\xa4\x9a\xe9\x87\x8d",
    "\xe5\xa4\x9a\xe9\x87\x8d\xe5\x87\xa6\xe7\x90\x86",
    "\xe5\xa4\x9a\xe9\x87\x8d\xe7\xa9\x8d\xe5\x88\x86","\xe5\xa4\x9a\xe6\x95\xb0",
    "\xe5\xa4\x9a\xe5\x8b\xa2","\xe5\xa4\x9a\xe7\x9b\xb8",
    "\xe5\xa4\x9a\xe7\x9b\xb8\xe5\x9e\x8b","\xe9\xbb\x84\xe6\x98\x8f","\xe7\x96\x8a",
    "\xe7\x95\xb3","\xe5\x94\xaf","\xe5\x8f\xaa","\xe5\xbf\xa0","\xe7\x90\x86\xe9\xa1\x95",
    "\xe5\xa4\x9a\xe5\xa4\xa7","\xe6\xad\xa3","\xe9\xa4\xa8","\xe9\x81\x94","\xe7\xab\x8b",
    "\xe7\xab\x8b\xe6\x9c\xa8","\xe7\xab\x8b\xe5\xa0\xb4","\xe7\xab\x8b\xe7\x94\xba",
    "\xe5\xae\x85\xe6\x80\xa5\xe4\xbe\xbf","\xe9\x81\x94\xe8\x80\x85",
    "\xe9\x81\x94\xe6\x88\x90","\xe8\xbe\xb0","\xe9\x81\x94","\xe9\xbe\x8d","\xe7\xab\x9c",
    "\xe9\xbe\x8d\xe7\x94\xb0","\xe5\xb7\xbd","\xe7\xab\xaa","\xe2\x94\x82","\xe7\xb8\xa6",
    "\xe7\xab\x8b","\xe6\xa5\xaf","\xe7\xab\x8b\xe7\x9f\xb3","\xe7\xb8\xa6\xe6\xa3\x92",
    "\xe5\xbb\xba\xe7\x89\xa9","\xe7\x94\xb0\xe6\x89\x80","\xe6\xa3\x9a",
    "\xe7\x94\xb0\xe4\xb8\xad","\xe4\xb8\x83\xe5\xa4\x95","\xe8\xb0\xb7",
    "\xe8\xb0\xb7\xe5\xb1\xb1","\xe4\xbb\x96\xe4\xba\xba","\xe7\x8b\xb8","\xe7\xa8\xae",
    "\xe6\x9d\x9f","\xe7\x94\xb0\xe5\x8e\x9f","\xe5\xba\xa6","\xe6\x97\x85",
    "\xe5\xba\xa6\xe3\x80\x85","\xe5\xa4\x9a\xe5\x88\x86","\xe5\xa4\x9a\xe5\xbf\x99",
    "\xe7\x8e\x89","\xe5\xbc\xbe","\xe5\xa4\x9a\xe6\x91\xa9","\xe7\x90\x83","\xe9\x9c\x8a",
    "\xe5\xa4\x9a\xe6\x91\xa9\xe5\xb7\x9d","\xe7\x8e\x89\xe5\xb7\x9d",
    "\xe7\x8e\x89\xe6\x9c\xa8","\xe5\x8d\xb5","\xe9\xad\x82","\xe7\x8e\x89\xe5\xb3\xb6",
    "\xe7\x94\xb0\xe7\x94\xba","\xe7\x8e\x89\xe8\x91\xb1","\xe6\xb0\x91",
    "\xe7\x94\xb0\xe6\x9d\x91","\xe7\x82\xba","\xe6\xba\x9c\xe6\x81\xaf",
    "\xe5\xa4\x9a\xe6\xa7\x98","\xe5\xa4\x9a\xe6\xa7\x98\xe5\x9e\x8b","\xe9\xb1\x88",
    "\xe6\xa8\xbd","\xe5\xa4\xaa\xe9\x83\x8e","\xe5\xa4\xaa\xe6\x9c\x97","\xe4\xbf\xb5",
    "\xe5\x8d\x98","\xe7\xab\xaf","\xe5\x8f\x8d","\xe9\x8d\x9b","\xe8\xaa\x95","\xe8\x9b\x8b",
    "\xe8\x83\x86","\xe8\x80\xbd","\xe5\x8d\x98\xe4\xbd\x8d",
    "\xe5\x8d\x98\xe4\xbd\x8d\xe5\x85\x83","\xe5\x8d\x98\xe4\xb8\x80",
    "\xe5\x8d\x98\xe4\xb8\x80\xe5\x8c\x96","\xe7\x9f\xad\xe6\x9c\x9f",
    "\xe7\x9f\xad\xe8\xb7\x9d\xe9\x9b\xa2","\xe6\x8e\xa2\xe6\xa4\x9c",
    "\xe5\x8d\x98\xe9\xa0\x85","\xe5\x8d\x98\xe8\xa1\x8c\xe6\x9c\xac",
    "\xe5\x8d\x98\xe8\xaa\x9e","\xe6\x8e\xa2\xe6\x9f\xbb",
    "\xe6\x8e\xa2\xe6\x9f\xbb\xe6\xa9\x9f","\xe6\x8e\xa2\xe7\xb4\xa2",
    "\xe5\x8d\x98\xe5\x86\x99","\xe7\x9f\xad\xe7\xb8\xae","\xe7\x9f\xad\xe6\x89\x80",
    "\xe5\x8d\x98\xe7\xb4\x94","\xe8\xaa\x95\xe7\x94\x9f",
    "\xe8\xaa\x95\xe7\x94\x9f\xe6\x97\xa5","\xe7\xae\xaa\xe7\xac\xa5",
    "\xe5\x8d\x98\xe6\x95\xb0","\xe6\x8e\xa2\xe7\x9f\xa5","\xe5\x8d\x98\xe8\xaa\xbf",
    "\xe7\x9f\xad\xe8\xaa\xbf","\xe6\x8b\x85\xe5\xbd\x93",
    "\xe6\x8b\x85\xe5\xbd\x93\xe8\x80\x85","\xe5\x8d\x98\xe7\x8b\xac",
    "\xe6\x8b\x85\xe4\xbb\xbb","\xe4\xb8\xb9\xe7\xbe\xbd","\xe8\x9b\x8b\xe7\x99\xbd",
    "\xe7\x9f\xad\xe7\xb7\xa8","\xe7\xab\xaf\xe6\x9c\xab",
    "\xe7\xab\xaf\xe6\x9c\xab\xe7\xaa\x93","\xe7\x9f\xad\xe7\xb5\xa1","\xe9\xa8\xa8",
    "\xe9\xa7\x84","\xe9\x99\x80","\xe6\xa5\x95","\xe8\x88\xb5","\xe6\x9f\x81","\xe6\x89\x93",
    "\xe6\x83\xb0","\xe5\xa4\xa7","\xe7\xac\xac","\xe5\x86\x85","\xe4\xbb\xa3","\xe5\x8f\xb0",
    "\xe9\xa1\x8c","\xe9\x86\x8d","\xe5\xbc\x9f","\xe7\xac\xac\xe4\xb8\x80",
    "\xe5\xa4\xa7\xe5\xad\xa6","\xe5\xa4\xa7\xe5\xad\xa6\xe9\x99\xa2",
    "\xe5\xa4\xa7\xe5\xad\xa6\xe9\x99\xa2\xe7\x94\x9f","\xe5\xa4\xa7\xe5\xad\xa6\xe7\x94\x9f",
    "\xe5\xa4\xa7\xe5\xad\xa6\xe5\x86\x85","\xe5\xa4\xa7\xe8\xa6\x8f\xe6\xa8\xa1",
    "\xe4\xbb\xa3\xe9\x87\x91","\xe4\xbb\xa3\xe8\xa1\x8c","\xe5\xa4\xa7\xe6\xa0\xb9",
    "\xe9\x86\x8d\xe9\x86\x90","\xe7\xac\xac\xe4\xba\x94","\xe7\xac\xac\xe4\xb8\x89",
    "\xe7\xac\xac\xe4\xb8\x89\xe4\xba\xac\xe6\xb5\x9c","\xe7\xac\xac\xe4\xb8\x89\xe8\x80\x85",
    "\xe5\xa4\xa7\xe8\xb3\x9b\xe6\x88\x90","\xe4\xbb\xa3\xe5\x84\x9f",
    "\xe5\xa4\xa7\xe4\xba\x8b","\xe5\xa4\xa7\xe4\xb8\x88\xe5\xa4\xab",
    "\xe5\x8f\xb0\xe6\x95\xb0","\xe4\xbb\xa3\xe6\x95\xb0",
    "\xe5\xa4\xa7\xe5\x89\x8d\xe6\x8f\x90","\xe5\xa4\xa7\xe4\xbd\x93",
    "\xe5\xa4\xa7\xe8\x83\x86","\xe5\xa4\xa7\xe5\x9c\xb0","\xe7\xac\xac\xe4\xba\x8c",
    "\xe4\xbb\xa3\xe5\x85\xa5","\xe4\xbb\xa3\xe5\x85\xa5\xe6\x96\x87",
    "\xe5\xa4\xa7\xe7\x99\xbe\xe7\xa7\x91","\xe4\xbb\xa3\xe8\xa1\xa8",
    "\xe4\xbb\xa3\xe8\xa1\xa8\xe8\x80\x85","\xe4\xbb\xa3\xe8\xa1\xa8\xe7\x9a\x84",
    "\xe5\xa4\xa7\xe9\x83\xa8\xe5\x88\x86","\xe9\xa1\x8c\xe5\x90\x8d",
    "\xe9\xa1\x8c\xe7\x9b\xae","\xe4\xbb\xa3\xe7\x94\xa8","\xe4\xbb\xa3\xe7\x90\x86",
    "\xe4\xbb\xa3\xe7\x90\x86\xe5\xba\x97","\xe6\xa5\x95\xe5\x86\x86","\xe8\xab\xbe",
    "\xe6\xbf\x81","\xe6\xbf\x81\xe9\x9f\xb3","\xe6\x89\x93\xe8\xa8\xba",
    "\xe8\x9b\x87\xe8\xb6\xb3","\xe9\x81\x94","\xe8\x84\xb1","\xe5\xa5\xaa","\xe8\x84\xb1",
    "\xe9\xa4\xa8","\xe5\xa6\xa5\xe5\xbd\x93","\xe6\xa3\x9a","\xe9\xa7\x84\xe7\x9b\xae",
    "\xe8\xaa\xb0","\xe7\x94\xb7","\xe6\xae\xb5","\xe6\x96\xad","\xe5\xbc\xbe","\xe6\x9a\x96",
    "\xe8\xab\x87","\xe6\xaa\x80","\xe5\xa3\x87","\xe5\x9b\xa3\xe5\x93\xa1",
    "\xe6\xae\xb5\xe9\x9a\x8e","\xe6\x9a\x96\xe6\xa9\x9f","\xe5\x9b\xa3\xe7\xb5\x90",
    "\xe7\x94\xb7\xe5\xad\x90","\xe5\xbc\xbe\xe6\x95\xb0","\xe6\x96\xad\xe5\xb1\xa4",
    "\xe5\x9b\xa3\xe4\xbd\x93","\xe6\xae\xb5\xe3\x80\x85","\xe5\x9b\xa3\xe5\x9c\xb0",
    "\xe6\x9a\x96\xe6\x88\xbf","\xe6\x96\xad\xe9\x9d\xa2","\xe6\xae\xb5\xe8\x90\xbd",
    "\xe8\xab\x87\xe8\xa9\xb1","\xe8\xab\x87\xe8\xa9\xb1\xe4\xbc\x9a","\xe5\x80\xa4",
    "\xe6\x81\xa5","\xe5\x9c\xb0","\xe7\x9f\xa5","\xe8\x8c\x85","\xe9\xa6\xb3","\xe9\x81\x85",
    "\xe8\x9c\x98","\xe5\x9c\xb0\xe4\xbd\x8d","\xe5\x9c\xb0\xe5\x9f\x9f",
    "\xe7\x9f\xa5\xe6\x81\xb5","\xe9\x81\x85\xe5\xbb\xb6","\xe5\x9c\xb0\xe4\xb8\x8b",
    "\xe8\xbf\x91","\xe5\x9c\xb0\xe6\xae\xbb","\xe8\xbf\x91\xe9\xa0\x83",
    "\xe5\x9c\xb0\xe4\xb8\x8b\xe9\x89\x84","\xe5\x8a\x9b","\xe5\x9c\xb0\xe5\xad\xa6",
    "\xe5\x9c\xb0\xe7\x90\x83","\xe5\x9c\xb0\xe7\x90\x83\xe4\xba\xba",
    "\xe5\x9c\xb0\xe7\x90\x83\xe9\x80\xa3\xe9\x82\xa6","\xe9\x80\x90","\xe8\x93\x84",
    "\xe7\xad\x91","\xe7\xab\xb9","\xe7\x95\x9c","\xe7\xaf\x89","\xe5\x9c\xb0\xe5\x8c\xba",
    "\xe5\x9c\xb0\xe5\x8c\xba\xe5\x8d\x94","\xe5\x8d\x83\xe7\xa8\xae",
    "\xe5\x8d\x83\xe7\xa8\xae\xe5\x8c\xba","\xe9\x80\x90\xe6\xac\xa1",
    "\xe8\x93\x84\xe7\xa9\x8d","\xe7\xab\xb9\xe6\x9e\x97","\xe9\x81\x85\xe5\x88\xbb",
    "\xe7\x9f\xa5\xe8\xad\x98","\xe5\x9c\xb0\xe7\xa3\x81\xe6\xb0\x97",
    "\xe5\x9c\xb0\xe5\x9b\xb3","\xe5\x8d\x83\xe5\xaf\xbf\xe5\xad\x90",
    "\xe7\x9f\xa5\xe6\x80\xa7","\xe5\x8d\x83\xe7\x94\xb0","\xe7\x88\xb6","\xe4\xb9\xb3",
    "\xe7\xaa\x92","\xe7\xa7\xa9","\xe7\xa7\xa9\xe5\xba\x8f","\xe7\x9f\xa5\xe7\x9a\x84",
    "\xe7\x9f\xa5\xe7\x9a\x84\xe5\x87\xa6\xe7\x90\x86","\xe5\x9c\xb0\xe7\x82\xb9",
    "\xe5\x8d\x83\xe6\xad\xb3","\xe5\x8d\x83\xe5\xa4\x8f","\xe7\x9f\xa5\xe8\x83\xbd",
    "\xe7\x9f\xa5\xe8\x83\xbd\xe7\x8a\xaf","\xe8\xa1\x80\xe3\x81\xae\xe6\xb0\x97",
    "\xe5\x8d\x83\xe6\x98\xa5","\xe5\x8d\x83\xe8\x91\x89",
    "\xe5\x8d\x83\xe8\x91\x89\xe7\x9c\x8c","\xe5\x9c\xb0\xe6\x96\xb9","\xe5\xb7\xb7",
    "\xe5\x9c\xb0\xe5\x90\x8d","\xe8\x8c\xb6","\xe7\x9d\x80","\xe5\xab\xa1",
    "\xe7\x9d\x80\xe4\xbf\xa1","\xe7\x9d\x80\xe6\x83\xb3","\xe7\x9d\x80\xe4\xbb\xbb",
    "\xe7\x9d\x80\xe7\x9b\xae","\xe7\x9d\x80\xe9\x99\xb8","\xe8\x8c\xb6\xe4\xbb\xa3",
    "\xe7\x9d\x80\xe8\x89\xa6","\xe4\xb8\xad","\xe6\xb3\xa8","\xe6\x98\xbc","\xe8\x99\xab",
    "\xe5\xae\x99","\xe9\xa7\x90","\xe9\x8b\xb3","\xe9\x85\x8e","\xe6\xb3\xa8\xe6\x84\x8f",
    "\xe6\xb3\xa8\xe6\x84\x8f\xe5\xa0\xb1","\xe4\xb8\xad\xe5\xa4\xae",
    "\xe4\xb8\xad\xe8\x8f\xaf","\xe4\xb8\xad\xe8\x8f\xaf\xe8\xa1\x97",
    "\xe4\xb8\xad\xe6\xa0\xb8","\xe4\xb8\xad\xe9\x96\x93","\xe4\xb8\xad\xe5\xad\xa6",
    "\xe4\xb8\xad\xe5\xad\xa6\xe6\xa0\xa1","\xe4\xb8\xad\xe7\xb4\x9a",
    "\xe4\xb8\xad\xe4\xba\xac","\xe4\xb8\xad\xe8\xb7\x9d\xe9\x9b\xa2",
    "\xe5\xbf\xa0\xe7\xbe\xa9","\xe4\xb8\xad\xe7\xb6\x99","\xe4\xb8\xad\xe5\x8f\xa4",
    "\xe4\xb8\xad\xe5\x9b\xbd","\xe4\xb8\xad\xe6\xad\xa2","\xe9\xa7\x90\xe8\xbb\x8a",
    "\xe8\xa8\xbb\xe9\x87\x88","\xe6\xb3\xa8\xe9\x87\x88",
    "\xe9\xa7\x90\xe8\xbb\x8a\xe5\xa0\xb4","\xe6\x8a\xbd\xe5\x87\xba",
    "\xe6\x8a\xbd\xe8\xb1\xa1","\xe6\x8a\xbd\xe8\xb1\xa1\xe5\x8c\x96",
    "\xe6\x8a\xbd\xe8\xb1\xa1\xe5\xaf\xbe","\xe6\x8a\xbd\xe8\xb1\xa1\xe7\x9a\x84",
    "\xe6\x98\xbc\xe9\xa3\x9f","\xe4\xb8\xad\xe5\xbf\x83","\xe4\xb8\xad\xe6\x97\xac",
    "\xe4\xb8\xad\xe6\xa2\x9d","\xe4\xb8\xad\xe6\x96\xad","\xe4\xb8\xad\xe9\x80\x94",
    "\xe4\xb8\xad\xe9\x80\x94\xe5\x8d\x8a\xe7\xab\xaf","\xe4\xb8\xad\xe6\xaf\x92",
    "\xe4\xb8\xad\xe9\x89\xa2","\xe4\xb8\xad\xe7\x81\xab","\xe4\xb8\xad\xe9\x83\xa8",
    "\xe6\xb3\xa8\xe7\x9b\xae","\xe6\xb3\xa8\xe6\x96\x87","\xe4\xb8\xad\xe7\xab\x8b",
    "\xe4\xb8\xad\xe7\x95\xa5","\xe8\xb2\xaf","\xe8\x91\x97","\xe8\x8b\xa7","\xe7\x8c\xaa",
    "\xe7\x80\xa6","\xe6\xa8\x97","\xe7\xb7\x92","\xe9\x95\xb7","\xe8\xb6\x85","\xe8\x82\x87",
    "\xe5\xbc\x94","\xe9\x87\x8d","\xe5\xb8\xb3","\xe8\xaa\xbf","\xe5\xbc\xb5",
    "\xe9\x95\xb7\xe9\x9f\xb3","\xe8\xb6\x85\xe9\x81\x8e","\xe8\x81\xb4\xe8\xa6\x9a",
    "\xe9\x95\xb7\xe5\xae\x98","\xe9\x95\xb7\xe6\x9c\x9f",
    "\xe9\x95\xb7\xe8\xb7\x9d\xe9\x9b\xa2","\xe8\xb6\x85\xe5\x8b\xa4",
    "\xe5\xbe\xb4\xe5\x80\x99","\xe8\x81\xb4\xe8\xac\x9b","\xe8\xaa\xbf\xe6\x9f\xbb",
    "\xe8\xaa\xbf\xe5\xad\x90","\xe9\x8a\x9a\xe5\xad\x90","\xe5\xba\x81\xe8\x88\x8e",
    "\xe5\xbe\xb4\xe5\x8f\x8e","\xe9\x95\xb7\xe6\xb4\xb2","\xe8\xaa\xbf\xe6\x9b\xb8",
    "\xe9\x95\xb7\xe6\x89\x80","\xe5\x98\xb2\xe7\xac\x91",
    "\xe9\x95\xb7\xe6\x99\x82\xe9\x96\x93","\xe8\xb6\x85\xe6\xba\x96",
    "\xe9\x95\xb7\xe4\xb8\x8a","\xe9\x95\xb7\xe4\xb8\x8a\xe8\x80\x85",
    "\xe8\xaa\xbf\xe6\x95\xb4","\xe8\xaa\xbf\xe7\xaf\x80","\xe6\x8c\x91\xe6\x88\xa6",
    "\xe6\x9c\x9d\xe9\xae\xae","\xe9\x95\xb7\xe7\x9f\xad","\xe9\x95\xb7\xe8\xaa\xbf",
    "\xe9\xa0\x82\xe7\x82\xb9","\xe5\xbc\x94\xe9\x9b\xbb","\xe4\xb8\x81\xe5\xba\xa6",
    "\xe9\x95\xb7\xe9\xab\xaa","\xe5\xb8\xb3\xe8\xa1\xa8","\xe5\xb8\xb3\xe7\xa5\xa8",
    "\xe8\xaa\xbf\xe5\xb8\x83","\xe9\x87\x8d\xe8\xa4\x87","\xe5\xbe\xb4\xe5\x85\xb5",
    "\xe9\x87\x8d\xe5\xae\x9d","\xe9\x95\xb7\xe6\x96\xb9\xe5\xbd\xa2",
    "\xe4\xb8\x81\xe7\x9b\xae","\xe7\x94\xba\xe5\x90\x8d","\xe8\xb2\xaf\xe9\x87\x91",
    "\xe7\x9b\xb4","\xe6\x8d\x97","\xe5\x8b\x85","\xe7\x9b\xb4\xe6\x92\x83",
    "\xe7\x9b\xb4\xe5\xbe\x8c","\xe7\x9b\xb4\xe7\xa9\x8d","\xe7\x9b\xb4\xe6\x8e\xa5",
    "\xe7\x9b\xb4\xe6\x8e\xa5\xe7\x9a\x84","\xe7\x9b\xb4\xe7\xb7\x9a",
    "\xe7\x9b\xb4\xe5\x89\x8d","\xe7\x9b\xb4\xe9\x80\x9a","\xe7\x9b\xb4\xe9\x9d\xa2",
    "\xe7\x9b\xb4\xe5\x88\x97","\xe7\x9b\xb4\xe5\x92\x8c","\xe8\x91\x97\xe4\xbd\x9c",
    "\xe8\x91\x97\xe4\xbd\x9c\xe6\xa8\xa9","\xe8\x91\x97\xe4\xbd\x9c\xe6\xa8\xa9\xe6\xb3\x95",
    "\xe8\x91\x97\xe4\xbd\x9c\xe8\x80\x85","\xe8\x91\x97\xe4\xbd\x9c\xe7\x89\xa9",
    "\xe8\x91\x97\xe8\x80\x85","\xe8\x91\x97\xe8\x80\x85\xe5\x90\x8d",
    "\xe8\x91\x97\xe6\x9b\xb8","\xe8\xb2\xaf\xe6\xb0\xb4",
    "\xe8\xb2\xaf\xe6\xb0\xb4\xe9\x87\x8f","\xe8\xb2\xaf\xe8\x93\x84",
    "\xe7\x9b\xb4\xe8\xa6\xb3","\xe7\x9b\xb4\xe6\x84\x9f","\xe7\x9b\xb4\xe7\xb5\x90",
    "\xe7\x9b\xb4\xe4\xba\xa4","\xe7\x9b\xb4\xe4\xba\xa4\xe6\x80\xa7",
    "\xe8\x91\x97\xe5\x90\x8d","\xe5\x8d\x83\xe4\xbb\xa3\xe7\x94\xb0",
    "\xe5\x8d\x83\xe4\xbb\xa3\xe7\x94\xb0\xe5\x8c\xba","\xe5\x9c\xb0\xe7\x90\x86",
    "\xe6\xa4\xbf","\xe9\x99\xb3","\xe9\x8e\xae","\xe8\xb3\x83","\xe7\x8f\x8d","\xe6\xb2\x88",
    "\xe6\x9c\x95","\xe8\xb3\x83\xe9\x87\x91","\xe5\x9c\xb0\xe9\x9d\xa2","\xe6\xb4\xa5",
    "\xe9\x83\xbd","\xe4\xbb\x98","\xe5\xaf\xbe","\xe9\x8e\x9a","\xe8\xbf\xbd","\xe6\xa7\x8c",
    "\xe6\xa4\x8e","\xe5\xa2\x9c","\xe8\xbf\xbd\xe5\x8a\xa0","\xe8\xbf\xbd\xe5\x8f\x8a",
    "\xe8\xbf\xbd\xe6\xb1\x82","\xe8\xbf\xbd\xe4\xbc\xb8","\xe4\xb8\x80\xe6\x97\xa5",
    "\xe8\xbf\xbd\xe5\xb0\xbe","\xe8\xbf\xbd\xe5\xb0\xbe\xe8\xa3\x85\xe7\xbd\xae",
    "\xe9\x80\x9a","\xe7\x97\x9b","\xe9\x80\x9a\xe9\x81\x8b","\xe9\x80\x9a\xe9\x81\x8e",
    "\xe7\x97\x9b\xe5\xbf\xab","\xe9\x80\x9a\xe5\xad\xa6","\xe9\x80\x9a\xe5\x8b\xa4",
    "\xe9\x80\x9a\xe7\xa0\x94","\xe9\x80\x9a\xe7\x94\xa3","\xe9\x80\x9a\xe7\xa7\xb0",
    "\xe9\x80\x9a\xe4\xbf\xa1","\xe9\x80\x9a\xe4\xbf\xa1\xe6\x96\xb9\xe5\xbc\x8f",
    "\xe9\x80\x9a\xe5\xb8\xb8","\xe9\x80\x9a\xe7\x9f\xa5","\xe9\x80\x9a\xe5\xa0\xb1",
    "\xe9\x80\x9a\xe8\xa8\xb3","\xe9\x80\x9a\xe7\x94\xa8","\xe7\x97\x9b\xe7\x97\x92",
    "\xe5\xa1\x9a","\xe4\xbd\xbf\xe3\x81\x84\xe6\x96\xb9",
    "\xe4\xbd\xbf\xe3\x81\x84\xe5\x8b\x9d\xe6\x89\x8b","\xe5\xa1\x9a\xe6\x9c\xac",
    "\xe6\xa0\x82","\xe6\x9c\x88","\xe4\xbb\x98","\xe6\xa7\xbb","\xe7\xaf\x89",
    "\xe7\xaf\x89\xe5\x9c\xb0","\xe6\xac\xa1","\xe6\xac\xa1\xe3\x80\x85","\xe7\xad\x91",
    "\xe6\x9c\xba","\xe4\xbd\x83","\xe7\xad\x91\xe6\xb3\xa2",
    "\xe7\xad\x91\xe6\xb3\xa2\xe5\xa4\xa7","\xe7\xad\x91\xe6\xb3\xa2\xe5\xa4\xa7\xe5\xad\xa6",
    "\xe4\xbd\x9c\xe3\x82\x8a\xe6\x96\xb9","\xe4\xbd\x9c\xe3\x82\x8a\xe6\x89\x8b",
    "\xe4\xbb\x98\xe3\x81\x91\xe6\x96\xb9","\xe6\x9f\x98","\xe6\x9f\x98\xe6\xa4\x8d",
    "\xe9\x83\xbd\xe5\x90\x88","\xe6\xb4\xa5\xe5\xb3\xb6","\xe8\xbe\xbb",
    "\xe8\xbe\xbb\xe4\xba\x95","\xe8\x94\xa6","\xe6\xb4\xa5\xe7\x94\xb0",
    "\xe6\xb4\xa5\xe7\x94\xb0\xe5\xa1\xbe","\xe6\xb4\xa5\xe7\x94\xb0\xe6\xb2\xbc",
    "\xe5\x9c\x9f","\xe5\x9c\x9f\xe6\xb5\xa6","\xe5\x9c\x9f\xe5\xb1\x8b","\xe7\xa0\xb2",
    "\xe7\xad\x92","\xe5\xa0\xa4","\xe9\xbc\x93","\xe5\x8b\x99","\xe5\x8b\x89",
    "\xe9\x83\xbd\xe5\xba\xa6","\xe9\x9b\x86","\xe7\xb6\xb1","\xe5\xb8\xb8",
    "\xe5\xb8\xb8\xe6\xac\xa1","\xe8\xa7\x92","\xe9\x8d\x94","\xe6\xa4\xbf","\xe7\xbf\xbc",
    "\xe7\xb2\x92","\xe5\xa3\xb7","\xe5\x9d\xaa","\xe5\xa6\xbb","\xe5\xac\xac","\xe7\xbd\xaa",
    "\xe7\xa9\x8d\xe6\x9c\xa8","\xe7\xa9\x8d\xe7\xab\x8b","\xe9\x8c\x98","\xe7\xb4\xac",
    "\xe6\x97\x8b\xe9\xa2\xa8","\xe7\x88\xaa","\xe8\xa9\xb0","\xe9\x9c\xb2",
    "\xe6\xa2\x85\xe9\x9b\xa8","\xe5\xbc\xb7\xe6\xb0\x97","\xe9\x9d\xa2","\xe9\x87\xa3",
    "\xe5\x90\x8a","\xe9\xb6\xb4","\xe5\xbc\xa6","\xe8\x94\x93","\xe5\x89\xa3","\xe4\xbb\x98",
    "\xe8\xa9\xb0","\xe6\x89\x8b","\xe5\xae\x9a","\xe8\xa2\x8b","\xe7\xa8\x8b","\xe9\xbc\x8e",
    "\xe9\x87\x98","\xe9\x84\xad","\xe9\x82\xb8","\xe9\x80\x93","\xe6\x8f\x90\xe6\xa1\x88",
    "\xe5\xae\x9a\xe5\x93\xa1","\xe4\xbd\x8e\xe6\xb8\xa9","\xe5\xae\x9a\xe4\xbe\xa1",
    "\xe4\xbd\x8e\xe4\xb8\x8b","\xe5\xae\x9a\xe6\x9c\x9f","\xe6\x8f\x90\xe8\xb5\xb7",
    "\xe6\x8f\x90\xe4\xbe\x9b","\xe5\xae\x9a\xe7\xbe\xa9",
    "\xe5\xae\x9a\xe7\xbe\xa9\xe5\x9f\x9f","\xe6\x8f\x90\xe6\x90\xba",
    "\xe6\x8f\x90\xe8\xa8\x80","\xe5\xb8\x9d\xe5\x9b\xbd","\xe5\x81\x9c\xe6\xad\xa2",
    "\xe5\xae\x9a\xe5\xbc\x8f","\xe5\xae\x9a\xe5\xbc\x8f\xe5\x8c\x96",
    "\xe5\x81\x9c\xe6\xad\xa2\xe6\x80\xa7","\xe6\x8f\x90\xe5\x87\xba",
    "\xe6\x8f\x90\xe5\x94\xb1","\xe6\x8f\x90\xe7\xa4\xba","\xe5\xae\x9a\xe6\x99\x82",
    "\xe5\xae\x9a\xe6\x95\xb0","\xe8\xa8\x82\xe6\xad\xa3","\xe5\xae\x9a\xe6\x80\xa7",
    "\xe5\xae\x9a\xe6\x80\xa7\xe7\x9a\x84","\xe4\xbd\x8e\xe9\x80\x9f",
    "\xe5\x81\x9c\xe9\x9b\xbb","\xe7\xa8\x8b\xe5\xba\xa6","\xe4\xb8\x81\xe5\xaf\xa7",
    "\xe5\xae\x9a\xe7\x90\x86","\xe5\xae\x9a\xe7\xab\x8b","\xe5\xae\x9a\xe9\x87\x8f",
    "\xe5\xae\x9a\xe4\xbe\x8b","\xe6\x89\x8b\xe6\x95\xb0","\xe6\x89\x8b\xe7\xb4\x99",
    "\xe6\x89\x8b\xe8\xbb\xbd","\xe7\x9a\x84","\xe6\x95\xb5","\xe9\x8f\x91","\xe9\x81\xa9",
    "\xe7\xac\x9b","\xe6\xbb\xb4","\xe6\x93\xa2","\xe6\x91\x98","\xe9\x81\xa9\xe5\xbf\x9c",
    "\xe7\x9a\x84\xe7\xa2\xba","\xe9\x81\xa9\xe6\xa0\xbc","\xe6\x95\xb5\xe8\x89\xa6",
    "\xe9\x81\xa9\xe5\xae\x9c","\xe9\x81\xa9\xe5\x90\x88","\xe9\x81\xa9\xe5\x88\x87",
    "\xe9\x81\xa9\xe5\xbd\x93","\xe9\x81\xa9\xe5\xba\xa6","\xe9\x81\xa9\xe4\xbb\xbb",
    "\xe9\x81\xa9\xe7\x94\xa8","\xe6\x89\x8b\xe9\x9a\x9b","\xe6\x89\x8b\xe9\xa6\x96",
    "\xe6\x89\x8b\xe9\xa0\x83","\xe6\x89\x8b\xe4\xbd\x9c\xe6\xa5\xad",
    "\xe6\x89\x8b\xe9\xa0\x86","\xe6\x89\x8b\xe6\x95\xb0",
    "\xe6\x89\x8b\xe6\x95\xb0\xe6\x96\x99","\xe6\x89\x8b\xe5\xb8\xb3",
    "\xe9\x89\x84\xe9\xaa\xa8","\xe5\xbe\xb9\xe5\xba\x95","\xe9\x89\x84","\xe8\xbf\xad",
    "\xe8\xbd\x8d","\xe6\x92\xa4","\xe5\xbe\xb9","\xe5\x93\xb2","\xe9\x90\xb5",
    "\xe5\x93\xb2\xe9\x9b\x84","\xe5\x93\xb2\xe5\xad\xa6",
    "\xe5\x93\xb2\xe5\xad\xa6\xe8\x80\x85","\xe9\x89\x84\xe9\x81\x93",
    "\xe5\xbe\xb9\xe5\xa4\x9c","\xe5\x93\xb2\xe5\xbc\xa5","\xe6\x89\x8b\xe9\x85\x8d",
    "\xe6\x89\x8b\xe5\xbc\x95","\xe6\x89\x8b\xe6\x9c\xad","\xe6\x89\x8b\xe6\x9c\xac",
    "\xe6\x89\x8b\xe9\x96\x93","\xe6\x89\x8b\xe5\x89\x8d","\xe6\x89\x8b\xe5\x85\x83",
    "\xe5\xaf\xba","\xe5\xaf\xba\xe4\xb8\x8b","\xe8\xbc\x9d","\xe7\x85\xa7",
    "\xe7\x85\xa7\xe4\xba\x95","\xe8\xbc\x9d\xe7\x94\xb7",
    "\xe7\x85\xa7\xe3\x82\x8c\xe5\xb1\x8b","\xe7\x82\xb9","\xe5\xba\x97","\xe5\xa4\xa9",
    "\xe8\xbb\xa2","\xe9\xa1\x9b","\xe7\x94\x9c","\xe7\xba\x8f","\xe6\xb7\xbb",
    "\xe8\xbb\xa2\xe7\xa7\xbb","\xe5\xba\x97\xe5\x93\xa1","\xe8\xbb\xa2\xe5\xab\x81",
    "\xe7\x82\xb9\xe7\x81\xab","\xe5\xa4\xa9\xe4\xb8\x8b","\xe5\xb1\x95\xe9\x96\x8b",
    "\xe8\xbb\xa2\xe6\x8f\x9b","\xe5\xa4\xa9\xe6\xb0\x97","\xe8\xbb\xa2\xe5\x8b\xa4",
    "\xe5\xa4\xa9\xe7\xa9\xba","\xe5\x85\xb8\xe5\x9e\x8b\xe7\x9a\x84",
    "\xe7\x82\xb9\xe7\xb5\x90\xe5\x90\x88","\xe7\x82\xb9\xe6\xa4\x9c",
    "\xe8\xbb\xa2\xe6\xa0\xa1","\xe5\xa4\xa9\xe5\x80\x99",
    "\xe8\xbb\xa2\xe6\xa0\xa1\xe7\x94\x9f","\xe5\xa4\xa9\xe5\x9b\xbd",
    "\xe8\xbb\xa2\xe8\xbc\x89","\xe5\xa4\xa9\xe6\x89\x8d","\xe6\xb7\xbb\xe5\x89\x8a",
    "\xe5\xa4\xa9\xe4\xbd\xbf","\xe7\x82\xb9\xe9\x9b\x86\xe5\x90\x88",
    "\xe8\xbb\xa2\xe5\x87\xba","\xe8\xbb\xa2\xe5\x87\xba\xe6\xa0\xa1",
    "\xe5\xb1\x95\xe7\xa4\xba","\xe5\xa4\xa9\xe7\xa5\x9e","\xe8\xbb\xa2\xe9\x80\x81",
    "\xe7\x82\xb9\xe5\xaf\xbe","\xe8\xbb\xa2\xe3\x80\x85",
    "\xe3\x83\xbb\xe3\x83\xbb\xe3\x83\xbb","\xe2\x80\xa6","\xe2\x80\xa5",
    "\xe5\xba\x97\xe9\xa0\xad","\xe7\x82\xb9\xe7\x81\xaf","\xe8\xbb\xa2\xe5\x80\x92",
    "\xe8\xbb\xa2\xe5\x85\xa5","\xe8\xbb\xa2\xe5\x85\xa5\xe7\x94\x9f",
    "\xe8\xbb\xa2\xe4\xbb\xbb","\xe5\xa4\xa9\xe7\x84\xb6","\xe5\xa4\xa9\xe7\x9a\x87",
    "\xe5\xa4\xa9\xe7\x8e\x8b\xe5\x8f\xb0","\xe5\x85\xb8\xe7\xaf\x84",
    "\xe6\xb7\xbb\xe4\xbb\x98","\xe5\xb1\x95\xe6\x9c\x9b","\xe5\xa4\xa9\xe6\x96\x87",
    "\xe5\xa4\xa9\xe7\x90\x86","\xe7\x82\xb9\xe5\x88\x97",
    "\xe7\x82\xb9\xe9\x80\xa3\xe7\xb5\x90","\xe5\x87\xba","\xe5\xbc\x9f","\xe6\xb3\xa5",
    "\xe5\x87\xba\xe5\x85\xa5\xe5\x8f\xa3","\xe5\x87\xba\xe6\x9d\xa5","\xe6\xba\xba",
    "\xe5\x87\xba\xe6\x9d\xa5\xe4\xba\x8b","\xe5\x87\xba\xe5\x8f\xa3",
    "\xe5\x87\xb8\xe5\x87\xb9","\xe5\xbc\x9f\xe5\xad\x90","\xe5\x87\xba\xe7\x95\xaa",
    "\xe9\x9b\xbb","\xe7\x94\xb0","\xe6\xbe\xb1","\xe6\xae\xbf","\xe4\xbc\x9d",
    "\xe7\x94\xb0\xe5\x9c\x92\xe9\x83\xbd\xe5\xb8\x82\xe7\xb7\x9a","\xe9\x9b\xbb\xe5\x8c\x96",
    "\xe6\xae\xbf\xe4\xb8\x8b","\xe9\x9b\xbb\xe5\x8c\x96\xe8\xa3\xbd\xe5\x93\x81",
    "\xe9\x9b\xbb\xe6\xb0\x97","\xe9\x9b\xbb\xe6\xa9\x9f","\xe4\xbc\x9d\xe8\xa8\x98",
    "\xe9\x9b\xbb\xe5\x99\xa8","\xe9\x9b\xbb\xe6\xb0\x97\xe7\xb3\xbb",
    "\xe9\x9b\xbb\xe6\xb0\x97\xe5\xb7\xa5\xe5\xad\xa6",
    "\xe9\x9b\xbb\xe6\xb0\x97\xe5\xb7\xa5\xe5\xad\xa6\xe7\xa7\x91",
    "\xe9\x9b\xbb\xe6\xb0\x97\xe5\xb7\xa5\xe5\xad\xa6\xe7\xa7\x91","\xe9\x9b\xbb\xe6\xba\x90",
    "\xe4\xbc\x9d\xe8\xa8\x80","\xe4\xbc\x9d\xe8\xa8\x80\xe6\x9d\xbf",
    "\xe9\x9b\xbb\xe7\xae\x97","\xe9\x9b\xbb\xe7\xae\x97\xe6\xa9\x9f",
    "\xe9\x9b\xbb\xe5\xad\x90","\xe9\x9b\xbb\xe5\xad\x90\xe8\xa8\x88\xe7\xae\x97",
    "\xe9\x9b\xbb\xe5\xad\x90\xe5\xb7\xa5\xe5\xad\xa6\xe7\xa7\x91",
    "\xe9\x9b\xbb\xe5\xad\x90\xe7\x89\xa9\xe7\x90\x86","\xe9\x9b\xbb\xe8\xbb\x8a",
    "\xe9\x9b\xbb\xe9\xa3\xbe","\xe9\x9b\xbb\xe4\xbf\xa1",
    "\xe9\x9b\xbb\xe4\xbf\xa1\xe9\x9b\xbb\xe8\xa9\xb1","\xe9\x9b\xbb\xe8\xa3\x85",
    "\xe4\xbc\x9d\xe9\x80\x81","\xe9\x9b\xbb\xe7\xb7\x8f\xe7\xa0\x94",
    "\xe9\x9b\xbb\xe5\x8d\x93","\xe4\xbc\x9d\xe9\x81\x94","\xe9\x9b\xbb\xe9\x80\x9a",
    "\xe9\x9b\xbb\xe9\x80\x9a\xe5\xa4\xa7","\xe4\xbc\x9d\xe7\xb5\xb1",
    "\xe9\x9b\xbb\xe6\xb3\xa2","\xe9\x9b\xbb\xe6\xb3\xa2\xe7\xa0\x94",
    "\xe4\xbc\x9d\xe7\xa5\xa8","\xe4\xbc\x9d\xe9\xa6\xac\xe7\x94\xba",
    "\xe9\x9b\xbb\xe6\xb5\x81","\xe9\x9b\xbb\xe5\x8a\x9b","\xe9\x9b\xbb\xe8\xa9\xb1",
    "\xe9\x9b\xbb\xe8\xa9\xb1\xe4\xbb\xa3","\xe9\x9b\xbb\xe8\xa9\xb1\xe7\x95\xaa\xe5\x8f\xb7",
    "\xe5\x9c\x9f","\xe5\x8d\x81","\xe7\x99\xbb","\xe7\xa0\xba","\xe7\xa0\xa5","\xe9\x8d\x8d",
    "\xe9\x83\xbd","\xe9\x80\x94","\xe5\x95\x8f","\xe7\xad\x89","\xe9\xa0\xad","\xe5\xbd\x93",
    "\xe8\xa8\x8e","\xe8\x91\xa3","\xe6\x9d\xb1","\xe6\x8a\x95","\xe5\x86\xac",
    "\xe7\xb5\xb1\xe4\xb8\x80","\xe7\xb5\xb1\xe4\xb8\x80\xe5\x8c\x96",
    "\xe6\x8a\x95\xe5\xbd\xb1","\xe5\x8d\x81\xe6\x97\xa5","\xe6\x9d\xb1\xe6\xb5\xb7",
    "\xe6\x9d\xb1\xe6\xb5\xb7\xe9\x81\x93","\xe7\xb5\xb1\xe8\xbd\x84",
    "\xe7\xad\x89\xe9\x96\x93\xe9\x9a\x94","\xe5\xbd\x93\xe8\xa9\xb2",
    "\xe5\x86\xac\xe5\xad\xa3","\xe5\x86\xac\xe6\x9c\x9f","\xe6\x9d\xb1\xe6\x80\xa5",
    "\xe6\x9d\xb1\xe4\xba\xac","\xe6\x9d\xb1\xe4\xba\xac\xe9\x83\xbd",
    "\xe7\xb5\xb1\xe8\xa8\x88","\xe7\xb5\xb1\xe8\xa8\x88\xe7\x9a\x84","\xe5\xb3\xa0",
    "\xe6\x8a\x95\xe7\xa8\xbf","\xe7\xad\x89\xe9\xab\x98",
    "\xe6\x8a\x95\xe7\xa8\xbf\xe8\x80\x85","\xe7\xad\x89\xe9\xab\x98\xe7\xb7\x9a",
    "\xe6\x9d\xb1\xe5\xb7\xa5\xe5\xa4\xa7","\xe7\xb5\xb1\xe5\x90\x88",
    "\xe7\xad\x89\xe5\x8f\xb7","\xe7\xb5\xb1\xe5\x90\x88\xe5\x8c\x96",
    "\xe6\x90\xad\xe8\xbc\x89","\xe5\x94\x90\xe4\xb8\x89\xe5\xbd\xa9",
    "\xe5\xbd\x93\xe5\xba\xa7","\xe6\x9d\xb1\xe8\xa5\xbf","\xe7\xad\x89\xe5\xbc\x8f",
    "\xe6\x9d\xb1\xe8\x8a\x9d","\xe6\x8a\x95\xe5\xb0\x84","\xe5\xbd\x93\xe5\x88\x9d",
    "\xe9\x97\x98\xe5\xb0\x86","\xe5\xbd\x93\xe6\x99\x82",
    "\xe5\xbd\x93\xe4\xba\x8b\xe8\x80\x85","\xe5\xbd\x93\xe6\x97\xa5",
    "\xe7\x99\xbb\xe5\xa0\xb4","\xe5\xbd\x93\xe7\x84\xb6","\xe5\x88\xb0\xe9\x81\x94",
    "\xe6\x9d\xb1\xe5\xa4\xa7","\xe5\xbd\x93\xe5\x9c\xb0","\xe5\x88\xb0\xe7\x9d\x80",
    "\xe7\x9b\x97\xe8\x81\xb4","\xe5\xbd\x93\xe4\xba\xba","\xe5\xbd\x93\xe7\x95\xaa",
    "\xe6\x8a\x95\xe7\xa5\xa8","\xe8\xb1\x86\xe8\x85\x90","\xe5\xbd\x93\xe5\x88\x86",
    "\xe5\xbd\x93\xe6\x96\xb9","\xe6\x9d\xb1\xe5\x8c\x97",
    "\xe6\x9d\xb1\xe5\x8c\x97\xe6\x94\xaf\xe7\xa4\xbe","\xe6\x9d\xb1\xe5\x8c\x97\xe5\xa4\xa7",
    "\xe6\x9d\xb1\xe5\x8c\x97\xe5\xa4\xa7\xe5\xad\xa6","\xe8\xac\x84\xe6\x9c\xac",
    "\xe6\x9d\xb1\xe5\x90\x8d","\xe9\x80\x8f\xe6\x98\x8e",
    "\xe9\x80\x8f\xe6\x98\x8e\xe6\x80\xa7","\xe5\xbd\x93\xe9\x9d\xa2",
    "\xe6\x9d\xb1\xe6\xb4\x8b","\xe6\x9d\xb1\xe9\x99\xbd",
    "\xe6\x9d\xb1\xe9\x99\xbd\xe7\x94\xba","\xe6\x9d\xb1\xe6\xa8\xaa",
    "\xe5\x88\xb0\xe6\x9d\xa5","\xe7\x99\xbb\xe9\x8c\xb2","\xe8\xa8\x8e\xe8\xab\x96",
    "\xe9\x97\x98\xe8\xab\x96","\xe5\x8d\x81","\xe9\x80\x9a","\xe5\xbe\xb9","\xe9\x80\x8f",
    "\xe9\x83\xbd\xe4\xbc\x9a","\xe6\x99\x82","\xe9\xb4\x87","\xe6\x99\x82\xe3\x80\x85",
    "\xe5\xb8\xb8\xe7\x9b\xa4","\xe7\x89\xb9","\xe5\xbe\x97","\xe7\xaf\xa4","\xe7\xa6\xbf",
    "\xe7\x9d\xa3","\xe6\xb6\x9c","\xe5\xbe\xb3","\xe5\x8c\xbf","\xe5\xbe\x97\xe6\x84\x8f",
    "\xe5\xbe\xb3\xe5\xb7\x9d","\xe7\x89\xb9\xe6\x8a\x80","\xe7\x89\xb9\xe6\x92\xae",
    "\xe7\x89\xb9\xe8\xb3\xaa","\xe5\xbe\xb3\xe5\xb3\xb6","\xe7\x89\xb9\xe6\xae\x8a",
    "\xe7\x89\xb9\xe9\x9b\x86","\xe7\x89\xb9\xe9\x9b\x86\xe5\x8f\xb7",
    "\xe7\x89\xb9\xe8\x89\xb2","\xe7\x89\xb9\xe6\x80\xa7","\xe5\xbe\xb3\xe7\x94\xb0",
    "\xe7\x89\xb9\xe5\xbe\xb4","\xe7\x89\xb9\xe9\x95\xb7","\xe7\x89\xb9\xe5\xae\x9a",
    "\xe5\xbe\x97\xe7\x82\xb9","\xe7\x89\xb9\xe5\x85\xb8","\xe5\xbe\xb3\xe6\xb0\xb8",
    "\xe5\xbe\xb3\xe5\x8e\x9f","\xe7\x89\xb9\xe7\x95\xaa","\xe7\x89\xb9\xe5\x88\xa5",
    "\xe7\x89\xb9\xe6\x9c\x89","\xe7\x89\xb9\xe8\xab\x96","\xe6\x99\x82\xe8\xa8\x88",
    "\xe5\x90\x90\xe8\xa1\x80","\xe5\xb8\xb8","\xe5\xba\x8a","\xe6\x89\x80",
    "\xe7\x99\xbb\xe5\xb1\xb1","\xe5\xb9\xb4","\xe6\xad\xb3","\xe5\x88\xa9",
    "\xe9\x83\xbd\xe5\xb8\x82","\xe4\xbf\x8a","\xe5\xaf\xbf","\xe6\x8d\xb7","\xe6\x95\x8f",
    "\xe5\x88\xa9\xe6\x98\x8e","\xe5\x88\xa9\xe5\xa4\xab","\xe6\x95\x8f\xe9\x9a\x86",
    "\xe5\xad\xa3\xe6\xa0\x84","\xe4\xbf\x8a\xe4\xb9\x85","\xe8\xb1\x8a\xe5\xb3\xb6",
    "\xe8\xb1\x8a\xe5\xb3\xb6\xe5\x8c\xba","\xe5\x88\xa9\xe4\xb9\x8b",
    "\xe5\x9b\xb3\xe6\x9b\xb8","\xe5\x9b\xb3\xe6\x9b\xb8\xe9\xa4\xa8","\xe6\xad\xb3",
    "\xe9\x80\x94\xe7\xab\xaf","\xe6\x88\xb8\xe7\x94\xb0","\xe5\x9c\x9f\xe5\x9c\xb0",
    "\xe6\xa9\xa1","\xe6\xa0\x83","\xe9\x80\x94\xe4\xb8\xad","\xe7\x89\xb9\xe8\xa8\xb1",
    "\xe7\x89\xb9\xe6\xa8\xa9","\xe7\xaa\x81\xe9\x80\xb2","\xe9\xb3\xa5\xe5\x8f\x96",
    "\xe7\xaa\x81\xe9\xa3\x9b","\xe7\xaa\x81","\xe5\x87\xb8","\xe7\xaa\x81\xe7\x84\xb6",
    "\xe5\xbe\x92\xe5\x85\x9a","\xe6\xa4\xb4",
    "\xe9\x83\xbd\xe9\x81\x93\xe5\xba\x9c\xe7\x9c\x8c","\xe9\x83\xbd\xe5\x86\x85",
    "\xe9\x9a\xa3","\xe6\xae\xbf","\xe9\xb3\xb6","\xe6\x89\x89","\xe8\x8b\xab","\xe5\xaf\x8c",
    "\xe5\x86\xa8","\xe5\xaf\x8c\xe5\xb2\xa1","\xe6\x88\xb8\xe6\x9d\x91","\xe5\x85\xb1",
    "\xe5\x8f\x8b","\xe7\x9f\xa5","\xe6\x99\xba","\xe4\xbe\x9b","\xe5\x8f\x8b\xe9\x9b\x84",
    "\xe7\x9f\xa5\xe5\xad\x90","\xe5\x8f\x8b\xe9\x81\x94","\xe7\x9f\xa5\xe7\xbe\x8e",
    "\xe5\xaf\x8c\xe5\xb1\xb1","\xe8\xb1\x8a","\xe8\xb1\x8a\xe4\xb8\xad",
    "\xe8\xb1\x8a\xe6\xa9\x8b","\xe5\xaf\x85","\xe8\x99\x8e","\xe6\xb8\xa1\xe6\x9d\xa5",
    "\xe8\x99\x8e\xe3\x81\xae\xe9\x96\x80","\xe9\x85\x89","\xe9\xb3\xa5",
    "\xe5\x8f\x96\xe7\xb7\xa0\xe5\xbd\xb9","\xe9\x83\xbd\xe7\xab\x8b","\xe7\x80\x9e",
    "\xe8\xb1\x9a","\xe9\xa0\x93","\xe9\x81\x81","\xe6\xb2\x8c","\xe6\x95\xa6","\xe6\x83\x87",
    "\xe5\xb1\xaf","\xe5\x99\xb8","\xe5\xba\xa6","\xe5\xa5\xb4","\xe5\x9c\x9f","\xe6\x80\x92",
    "\xe5\x8a\xaa","\xe5\xba\xa6\xe5\x90\x88","\xe9\x81\x93","\xe5\x8b\x95","\xe7\x9e\xb3",
    "\xe5\xb0\x8e","\xe5\x90\x8c","\xe9\x8a\x85","\xe8\x90\x84","\xe8\x83\xb4",
    "\xe5\x90\x8c\xe6\x84\x8f","\xe5\x90\x8c\xe4\xb8\x80",
    "\xe5\x90\x8c\xe4\xb8\x80\xe8\xa6\x96","\xe5\x8b\x95\xe5\x93\xa1",
    "\xe5\x90\x8c\xe6\x84\x9f","\xe5\x90\x8c\xe6\x9c\x9f","\xe5\x8b\x95\xe6\xa9\x9f",
    "\xe5\x90\x8c\xe7\xbe\xa9","\xe5\x90\x8c\xe5\x90\x9b","\xe9\x81\x93\xe5\x85\xb7",
    "\xe5\x90\x8c\xe5\x9e\x8b","\xe5\x90\x8c\xe5\xbd\xa2",
    "\xe9\x81\x93\xe7\x8e\x84\xe5\x9d\x82","\xe7\x9e\xb3\xe5\xad\x94",
    "\xe5\x8b\x95\xe5\x90\x91","\xe5\x90\x8c\xe8\xa1\x8c","\xe5\x8b\x95\xe4\xbd\x9c",
    "\xe6\xb4\x9e\xe5\xaf\x9f","\xe5\x8b\x95\xe8\xa9\x9e","\xe5\x90\x8c\xe5\xa3\xab",
    "\xe5\x90\x8c\xe5\xbf\x97","\xe5\x90\x8c\xe7\xa4\xbe","\xe5\xb0\x8e\xe5\x87\xba",
    "\xe5\x90\x8c\xe6\x99\x82","\xe7\xab\xa5\xe5\xad\x90","\xe5\x90\x8c\xe8\xbb\xb8",
    "\xe5\x90\x8c\xe6\x97\xa5","\xe5\x90\x8c\xe4\xb9\x97","\xe5\x90\x8c\xe4\xb8\x8a",
    "\xe5\x90\x8c\xe6\x83\x85","\xe5\x90\x8c\xe4\xb9\x97\xe8\x80\x85",
    "\xe5\x90\x8c\xe4\xba\xba","\xe5\x90\x8c\xe4\xba\xba\xe8\xaa\x8c",
    "\xe5\x90\x8c\xe5\xa7\x93","\xe5\x90\x8c\xe5\xa7\x93\xe5\x90\x8c\xe5\x90\x8d",
    "\xe5\x90\x8c\xe5\xb8\xad","\xe5\x90\x8c\xe7\xaa\x93",
    "\xe5\x90\x8c\xe7\xaa\x93\xe4\xbc\x9a","\xe5\xb0\x8e\xe4\xbd\x93",
    "\xe9\x81\x93\xe6\x96\xad","\xe5\x90\x8c\xe5\x80\xa4",
    "\xe5\x90\x8c\xe5\x80\xa4\xe9\x96\xa2\xe4\xbf\x82","\xe5\x90\x8c\xe5\x80\xa4\xe6\x80\xa7",
    "\xe5\x90\x8c\xe8\xaa\xbf","\xe5\x8b\x95\xe7\x9a\x84","\xe5\x90\x8c\xe7\xad\x89",
    "\xe5\xb0\x8e\xe5\x85\xa5","\xe5\x90\x8c\xe5\xb9\xb4",
    "\xe5\x90\x8c\xe5\xb9\xb4\xe9\xbd\xa2","\xe5\x90\x8c\xe5\xb0\x81",
    "\xe5\x8b\x95\xe7\x89\xa9","\xe5\x90\x8c\xe6\x96\x87","\xe5\x90\x8c\xe5\xa0\xb1",
    "\xe5\x90\x8c\xe5\x90\x8d","\xe5\x90\x8c\xe6\xa7\x98","\xe9\x81\x93\xe7\x90\x86",
    "\xe5\x90\x8c\xe5\x83\x9a","\xe5\x90\x8c\xe9\xa1\x9e","\xe9\x81\x93\xe8\xb7\xaf",
    "\xe5\xba\xa6\xe5\xa4\x96\xe8\xa6\x96","\xe5\xba\xa6\xe8\x83\xb8","\xe6\xaf\x92",
    "\xe8\xaa\xad","\xe7\x8b\xac","\xe7\x8b\xac\xe5\xad\xa6","\xe8\xaa\xad\xe8\x80\x85",
    "\xe7\x8b\xac\xe7\xbf\x92","\xe8\xaa\xad\xe6\x9b\xb8","\xe7\x8b\xac\xe8\xba\xab",
    "\xe7\x8b\xac\xe8\x87\xaa","\xe7\x8b\xac\xe5\x8d\xa0","\xe7\x8b\xac\xe5\x89\xb5",
    "\xe7\x8b\xac\xe6\x96\xad","\xe7\x8b\xac\xe7\x89\xb9","\xe7\x8b\xac\xe7\xab\x8b",
    "\xe7\x8b\xac\xe5\x8a\x9b","\xe4\xbd\x95\xe5\x87\xa6","\xe5\x9c\x9f\xe7\xa0\x82",
    "\xe5\x9c\x9f\xe5\x8f\xb0","\xe5\x9c\x9f\xe6\x89\x8b","\xe5\x9c\x9f\xe6\x97\xa5",
    "\xe6\xae\xbf","\xe5\x9c\x9f\xe6\x9c\xa8","\xe5\x9c\x9f\xe6\x9b\x9c",
    "\xe5\x9c\x9f\xe6\x9b\x9c\xe6\x97\xa5","\xe5\x8a\xaa\xe5\x8a\x9b","\xe6\xb3\xa5",
    "\xe6\xb3\xa5\xe5\x9c\x9f","\xe9\x88\x8d","\xe6\x9b\x87","\xe5\x91\x91","\xe8\xb2\xaa",
    "\xe4\xb8\xbc","\xe9\x88\x8d\xe5\x99\xa8","\xe6\x9b\x87\xe5\xa4\xa9",
    "\xe8\xb2\xaa\xe6\xac\xb2","\xe5\x90\x8d","\xe9\x82\xa3","\xe5\xa5\x88","\xe5\x8d\x97",
    "\xe8\x8f\x9c","\xe7\xb4\x8d","\xe5\x86\x85","\xe7\x84\xa1","\xe5\x86\x85\xe5\xa4\x96",
    "\xe5\x86\x85\xe8\xa8\x98","\xe5\x86\x85\xe7\xb7\x92","\xe5\x86\x85\xe7\xb7\x9a",
    "\xe5\x86\x85\xe8\x87\x93","\xe5\x86\x85\xe8\x94\xb5","\xe5\x86\x85\xe5\x9c\xb0",
    "\xe5\x86\x85\xe5\xae\x9a","\xe5\x86\x85\xe9\x83\xa8",
    "\xe5\x86\x85\xe9\x83\xa8\xe8\xb3\x87\xe6\x96\x99",
    "\xe5\x86\x85\xe9\x83\xa8\xe8\xa1\xa8\xe7\x8f\xbe",
    "\xe5\x86\x85\xe9\x83\xa8\xe5\xa4\x89\xe6\x95\xb0","\xe5\x86\x85\xe5\xae\xb9",
    "\xe5\x86\x85\xe5\xae\xb9\xe7\x9a\x84","\xe5\x86\x85\xe8\xbc\xaa","\xe8\x8b\x97",
    "\xe8\x8b\x97\xe5\xa0\xb4","\xe7\x9b\xb4","\xe5\xb0\x9a","\xe7\x9b\xb4\xe7\x94\xb0",
    "\xe7\x9b\xb4\xe4\xba\xba","\xe7\x9b\xb4\xe5\xb9\xb8","\xe4\xb8\xad","\xe4\xbb\xb2",
    "\xe4\xb8\xad\xe5\xb0\xbe","\xe4\xb8\xad\xe5\xb7\x9d","\xe4\xb8\xad\xe9\xa0\x83",
    "\xe4\xb8\xad\xe5\xb3\xb6","\xe4\xb8\xad\xe5\xb3\xb6","\xe4\xb8\xad\xe9\xa0\xad",
    "\xe4\xb8\xad\xe7\x94\xb0","\xe3\x83\xbb","\xe4\xb8\xad\xe8\xa5\xbf",
    "\xe4\xb8\xad\xe9\x87\x8e","\xe4\xb8\xad\xe5\x8e\x9f","\xe4\xbb\xb2\xe9\x96\x93",
    "\xe4\xbb\xb2\xe9\x96\x93\xe5\x90\x8c\xe5\xa3\xab","\xe4\xb8\xad\xe8\xba\xab",
    "\xe4\xb8\xad\xe6\x9d\x91","\xe4\xb8\xad\xe5\xb1\xb1","\xe9\x95\xb7","\xe6\xb0\xb8",
    "\xe6\xb0\xb8\xe4\xba\x95","\xe9\x95\xb7\xe5\xb0\xbe","\xe9\x95\xb7\xe5\xb2\xa1",
    "\xe9\x95\xb7\xe5\xb4\x8e","\xe6\xb0\xb8\xe6\xb2\xa2","\xe9\x95\xb7\xe5\xb3\xb6",
    "\xe6\xb0\xb8\xe7\x94\xb0","\xe9\x95\xb7\xe3\x80\x85","\xe9\x95\xb7\xe9\x87\x8e",
    "\xe6\xb0\xb8\xe9\x87\x8e","\xe9\x95\xb7\xe7\x94\xba","\xe4\xb9\x8d",
    "\xe6\xb5\x81\xe3\x82\x8c\xe5\x9b\xb3","\xe5\x87\xaa","\xe8\x96\x99","\xe6\xb8\x9a",
    "\xe8\x96\x99","\xe5\x90\x8d\xe5\x8f\xa4\xe5\xb1\x8b",
    "\xe5\x90\x8d\xe5\x8f\xa4\xe5\xb1\x8b\xe5\xb8\x82",
    "\xe5\x90\x8d\xe5\x8f\xa4\xe5\xb1\x8b\xe5\xa4\xa7",
    "\xe5\x90\x8d\xe5\x8f\xa4\xe5\xb1\x8b\xe5\xa4\xa7\xe5\xad\xa6","\xe6\x83\x85",
    "\xe6\xa2\xa8","\xe9\x82\xa3\xe9\xa0\x88","\xe4\xbd\x95\xe6\x95\x85","\xe8\xac\x8e",
    "\xe7\x81\x98","\xe7\xb4\x8d","\xe7\xb4\x8d\xe5\xbe\x97","\xe5\xa4\x8f","\xe6\x8d\xba",
    "\xe5\xa4\x8f\xe6\x99\x82\xe9\x96\x93","\xe7\xad\x89","\xe4\xb8\x83",
    "\xe4\xb8\x83\xe9\x87\x8d","\xe4\xb8\x83\xe8\x8d\x89","\xe4\xbd\x95",
    "\xe4\xbd\x95\xe6\xb0\x97","\xe9\x8d\x8b","\xe7\x94\x9f","\xe5\x90\x8d\xe5\x89\x8d",
    "\xe9\x89\x9b","\xe6\xb3\xa2","\xe4\xb8\xa6","\xe5\xa5\x88\xe7\xbe\x8e","\xe3\x80\x9c",
    "\xe6\xb6\x99","\xe6\xb3\xaa","\xe5\xa5\x88\xe8\x89\xaf","\xe6\xa5\xa2","\xe6\x88\x90",
    "\xe6\x88\x90\xe6\xb2\xa2","\xe6\x88\x90\xe7\x94\xb0","\xe7\xb8\x84","\xe8\x8b\x97",
    "\xe7\x95\xb7","\xe4\xbd\x95","\xe9\x9b\xa3","\xe5\x8d\x97","\xe8\xbb\x9f","\xe6\xa5\xa0",
    "\xe7\xb4\x8d","\xe7\x94\xb7","\xe9\x9b\xa3\xe6\x98\x93",
    "\xe9\x9b\xa3\xe6\x98\x93\xe5\xba\xa6","\xe4\xbd\x95\xe5\x9b\x9e",
    "\xe5\x8d\x97\xe6\xb5\xb7","\xe5\x8d\x97\xe6\xa5\xb5","\xe9\x9b\xa3\xe5\x84\x80",
    "\xe4\xbd\x95\xe8\xa1\x8c","\xe5\x8d\x97\xe5\x85\x89\xe5\x8f\xb0",
    "\xe5\x8d\x97\xe5\xb1\xb1","\xe9\x9b\xa3\xe6\x89\x80","\xe6\xb1\x9d",
    "\xe4\xbd\x95\xe6\x99\x82","\xe4\xbd\x95\xe6\x99\x82\xe9\x96\x93",
    "\xe4\xbd\x95\xe5\x8f\xb0","\xe4\xbd\x95\xe9\x80\x9a","\xe4\xbd\x95\xe5\xba\xa6",
    "\xe4\xbd\x95\xe6\x97\xa5","\xe4\xbd\x95\xe4\xba\xba","\xe4\xbd\x95\xe5\xb9\xb4",
    "\xe5\x8d\x97\xe9\x87\x8e","\xe9\x9b\xa3\xe6\xb3\xa2","\xe4\xbd\x95\xe7\x95\xaa",
    "\xe4\xbd\x95\xe5\x88\x86","\xe4\xbd\x95\xe6\x9e\x9a","\xe9\x9b\xa3\xe5\x95\x8f",
    "\xe4\xba\x8c","\xe8\xbf\xa9","\xe5\xbc\x90","\xe5\xb0\xbc","\xe8\x8d\xb7","\xe7\x85\xae",
    "\xe5\x85\x90","\xe6\x96\xb0","\xe5\x85\x84","\xe6\x96\xb0\xe6\xbd\x9f",
    "\xe4\xba\x8c\xe9\x9a\x8e","\xe8\x8b\xa6\xe6\x89\x8b","\xe8\x82\x89",
    "\xe4\xba\x8c\xe9\xa0\x85","\xe4\xba\x8c\xe5\x8f\xb7\xe9\xa4\xa8","\xe8\xa5\xbf",
    "\xe8\xa5\xbf\xe9\x96\x80","\xe8\xa5\xbf\xe5\xb7\x9d","\xe9\x8c\xa6",
    "\xe8\xa5\xbf\xe7\x94\xb0","\xe4\xbb\x81\xe7\xa7\x91","\xe8\xa5\xbf\xe5\x8e\x9f",
    "\xe8\xa5\xbf\xe8\x88\xb9\xe6\xa9\x8b","\xe8\xa5\xbf\xe6\x9d\x91",
    "\xe4\xba\x8c\xe8\x80\x85\xe6\x8a\x9e\xe4\xb8\x80","\xe8\xa5\xbf\xe5\xb1\xb1",
    "\xef\xbc\x92\xe9\x80\xb2\xe6\xb3\x95","\xe8\x99\xb9","\xe4\xba\x8c\xe6\xac\xa1",
    "\xe4\xba\x8c\xe6\xac\xa1\xe4\xbc\x9a","\xe5\xbb\xbf","\xe5\x81\xbd","\xe6\x97\xa5",
    "\xe6\x97\xa5\xe6\x99\x82","\xe6\x97\xa5\xe5\xb8\xb8","\xe6\x97\xa5\xe7\xb1\xb3",
    "\xe6\x97\xa5\xe5\xa4\x9c","\xe4\xba\x8c\xe4\xb8\x81\xe7\x9b\xae",
    "\xe6\x97\xa5\xe6\x9b\x9c","\xe6\x97\xa5\xe6\x9b\x9c\xe6\x97\xa5",
    "\xe6\x97\xa5\xe5\x88\x8a","\xe6\x97\xa5\xe8\xa8\x98","\xe6\x97\xa5\xe7\xb5\x8c",
    "\xe6\x97\xa5\xe6\xb8\x85","\xe6\x97\xa5\xe9\x80\xb2","\xe6\x97\xa5\xe6\x95\xb0",
    "\xe6\x97\xa5\xe4\xb8\xad","\xe6\x97\xa5\xe7\xa8\x8b","\xe6\x97\xa5\xe9\x89\x84",
    "\xe6\x97\xa5\xe5\xbd\x93","\xe6\x97\xa5\xe6\x9c\xac","\xe4\xba\x8c\xe5\xba\xa6",
    "\xe4\xba\x8c\xe5\xba\xa6\xe7\x9b\xae","\xe4\xba\x8c\xe5\xb9\xb4",
    "\xe4\xba\x8c\xe6\xb3\x8a","\xe4\xba\x8c\xe6\x8b\x8d","\xe4\xba\x8c\xe5\x80\x8d",
    "\xe4\xba\x8c\xe6\x9d\xaf\xe9\x85\xa2","\xe4\xba\x8c\xe5\x88\x86\xe6\x9c\xa8",
    "\xe6\x97\xa5\xe6\x9c\xac","\xe4\xba\x8c\xe6\x9c\xac",
    "\xe6\x97\xa5\xe6\x9c\xac\xe5\x81\xb4","\xe6\x97\xa5\xe6\x9c\xac\xe5\x9b\xbd\xe5\x86\x85",
    "\xe6\x97\xa5\xe6\x9c\xac\xe8\xaa\x9e","\xe6\x97\xa5\xe6\x9c\xac\xe8\xaa\x9e\xe5\x8c\x96",
    "\xe6\x97\xa5\xe6\x9c\xac\xe8\xaa\x9e\xe8\xa8\xb3","\xe6\x97\xa5\xe6\x9c\xac\xe9\x85\x92",
    "\xe6\x97\xa5\xe6\x9c\xac\xe4\xba\xba","\xe6\x97\xa5\xe6\x9c\xac\xe5\xb9\xb3",
    "\xe6\x97\xa5\xe6\x9c\xac\xe6\xa9\x8b","\xe6\x97\xa5\xe6\x9c\xac\xe6\x96\x99\xe7\x90\x86",
    "\xe8\x8d\xb7\xe7\x89\xa9","\xe7\x85\xae\xe7\x89\xa9","\xe8\x8b\xa5","\xe5\x85\xa5",
    "\xe4\xb9\xb3","\xe5\x85\xa5\xe9\x99\xa2","\xe5\x85\xa5\xe4\xbc\x9a",
    "\xe5\x85\xa5\xe5\xad\xa6","\xe5\x85\xa5\xe7\xa4\xbe","\xe5\x85\xa5\xe6\x89\x8b",
    "\xe5\x85\xa5\xe6\x89\x8b\xe5\x8f\xaf\xe8\x83\xbd","\xe5\x85\xa5\xe5\xa0\xb4",
    "\xe5\x85\xa5\xe9\x9b\xbb","\xe5\x85\xa5\xe9\x96\x80","\xe5\x85\xa5\xe5\x8a\x9b",
    "\xe5\xa5\xb3","\xe5\xa6\x82","\xe5\xb0\xbf","\xe5\xa5\xb3","\xe9\x9f\xae","\xe5\xba\xad",
    "\xe9\xb6\x8f","\xe4\xba\xba","\xe4\xbb\xbb","\xe5\xa6\x8a","\xe5\xbf\x8d","\xe5\x88\x83",
    "\xe8\xaa\x8d","\xe4\xbb\xbb\xe6\x84\x8f","\xe4\xba\xba\xe6\xb0\x97",
    "\xe4\xbb\xbb\xe6\x9c\x9f","\xe4\xba\xba\xe5\xbd\xa2","\xe4\xba\xba\xe9\x96\x93",
    "\xe8\xaa\x8d\xe8\xad\x98","\xe5\xbf\x8d\xe8\x80\x85","\xe4\xba\xba\xe6\x95\xb0",
    "\xe8\xaa\x8d\xe7\x9f\xa5","\xe8\xaa\x8d\xe5\xae\x9a","\xe4\xbb\xbb\xe5\x8b\x99",
    "\xe4\xba\xba\xe7\x9b\xae","\xe5\xa5\xb4","\xe6\x80\x92","\xe7\xb3\xa0","\xe8\xb2\xab",
    "\xe4\xb8\xbb","\xe5\xb8\x83","\xe6\xb2\xbc","\xe6\xb2\xbc\xe6\xb4\xa5","\xe9\x9f\xb3",
    "\xe5\x80\xa4","\xe5\xaf\x9d","\xe6\xa0\xb9","\xe7\xa5\xa2","\xe7\xa6\xb0","\xe5\xaf\xa7",
    "\xe7\xa5\xa2","\xe7\xa6\xb0","\xe5\x80\xa4\xe6\x89\x93","\xe8\x91\xb1",
    "\xe6\xa0\xb9\xe5\xb2\xb8","\xe7\x8c\xab","\xe7\x8c\xab\xe7\xa7\x91",
    "\xe5\x80\xa4\xe6\xae\xb5","\xe7\x86\xb1\xe6\xb9\xaf","\xe7\x86\xb1",
    "\xe7\x86\xb1\xe6\x84\x8f","\xe5\xaf\x9d\xe5\x9d\x8a","\xe6\xa0\xb9\xe6\x9c\xac",
    "\xe5\xaf\x9d\xe5\xb1\x8b\xe5\xb7\x9d","\xe7\xb7\xb4","\xe7\xb7\xb4\xe9\xa6\xac",
    "\xe5\xb9\xb4","\xe5\xbf\xb5","\xe7\xb2\x98","\xe7\x87\x83","\xe6\x92\x9a","\xe6\x8d\xbb",
    "\xe7\x84\xb6","\xe5\xb9\xb4\xe9\x96\x93","\xe5\xb9\xb4\xe6\x9c\x88\xe6\x97\xa5",
    "\xe5\xb9\xb4\xe4\xbc\x91","\xe5\xb9\xb4\xe5\xa7\x8b","\xe5\xb9\xb4\xe5\xb0\x91",
    "\xe7\x87\x83\xe7\x84\xbc","\xe5\xb9\xb4\xe4\xb8\xad","\xe5\xb9\xb4\xe7\x94\x9f",
    "\xe5\xb9\xb4\xe4\xbb\xa3","\xe5\xb9\xb4\xe9\x95\xb7","\xe5\xbf\xb5\xe9\xa0\xad",
    "\xe5\xb9\xb4\xe5\xba\xa6","\xe5\xb9\xb4\xe5\x86\x85","\xe5\xb9\xb4\xe7\x89\x88",
    "\xe7\x87\x83\xe8\xb2\xbb","\xe5\xb9\xb4\xe5\x89\x8d","\xe5\xb9\xb4\xe6\x9c\xab",
    "\xe7\x87\x83\xe6\x96\x99","\xe7\x87\x83\xe6\x96\x99\xe8\xb2\xbb",
    "\xe5\xb9\xb4\xe9\xbd\xa2","\xe5\x9f\x9c","\xe4\xb9\x8b","\xe5\xbb\xbc","\xe4\xb9\x83",
    "\xe9\x87\x8e","\xe6\xbf\x83","\xe8\xbe\xb2","\xe8\x86\xbf","\xe8\x84\xb3","\xe8\x83\xbd",
    "\xe7\xb4\x8d","\xe6\xbf\x83","\xe6\x82\xa9","\xe5\x9a\xa2",
    "\xe8\xbe\xb2\xe5\xad\xa6\xe9\x83\xa8","\xe8\xbe\xb2\xe6\xa9\x9f",
    "\xe8\xbe\xb2\xe6\xa5\xad","\xe8\xbe\xb2\xe5\xb7\xa5\xe5\xa4\xa7",
    "\xe8\xbe\xb2\xe6\x9d\x91","\xe6\xbf\x83\xe5\xba\xa6","\xe7\xb4\x8d\xe5\x85\xa5",
    "\xe7\xb4\x8d\xe5\x93\x81","\xe8\x84\xb3\xe8\xb2\xa7\xe8\xa1\x80",
    "\xe7\xb4\x8d\xe5\x93\x81\xe6\x9b\xb8","\xe8\x83\xbd\xe5\x8a\x9b","\xe8\xbb\x92",
    "\xe9\x87\x8e\xe5\x8f\xa3","\xe9\x87\x8e\xe4\xb8\x8b","\xe9\x87\x8e\xe5\xb3\xb6",
    "\xe5\xbe\x8c","\xe8\x83\xbd\xe7\x99\xbb\xe7\xb7\x9a","\xe9\x87\x8e\xe5\x8e\x9f",
    "\xe4\xbf\xa1","\xe4\xbc\xb8","\xe5\xae\xa3","\xe4\xbf\xa1\xe5\xa4\xab",
    "\xe4\xbf\xa1\xe7\x94\xb7","\xe4\xbc\xb8\xe6\xb5\xa9","\xe4\xbf\xa1\xe5\xaf\x9b",
    "\xe6\x98\x87","\xe8\x9a\xa4","\xe9\xa3\xb2\xe3\x81\xbf\xe4\xbc\x9a",
    "\xe9\x87\x8e\xe6\x9d\x91","\xe7\xb3\x8a","\xe6\xb3\x95","\xe7\xb4\x80","\xe5\x89\x87",
    "\xe5\x85\xb8","\xe6\x86\xb2","\xe5\xbe\xb3","\xe7\xaf\x84","\xe5\x85\xb8\xe5\xa4\xab",
    "\xe5\xbe\xb3\xe9\x9b\x84","\xe7\xaf\x84\xe5\xad\x90","\xe5\x85\xb8\xe5\xad\x90",
    "\xe6\xb3\x95\xe5\xad\x90","\xe5\x89\x87\xe4\xb9\x85","\xe7\xaf\x84\xe5\xb9\xb8",
    "\xe7\xa0\xb4","\xe8\x91\x89","\xe6\xad\xaf","\xe6\xb3\xa2","\xe7\xab\xaf","\xe7\x90\xb6",
    "\xe6\xb4\xbe","\xe6\x9d\xb7","\xe6\x8a\x8a\xe6\x8f\xa1","\xe8\x83\x8c","\xe9\x85\x8d",
    "\xe8\xbc\xa9","\xe8\x82\xba","\xe7\x89\x8c","\xe7\x9b\x83","\xe6\x9d\xaf","\xe6\x95\x97",
    "\xe7\x81\xb0\xe8\x89\xb2","\xe8\x83\x8c\xe6\x99\xaf","\xe6\x8b\x9d\xe5\x95\x93",
    "\xe6\x8b\x9d\xe8\xa6\x8b","\xe8\x83\x8c\xe5\xbe\x8c","\xe5\xbb\x83\xe6\xad\xa2",
    "\xe6\x8e\x92\xe9\x99\xa4","\xe9\x85\x8d\xe7\xb7\x9a","\xe9\x85\x8d\xe9\x80\x81",
    "\xe9\x85\x8d\xe5\xb1\x9e","\xe6\x8e\x92\xe4\xbb\x96","\xe9\x85\x8d\xe9\x81\x94",
    "\xe9\x85\x8d\xe7\xbd\xae","\xe6\x8e\x92\xe4\xb8\xad\xe5\xbe\x8b",
    "\xe9\x85\x8d\xe5\xb8\x83","\xe9\x85\x8d\xe5\xb8\x83\xe7\xaf\x84\xe5\x9b\xb2",
    "\xe9\x85\x8d\xe5\xb8\x83\xe6\x96\xb9\xe6\xb3\x95","\xe9\x85\x8d\xe5\x88\x86",
    "\xe6\x95\x97\xe5\x8c\x97","\xe8\x83\x8c\xe7\x90\x86",
    "\xe8\x83\x8c\xe7\x90\x86\xe6\xb3\x95","\xe9\x85\x8d\xe6\x85\xae",
    "\xe9\x85\x8d\xe5\x88\x97","\xe8\x9d\xbf","\xe5\xa2\x93","\xe7\xa0\xb4\xe5\xa3\x8a",
    "\xe7\xa0\xb4\xe5\xa3\x8a\xe7\x9a\x84","\xe7\xa0\xb4\xe5\xa3\x8a\xe5\x8a\x9b",
    "\xe7\xa0\xb4\xe6\xa0\xbc","\xe5\x8d\x9a\xe5\xa3\xab",
    "\xe5\x8d\x9a\xe5\xa3\xab\xe8\xaa\xb2\xe7\xa8\x8b","\xe8\xa2\xb4","\xe7\xa7\xa4",
    "\xe9\x8b\xbc","\xe7\xa0\xb4\xe6\xa3\x84","\xe8\x90\xa9","\xe7\x9f\xa7",
    "\xe8\x90\xa9\xe8\xb0\xb7","\xe6\xb3\x8a","\xe7\x99\xbd","\xe8\x96\x84","\xe8\xbf\xab",
    "\xe8\x88\xb6","\xe7\xb2\x95","\xe7\xae\x94","\xe6\x9f\x8f","\xe7\x99\xbd\xe8\xa1\xa3",
    "\xe8\xbf\xab\xe5\xae\xb3","\xe7\x99\xbd\xe5\xb1\xb1","\xe5\x8d\x9a\xe5\xa3\xab",
    "\xe5\x8d\x9a\xe5\xa3\xab\xe8\xaa\xb2\xe7\xa8\x8b","\xe4\xbc\xaf\xe7\x88\xb5",
    "\xe7\x99\xbd\xe7\x8a\xb6","\xe8\x96\x84\xe6\x83\x85","\xe7\x99\xbd\xe4\xba\xba",
    "\xe5\x8d\x9a\xe7\x89\xa9\xe9\xa4\xa8","\xe8\xbf\xab\xe5\x8a\x9b",
    "\xe7\xbe\xbd\xe9\xbb\x92","\xe6\xb4\xbe\xe9\x81\xa3","\xe7\xae\xb1","\xe5\x87\xbd",
    "\xe7\xae\xb1\xe5\xb4\x8e","\xe5\x87\xbd\xe9\xa4\xa8","\xe7\xae\xb1\xe6\xa0\xb9",
    "\xe7\xa0\xb4\xe7\x94\xa3","\xe7\xa1\xb2","\xe7\xae\xb8","\xe6\xa9\x8b","\xe7\xab\xaf",
    "\xe6\xa9\x8b\xe7\x94\xb0","\xe6\x9f\xb1","\xe6\x81\xa5","\xe8\x82\x87","\xe4\xb8\x80",
    "\xe8\x93\xae","\xe7\xad\x88","\xe5\xa4\x96","\xe9\x95\xb7\xe8\xb0\xb7\xe5\xb7\x9d",
    "\xe6\xab\xa8","\xe5\xb9\xa1","\xe7\x95\x91","\xe6\x97\x97","\xe6\xa9\x9f","\xe7\xab\xaf",
    "\xe7\x95\xa0","\xe7\x95\x91","\xe7\xa0\xb4\xe7\xb6\xbb","\xe8\x82\x8c","\xe8\xa3\xb8",
    "\xe9\x89\xa2","\xe5\x85\xab","\xe6\xb3\x95","\xe7\x99\xba\xe5\x88\x8a",
    "\xe7\x99\xba\xe6\x8f\xae","\xe7\x99\xba\xe7\x8b\x82","\xe7\x99\xba\xe6\x8e\x98",
    "\xe5\x85\xab\xe6\x99\xaf","\xe7\x99\xba\xe8\xa6\x8b","\xe7\x99\xba\xe8\xa1\x8c",
    "\xe7\x99\xba\xe9\x85\xb5","\xe7\x99\xba\xe8\xa1\x8c\xe5\xb9\xb4",
    "\xe7\x99\xba\xe6\x95\xa3","\xe7\x99\xba\xe5\xb0\x84","\xe7\x99\xba\xe7\xa5\xa5",
    "\xe7\x99\xba\xe4\xbf\xa1","\xe7\x99\xba\xe4\xbf\xa1\xe6\x97\xa5",
    "\xe7\x99\xba\xe7\x94\x9f","\xe7\x99\xba\xe7\x94\x9f\xe6\xb3\x95",
    "\xe7\x99\xba\xe9\x80\x81","\xe7\x99\xba\xe6\x83\xb3","\xe7\x99\xba\xe9\x81\x94",
    "\xe7\x99\xba\xe6\xb3\xa8","\xe7\x99\xba\xe5\xb1\x95","\xe5\x85\xab\xe7\x99\xbe",
    "\xe7\x99\xba\xe8\xa1\xa8","\xe7\x99\xba\xe8\xa1\xa8\xe4\xbc\x9a",
    "\xe7\x99\xba\xe8\xa1\xa8\xe8\x80\x85","\xe9\xab\xaa","\xe5\x88\x9d","\xe7\x99\xba",
    "\xe9\x86\x97","\xe6\xba\x8c","\xe7\x99\xba\xe9\x9f\xb3","\xe7\x99\xba\xe8\xa8\x80",
    "\xe5\x88\x9d\xe6\xb2\xa2","\xe7\x99\xba\xe9\x9b\xbb",
    "\xe7\x99\xba\xe9\x9b\xbb\xe6\x89\x80","\xe5\x88\x9d\xe8\x8d\xb7",
    "\xe7\x99\xba\xe5\xa3\xb2","\xe5\x88\x9d\xe6\x97\xa5\xe3\x81\xae\xe5\x87\xba",
    "\xe7\x99\xba\xe6\x9c\xac","\xe7\x99\xba\xe6\x98\x8e","\xe5\x88\x9d\xe8\xa9\xa3",
    "\xe5\x88\x9d\xe5\xa4\xa2","\xef\xbc\x9f","\xe6\xb4\xbe\xe6\x89\x8b","\xe9\xb3\xa9",
    "\xe8\x8a\xb1","\xe9\xbc\xbb","\xe8\x8f\xaf","\xe8\x8a\xb1\xe6\xb3\x89","\xe8\xa9\xb1",
    "\xe5\x99\xba","\xe8\x8a\xb1\xe6\x9d\x9f","\xe8\x8a\xb1\xe7\x81\xab",
    "\xe8\x8a\xb1\xe6\x96\x87\xe5\xad\x97","\xe8\x8a\xb1\xe5\xab\x81","\xe5\xa1\x99",
    "\xe7\xbe\xbd","\xe7\xbe\xbd\xe6\xa0\xb9","\xe7\xbe\xbd\xe7\x94\xb0","\xe6\xaf\x8d",
    "\xe6\xaf\x8d\xe8\xa6\xaa","\xe5\xb9\x85","\xe7\xa0\xb4\xe7\x89\x87","\xe6\xb5\x9c",
    "\xe6\xb5\x9c\xe5\xb7\x9d","\xe8\x9b\xa4","\xe6\xb5\x9c\xe7\x94\xb0",
    "\xe6\xb5\x9c\xe6\x9d\xbe","\xe6\xb5\x9c\xe6\x9d\xbe\xe5\xb8\x82",
    "\xe5\x88\x83\xe7\x89\xa9","\xe6\xb3\xa2\xe7\xb4\x8b","\xe6\x97\xa9",
    "\xe6\x97\xa9\xe5\xb7\x9d\xe6\x96\x87\xe5\xba\xab","\xe6\x9e\x97",
    "\xe6\x97\xa9\xe3\x80\x85","\xe9\x9a\xbc","\xe6\x97\xa9\xe7\x9b\xae",
    "\xe6\xb5\x81\xe8\xa1\x8c","\xe8\x85\xb9","\xe5\x8e\x9f","\xe5\x8e\x9f\xe7\x94\xb0",
    "\xe6\xb3\xa2\xe4\xb9\xb1","\xe5\xbc\xb5","\xe9\x87\x9d","\xe6\x98\xa5","\xe6\xb2\xbb",
    "\xe9\x81\xa5","\xe6\x98\xa5\xe6\x9c\xa8","\xe7\x89\x88","\xe5\x8d\x8a","\xe5\x9d\x82",
    "\xe5\x88\xa4","\xe5\x8f\x8d","\xe9\xa3\xaf","\xe9\xa0\x92","\xe7\x85\xa9",
    "\xe7\xaf\x84\xe5\x9b\xb2","\xe5\x8f\x8d\xe6\x98\xa0","\xe5\x8d\x8a\xe8\xa7\x92",
    "\xe5\x8d\x8a\xe8\xa7\x92\xe7\x89\x87\xe4\xbb\xae\xe5\x90\x8d",
    "\xe5\x8d\x8a\xe8\xa7\x92\xe4\xbb\xae\xe5\x90\x8d","\xe5\x8d\x8a\xe9\xa1\x8d",
    "\xe9\x98\xaa\xe6\x80\xa5","\xe5\x8f\x8d\xe9\x9f\xbf","\xe7\x8a\xaf\xe7\xbd\xaa",
    "\xe7\x8a\xaf\xe7\xbd\xaa\xe8\x80\x85","\xe5\x8f\x8d\xe5\xb0\x84",
    "\xe5\x8f\x8d\xe5\xb0\x84\xe7\x9a\x84","\xe7\xb9\x81\xe6\xae\x96",
    "\xe7\xb9\x81\xe6\xae\x96\xe5\x9c\xb0","\xe9\x98\xaa\xe7\xa5\x9e",
    "\xe5\x8f\x8d\xe7\x9c\x81","\xe5\x8f\x8d\xe7\x9c\x81\xe4\xbc\x9a",
    "\xe5\x8f\x8d\xe5\xaf\xbe","\xe5\x8d\x8a\xe7\x94\xb0","\xe9\x98\xaa\xe5\xa4\xa7",
    "\xe5\x88\xa4\xe6\x96\xad","\xe5\x88\xa4\xe5\xae\x9a",
    "\xe5\x88\xa4\xe5\xae\x9a\xe5\x9b\x9e\xe8\xb7\xaf",
    "\xe5\x88\xa4\xe5\xae\x9a\xe5\x8f\xaf\xe8\x83\xbd","\xe5\x8f\x8d\xe8\xbb\xa2",
    "\xe5\x8d\x8a\xe5\xb9\xb4","\xe5\x8d\x8a\xe5\xb0\x8e\xe4\xbd\x93",
    "\xe7\x8a\xaf\xe4\xba\xba","\xe5\x8f\x8d\xe5\xbf\x9c","\xe8\xb2\xa9\xe5\xa3\xb2",
    "\xe8\xb2\xa9\xe5\xa3\xb2\xe5\xba\x97","\xe5\x8d\x8a\xe7\xab\xaf",
    "\xe5\x8d\x8a\xe5\x88\x86","\xe5\x8f\x8d\xe5\xbe\xa9","\xe5\x88\xa4\xe5\x88\xa5",
    "\xe5\x88\xa4\xe6\x98\x8e","\xe5\x8f\x8d\xe9\x9d\xa2","\xe6\xb1\x8e\xe7\x94\xa8",
    "\xe6\xb1\x8e\xe7\x94\xa8\xe6\xa9\x9f","\xe6\xb1\x8e\xe7\x94\xa8\xe7\x9a\x84",
    "\xe6\xb0\xbe\xe6\xbf\xab","\xe5\x8f\x8d\xe8\xab\x96","\xe5\xa0\xb4","\xe9\xa6\xac",
    "\xe8\x8a\xad","\xe7\xbd\xb5","\xe5\xa9\x86","\xe7\xbe\xbd","\xe5\xa0\xb4\xe5\x90\x88",
    "\xe5\x80\x8d","\xe9\x99\xaa","\xe8\xb3\xa0","\xe5\xa3\xb2","\xe8\xb2\xb7","\xe7\x8b\xbd",
    "\xe7\x85\xa4","\xe6\xa5\xb3","\xe6\xa2\x85\xe9\x9b\xa8","\xe5\xaa\x92\xe4\xbb\x8b",
    "\xe5\x80\x8d\xe8\xa7\x92","\xe5\x80\x8d\xe6\x95\xb0","\xe5\xaa\x92\xe4\xbd\x93",
    "\xe5\xa3\xb2\xe8\xb2\xb7","\xe9\xa6\xac\xe9\xb9\xbf","\xe9\xba\xa6","\xe9\xa7\x81",
    "\xe8\x8e\xab","\xe7\xb8\x9b","\xe7\x88\x86","\xe6\xbc\xa0","\xe6\x9b\x9d","\xe7\x8d\x8f",
    "\xe7\x88\x86\xe7\xac\x91","\xe6\xbc\xa0\xe7\x84\xb6","\xe8\x8e\xab\xe5\xa4\xa7",
    "\xe7\x88\x86\xe7\xa0\xb4","\xe7\x88\x86\xe7\x99\xba",
    "\xe7\x88\x86\xe7\x99\xba\xe7\x9a\x84","\xe6\xa9\x8b","\xe5\xa0\xb4\xe6\x89\x80",
    "\xe7\xbd\xb5\xe5\xa3\xb0","\xe7\xbd\xb0","\xe6\x8a\x9c\xe7\xb2\x8b","\xe7\xbd\xb0",
    "\xe9\x96\xa5","\xe7\xad\x8f","\xe6\x8a\x9c","\xe4\xbc\x90","\xe6\x9c\xab","\xc3\x97",
    "\xe5\xa0\xb4\xe9\x9d\xa2","\xe7\x89\x88","\xe7\x95\xaa","\xe4\xb8\x87","\xe5\x88\xa4",
    "\xe8\x9b\xae","\xe8\x95\x83","\xe7\xa3\x90","\xe7\x9b\xa4","\xe7\x95\xaa\xe5\xa4\x96",
    "\xe7\x95\xaa\xe7\xb5\x84","\xe4\xb8\x87\xe5\x9b\xbd","\xe7\x95\xaa\xe5\x8f\xb7",
    "\xe4\xb8\x87\xe9\x9a\x9c","\xe4\xbc\xb4\xe5\xa5\x8f","\xe7\x95\xaa\xe5\x9c\xb0",
    "\xe4\xb8\x87\xe8\x83\xbd","\xe7\x95\xaa\xe7\x9b\xae","\xe4\xb8\x87\xe9\x87\x8c",
    "\xe6\xb3\xa2","\xe7\xa0\xb4","\xe7\x89\x88","\xe6\x97\xa5","\xe5\xbd\xbc","\xe6\xaf\x94",
    "\xe6\x89\x89","\xe7\x81\xab","\xe9\x99\xbd","\xe8\xb2\xbb","\xe6\xa8\x8b","\xe6\x9f\x8a",
    "\xe7\xa8\x97","\xe9\x9d\x9e\xe5\x8f\xaf\xe8\xa7\xa3","\xe6\xaf\x94\xe8\xbc\x83",
    "\xe6\xaf\x94\xe8\xbc\x83\xe7\x9a\x84","\xe6\x97\xa5\xe9\x99\xb0","\xe5\x85\x89",
    "\xe6\x82\xb2\xe8\xa6\xb3","\xe8\xa2\xab\xe5\xae\xb3","\xe6\x9d\xb1",
    "\xe6\x9d\xb1\xe9\x87\x8e","\xe5\x8c\xb9","\xe7\x96\x8b","\xe5\xbc\x95",
    "\xe6\xaf\x94\xe4\xbc\x81","\xe5\xbc\x95\xe6\x95\xb0","\xe6\xa8\x8b\xe5\x8f\xa3",
    "\xe9\x9d\x9e\xe6\xb1\xba\xe5\xae\x9a\xe6\x80\xa7","\xe9\xab\xad",
    "\xe6\x82\xb2\xe5\x8a\x87","\xe9\x9d\x9e\xe7\x8f\xbe\xe5\xae\x9f\xe7\x9a\x84",
    "\xe5\xbd\xa6","\xe9\xa3\x9b\xe8\xa1\x8c","\xe9\x9d\x9e\xe8\xa1\x8c",
    "\xe9\xa3\x9b\xe8\xa1\x8c\xe6\xa9\x9f","\xe9\x9d\x9e\xe8\xa1\x8c\xe5\xb0\x91\xe5\xb9\xb4",
    "\xe6\x97\xa5\xe9\xa0\x83","\xe4\xb9\x85","\xe5\xaf\xbf","\xe4\xb9\x85\xe9\x9b\x84",
    "\xe5\xaf\xbf\xe6\xa8\xb9","\xe6\x82\xb2\xe6\x83\xa8","\xe8\x86\x9d","\xe8\x8f\xb1",
    "\xe8\x8f\xb1\xe5\xbd\xa2","\xe8\x8f\xb1\xe7\x94\xb0","\xe7\xa7\x98\xe6\x9b\xb8",
    "\xe8\x82\x98","\xe9\x9d\x9e\xe9\x87\x8d\xe8\xa4\x87",
    "\xe9\x9d\x9e\xe9\x87\x8d\xe8\xa4\x87\xe5\x92\x8c","\xe9\x9d\x9e\xe5\xb8\xb8",
    "\xe9\x9d\x9e\xe5\xb8\xb8\xe5\x8b\xa4","\xe9\xa1\x8d","\xe6\x97\xa5\xe7\xab\x8b",
    "\xe9\x9d\x9e\xe5\x8d\x98\xe8\xaa\xbf","\xe9\xa3\x9b\xe9\xa8\xa8",
    "\xe9\xa3\x9b\xe7\x94\xb0","\xe8\x82\xa5\xe5\xa4\xa7",
    "\xe8\x82\xa5\xe5\xa4\xa7\xe5\x8c\x96","\xe6\x97\xa5\xe9\xab\x98","\xe5\xb7\xa6",
    "\xe2\x86\x90","\xe5\xb7\xa6\xe5\x81\xb4","\xe5\xb7\xa6\xe8\xa6\x81\xe7\xb4\xa0",
    "\xe5\xbf\x85","\xe5\xbf\x85\xe6\xad\xbb","\xe7\xad\x86\xe8\x80\x85",
    "\xe5\xbf\x85\xe9\xa0\x88","\xe5\xbf\x85\xe7\x9d\x80","\xe5\xbf\x85","\xe9\x80\xbc",
    "\xe7\xad\x86","\xe7\x95\xa2","\xe5\xbc\xbc","\xe6\xb3\x8c","\xe6\xa3\xba","\xe6\x9c\xaa",
    "\xe7\xbe\x8a","\xe5\xbf\x85\xe9\x9c\x80","\xe5\xbf\x85\xe7\x84\xb6",
    "\xe5\xbf\x85\xe7\x84\xb6\xe6\x80\xa7","\xe5\xbf\x85\xe7\x84\xb6\xe7\x9a\x84",
    "\xe5\xbf\x85\xe8\xaa\xad","\xe5\xbf\x85\xe8\xa6\x81",
    "\xe5\xbf\x85\xe8\xa6\x81\xe6\x80\xa7","\xe6\x97\xa5\xe4\xbb\x98",
    "\xe5\x90\xa6\xe5\xae\x9a","\xe8\x8b\xb1","\xe7\xa7\x80","\xe7\xa7\x80\xe6\x98\xad",
    "\xe7\xa7\x80\xe6\xa8\xb9","\xe8\x8b\xb1\xe5\xbd\xa6","\xe7\xa7\x80\xe4\xb9\x8b",
    "\xe4\xba\xba","\xe4\xb8\x80\xe6\x81\xaf","\xe4\xb8\x80\xe5\x8f\xa3",
    "\xe4\xba\xba\xe6\xb0\x97","\xe4\xb8\x80\xe5\xa3\xb0","\xe4\xb8\x80\xe8\xa8\x80",
    "\xe4\xba\xba\xe4\xba\x8b","\xe4\xb8\x80\xe7\xad\x8b",
    "\xe4\xb8\x80\xe7\xad\x8b\xe7\xb8\x84","\xe4\xba\xba\xe9\x81\x94",
    "\xe4\xb8\x80\xe5\xba\xa6","\xe4\xba\xba\xe6\x89\x8b","\xe4\xba\xba\xe5\x87\xba",
    "\xe4\xba\xba\xe6\xb3\xa2","\xe4\xba\xba\xe3\x80\x85","\xe7\x9e\xb3",
    "\xe4\xba\xba\xe7\x9b\xae","\xe4\xb8\x80\xe4\xba\xba",
    "\xe9\x9d\x9e\xe5\x90\x8c\xe6\x9c\x9f","\xe6\x97\xa5\xe5\x90\x91",
    "\xe9\x9d\x9e\xe9\x9b\xa3","\xe7\x9a\xae\xe8\x82\x89","\xe6\x97\xa5\xe9\x87\x8e",
    "\xe6\xa1\xa7","\xe6\x89\xb9\xe5\x88\xa4","\xe6\x97\xa5\xe3\x80\x85",
    "\xe6\x97\xa5\xe6\xaf\x94\xe8\xb0\xb7","\xe6\x9a\x87","\xe7\xa7\x98\xe5\xaf\x86",
    "\xe5\xaa\x9b","\xe5\xa7\xab","\xe6\x82\xb2\xe9\xb3\xb4","\xe7\xb4\x90","\xe7\x99\xbe",
    "\xe5\x86\xb7\xe6\xb1\x97","\xe8\xa1\xa8","\xe8\xb1\xb9","\xe8\xa9\x95","\xe7\xa5\xa8",
    "\xe7\x93\xa2","\xe6\xbc\x82","\xe6\xb0\xb7","\xe6\xa8\x99","\xe8\xa9\x95\xe4\xbe\xa1",
    "\xe8\xa9\x95\xe4\xbe\xa1\xe7\xb5\x90\xe6\x9e\x9c","\xe8\xa9\x95\xe4\xbe\xa1\xe5\xbe\x8c",
    "\xe8\xa9\x95\xe4\xbe\xa1\xe5\x9b\xb3","\xe8\xa9\x95\xe4\xbe\xa1\xe5\x80\xa4",
    "\xe8\xa9\x95\xe4\xbe\xa1\xe6\xb3\x95","\xe8\xa9\x95\xe4\xbe\xa1\xe7\x94\xa8",
    "\xe8\xa1\xa8\xe8\xa8\x98","\xe6\xa8\x99\xe8\xa8\x98",
    "\xe8\xa1\xa8\xe8\xa8\x98\xe6\xb3\x95","\xe8\xa9\x95\xe8\xad\xb0\xe4\xbc\x9a",
    "\xe8\xa1\xa8\xe7\x8f\xbe","\xe8\xa1\xa8\xe7\xb4\x99","\xe6\x8b\x8d\xe5\xad\x90",
    "\xe8\xa1\xa8\xe8\xb1\xa1","\xe8\xa1\xa8\xe5\xbd\xb0","\xe8\xa1\xa8\xe7\xa4\xba",
    "\xe6\xa8\x99\xe6\xba\x96","\xe6\xa8\x99\xe6\xba\x96\xe5\x8c\x96",
    "\xe6\xa8\x99\xe6\xba\x96\xe8\xaa\x9e","\xe6\xa8\x99\xe6\xba\x96\xe7\x9a\x84",
    "\xe8\xa1\xa8\xe6\x83\x85","\xe7\x93\xa2\xe7\xae\xaa","\xe8\xa1\xa8\xe9\xa1\x8c",
    "\xe6\xa8\x99\xe9\xa1\x8c","\xe8\xa9\x95\xe5\x88\xa4","\xe8\xb1\xb9\xe5\xa4\x89",
    "\xe6\xa8\x99\xe6\x9c\xac","\xe8\xa1\xa8\xe6\x98\x8e","\xe8\xa1\xa8\xe9\x9d\xa2",
    "\xe8\xa1\xa8\xe9\x9d\xa2\xe7\xa9\x8d","\xe8\xa9\x95\xe8\xab\x96",
    "\xe8\xa9\x95\xe8\xab\x96\xe7\xa4\xbe","\xe8\xb2\xbb\xe7\x94\xa8",
    "\xe6\x97\xa5\xe5\x92\x8c","\xe5\xb9\xb3","\xe5\xb9\xb3\xe4\xba\x95",
    "\xe5\xb9\xb3\xe7\x94\xb0","\xe5\xb9\xb3\xe9\x87\x8e","\xe5\xb9\xb3\xe5\x8e\x9f",
    "\xe5\xb9\xb3\xe5\xb1\xb1","\xe9\x9d\x9e\xe5\x8a\x9b","\xe6\x98\xbc","\xe8\x9b\xad",
    "\xe8\x92\x9c","\xe7\xb0\xb8","\xe6\x98\xbc\xe9\x96\x93","\xe6\x98\xbc\xe9\xa3\xaf",
    "\xe9\xb0\xad","\xe9\x9d\x9e\xe7\xa4\xbc","\xe6\xaf\x94\xe4\xbe\x8b",
    "\xe5\x8d\x91\xe5\x8a\xa3","\xe8\xa3\x95","\xe5\xba\x83","\xe5\x8d\x9a","\xe5\xbc\x98",
    "\xe6\xb4\x8b","\xe5\xb0\x8b","\xe5\xaf\x9b","\xe6\xaf\x94\xe5\x91\x82",
    "\xe7\x96\xb2\xe5\x8a\xb4","\xe6\x8a\xab\xe9\x9c\xb2\xe5\xae\xb4",
    "\xe6\xb5\xa9\xe5\xad\x90","\xe5\xae\x8f","\xe5\x8d\x9a","\xe5\x8d\x9a\xe5\x8f\xb2",
    "\xe6\xb5\xa9","\xe5\xba\x83\xe5\xb3\xb6","\xe5\xba\x83\xe5\xb3\xb6\xe5\xa4\xa7",
    "\xe5\xba\x83\xe7\x80\xac","\xe5\xaf\x9b\xe6\x96\x87","\xe5\xbc\x98\xe6\x96\x87",
    "\xe5\x8d\x9a\xe7\xbe\x8e","\xe5\x91\xa8\xe8\xa1\x8c","\xe9\xa0\xbb","\xe8\xb3\x93",
    "\xe8\xb2\xa7","\xe7\x80\x95","\xe6\xb5\x9c","\xe6\x96\x8c","\xe5\xbd\xac","\xe5\x93\x81",
    "\xe5\x93\x81\xe4\xbd\x8d","\xe8\xb2\xa7\xe8\xa1\x80","\xe8\xb2\xa7\xe5\x9b\xb0",
    "\xe8\xb2\xa7\xe5\xbc\xb1","\xe9\xa0\xbb\xe5\xba\xa6","\xe9\xa0\xbb\xe7\xb9\x81",
    "\xe9\xbc\xbb","\xe7\xbe\x8e","\xe7\x9c\x89","\xe7\x90\xb5","\xe6\xaf\x98","\xe6\x9e\x87",
    "\xe5\xbe\xae","\xe5\xb0\xbe","\xe9\xbc\xbb\xe9\x9f\xb3",
    "\xe9\xbc\xbb\xe9\x9f\xb3\xe5\x8c\x96","\xe5\x82\x99\xe8\x80\x83",
    "\xe5\xbe\xae\xe5\xb0\x91","\xe7\xbe\x8e\xe5\xb0\x91\xe5\xa5\xb3",
    "\xe7\xbe\x8e\xe5\xb0\x91\xe5\xb9\xb4","\xe7\xbe\x8e\xe4\xba\xba",
    "\xe9\xbc\xbb\xe6\xbf\x81\xe9\x9f\xb3","\xef\xbc\x81","\xe4\xba\xba",
    "\xe5\xbe\xae\xe5\x8b\x95","\xe5\x82\x99\xe5\x93\x81","\xe5\xbe\xae\xe5\x88\x86",
    "\xe7\xbe\x8e\xe5\x91\xb3","\xe5\xbe\xae\xe5\xa6\x99","\xe7\x99\xbd","\xe8\xac\xac",
    "\xe7\xa7\x92","\xe5\xb9\xb3","\xe9\x8b\xb2","\xe9\x8c\xa8","\xe8\x8b\x97","\xe7\x97\x85",
    "\xe6\x8f\x8f","\xe5\xbb\x9f","\xe7\x97\x85\xe9\x99\xa2","\xe7\x97\x85\xe6\xb0\x97",
    "\xe7\x97\x85\xe6\xba\x90\xe8\x8f\x8c","\xe7\xbe\x8e\xe5\xae\xb9\xe9\x99\xa2",
    "\xe9\xbc\xbb\xe6\xa2\x81","\xe6\x9e\x87\xe6\x9d\xb7","\xe7\x90\xb5\xe7\x90\xb6",
    "\xe7\x93\xb6","\xe6\x95\x8f","\xe4\xbe\xbf","\xe8\xb2\xa7","\xe4\xbe\xbf\xe4\xb9\x97",
    "\xe4\xbe\xbf\xe7\xae\x8b","\xe8\xb2\xa7\xe4\xb9\x8f","\xe4\xbe\xbf\xe5\x90\x8d",
    "\xe4\xbe\xbf\xe8\xa6\xa7","\xe7\x88\xb6","\xe8\xb2\xa0","\xe9\x99\x84","\xe9\x98\x9c",
    "\xe8\xb5\xb4","\xe8\xb3\xa6","\xe8\xad\x9c","\xe8\x8a\x99","\xe4\xb8\x8d\xe5\xae\x89",
    "\xe4\xb8\x8d\xe5\xae\x89\xe5\xae\x9a","\xe9\xa2\xa8","\xe6\xa5\x93","\xe5\xb0\x81",
    "\xe5\xaf\x8c","\xe5\xa4\xab","\xe9\xa2\xa8\xe6\x99\xaf","\xe9\xa2\xa8\xe6\xbd\xae",
    "\xe5\xb0\x81\xe7\xad\x92","\xe5\xa4\xab\xe5\xa9\xa6","\xe9\xa2\xa8\xe5\x91\xb3",
    "\xe7\xac\x9b","\xe4\xbb\x98\xe5\x8a\xa0","\xe8\xb2\xa0\xe8\x8d\xb7",
    "\xe4\xb8\x8d\xe5\x8f\xaf","\xe4\xb8\x8d\xe5\x8f\xaf\xe6\xac\xa0",
    "\xe6\xb7\xb1\xe6\xb2\xa2","\xe6\xb7\xb1\xe6\xb2\xa2",
    "\xe4\xb8\x8d\xe5\x8f\xaf\xe8\x83\xbd","\xe6\xb7\xb1\xe8\xb0\xb7",
    "\xe4\xb8\x8d\xe5\xae\x8c\xe5\x85\xa8","\xe8\x95\x97","\xe8\x91\xba",
    "\xe6\x99\xae\xe5\x8f\x8a","\xe5\xb8\x83\xe6\x95\x99","\xe4\xbb\x98\xe8\xbf\x91",
    "\xe8\xa6\x86","\xe5\xb9\x85","\xe8\x85\xb9","\xe7\xa6\x8f","\xe6\x9c\x8d","\xe8\xa4\x87",
    "\xe5\xbe\xa9","\xe5\x89\xaf","\xe7\xa6\x8f\xe4\xba\x95","\xe7\xa6\x8f\xe5\xb2\xa1",
    "\xe7\xa6\x8f\xe5\xb2\xa1\xe5\xb8\x82","\xe5\xbe\xa9\xe5\x85\x83",
    "\xe5\xbe\xa9\xe5\x8f\xb7","\xe8\xa4\x87\xe5\x90\x88",
    "\xe5\x89\xaf\xe4\xbd\x9c\xe7\x94\xa8","\xe8\xa4\x87\xe9\x9b\x91",
    "\xe8\xa4\x87\xe9\x9b\x91\xe5\x8c\x96","\xe8\xa4\x87\xe5\x86\x99",
    "\xe5\x89\xaf\xe6\x89\x8b","\xe5\xbe\xa9\xe8\xae\x90","\xe8\xa4\x87\xe6\x95\xb0",
    "\xe8\xa4\x87\xe8\xa3\xbd","\xe6\x9c\x8d\xe8\xa3\x85","\xe5\xbe\xa9\xe8\xaa\xbf",
    "\xe8\x85\xb9\xe9\x83\xa8","\xe7\xa6\x8f\xe8\xa2\x8b","\xe7\xa6\x8f\xe6\x9c\xac",
    "\xe8\xa2\x8b","\xe4\xb8\x8d\xe5\xb9\xb8","\xe7\xac\xa6\xe5\x8f\xb7",
    "\xe7\xac\xa6\xe5\x8f\xb7\xe5\x8c\x96","\xe4\xb8\x8d\xe5\x90\x88\xe6\xa0\xbc",
    "\xe7\xac\xa6\xe5\x8f\xb7\xe8\xaa\x9e","\xe7\xb7\x8f","\xe6\x88\xbf",
    "\xe4\xb8\x8d\xe5\x8f\x82\xe5\x8a\xa0","\xe4\xb8\x8d\xe5\x9c\xa8","\xe7\xaf\x80",
    "\xe4\xb8\x8d\xe6\x80\x9d\xe8\xad\xb0","\xe4\xb8\x8d\xe8\x87\xaa\xe7\x84\xb6",
    "\xe5\xaf\x8c\xe5\xa3\xab","\xe8\x97\xa4","\xe8\x97\xa4\xe4\xba\x95",
    "\xe5\xaf\x8c\xe5\xa3\xab\xe5\xb1\xb1","\xe8\x97\xa4\xe7\x94\xb0",
    "\xe8\x97\xa4\xe8\xb0\xb7","\xe5\xaf\x8c\xe5\xa3\xab\xe9\x80\x9a",
    "\xe5\xaf\x8c\xe5\xa3\xab\xe8\xa6\x8b","\xe4\xb8\x8d\xe5\x8d\x81\xe5\x88\x86",
    "\xe8\x97\xa4\xe5\x8e\x9f","\xe8\xa5\x96","\xe4\xbb\x98\xe9\x9a\x8f",
    "\xe9\x99\x84\xe9\x9a\x8f","\xe4\xb8\x8d\xe6\xad\xa3\xe7\xa2\xba",
    "\xe4\xb8\x8d\xe8\xb6\xb3","\xe9\x99\x84\xe5\xb1\x9e","\xe4\xbb\x98\xe5\xb1\x9e",
    "\xe4\xba\x8c","\xe5\x8f\x8c","\xe4\xba\x8c\xe4\xb8\x8a","\xe5\x8f\x8c\xe5\xad\x90",
    "\xe5\x8f\x8c\xe5\xad\x90\xe5\xba\xa7","\xe4\xba\x8c","\xe4\xba\x8c\xe6\x9c\xa8",
    "\xe5\x8f\x8c\xe8\x91\x89\xe7\xa4\xbe","\xe4\xba\x8c\xe6\x9d\x91",
    "\xe4\xba\x8c\xe4\xba\xba","\xe8\xb2\xa0\xe6\x8b\x85","\xe6\x9c\xad","\xe7\xb0\xa1",
    "\xe6\x99\xae\xe6\xae\xb5","\xe6\xb7\xb5","\xe7\xb8\x81","\xe5\xba\x9c\xe4\xb8\xad",
    "\xe4\xb8\x8d\xe8\xaa\xbf","\xe5\xbe\xa9\xe6\xb4\xbb","\xe5\xbe\xa9\xe5\xb8\xb0",
    "\xe5\xbe\xa9\xe6\x97\xa7","\xe8\x85\xb9\xe7\xad\x8b","\xe6\xb2\xb8","\xe6\x89\x95",
    "\xe5\xbc\x97","\xe4\xbb\x8f","\xe6\x99\xae\xe9\x80\x9a","\xe4\xb8\x8d\xe9\x80\x9a",
    "\xe4\xb8\x8d\xe9\x83\xbd\xe5\x90\x88","\xe4\xb8\x8d\xe9\x81\xa9",
    "\xe4\xb8\x8d\xe9\x81\xa9\xe5\xbd\x93","\xe7\xac\xa6\xe7\x82\xb9","\xe7\xad\x86",
    "\xe6\x87\x90","\xe5\xb8\x83\xe5\x9b\xa3","\xe6\xb5\xae\xe5\x8b\x95",
    "\xe4\xb8\x8d\xe5\x8b\x95\xe7\x82\xb9","\xe6\xb5\xae\xe5\x8b\x95\xe7\x82\xb9",
    "\xe9\xae\x92","\xe8\x88\xb9","\xe8\x88\x9f","\xe8\x88\xb9\xe6\xa9\x8b",
    "\xe8\xb5\xb4\xe4\xbb\xbb","\xe8\x88\xb9","\xe8\x88\x9f","\xe4\xb8\x8d\xe8\x83\xbd",
    "\xe4\xb8\x8d\xe5\xbf\x85\xe8\xa6\x81","\xe4\xb8\x8d\xe5\xa4\x89",
    "\xe4\xb8\x8d\xe4\xbe\xbf","\xe4\xb8\x8d\xe6\xba\x80","\xe6\x96\x87",
    "\xe4\xb8\x8d\xe6\x98\x8e","\xe4\xb8\x8d\xe5\x95\x8f","\xe5\x86\xac",
    "\xe4\xbb\x98\xe4\xb8\x8e","\xe4\xb8\x8d\xe8\xa6\x81","\xe6\x8c\xaf",
    "\xe6\x8c\xaf\xe6\x9b\xbf","\xe5\xba\x9c\xe7\xab\x8b","\xe4\xb8\x8d\xe8\x89\xaf",
    "\xe5\x8f\xa4\xe5\xb7\x9d","\xe6\x95\x85\xe9\x83\xb7",
    "\xe4\xb8\x8d\xe9\x80\xa3\xe7\xb6\x9a","\xe9\xa2\xa8\xe5\x91\x82",
    "\xe4\xb8\x8d\xe8\x80\x81","\xe4\xb8\x8d\xe8\x80\x81\xe7\x94\xba",
    "\xe4\xbb\x98\xe9\x8c\xb2","\xe9\xa2\xa8\xe5\x91\x82\xe6\x95\xb7",
    "\xe8\xb2\xa0\xe8\xab\x96\xe7\x90\x86\xe5\xbc\x8f","\xe5\x88\x86","\xe7\xb3\x9e",
    "\xe9\x9b\xb0","\xe7\xb4\x9b","\xe7\xb2\x89","\xe5\xa5\xae","\xe7\x84\x9a","\xe6\x89\xae",
    "\xe9\x9b\xb0\xe5\x9b\xb2\xe6\xb0\x97","\xe5\x99\xb4\xe7\x81\xab",
    "\xe7\xb2\x89\xe7\xa0\x95","\xe7\xb4\x9b\xe5\xa4\xb1","\xe5\x88\x86","\xe9\x83\xa8",
    "\xe7\x84\xa1","\xe8\x95\xaa","\xe8\x91\xa1","\xe8\x88\x9e","\xe6\xad\xa6","\xe6\x92\xab",
    "\xe9\x83\xa8\xe5\x93\xa1","\xe6\xad\xa6\xe5\x99\xa8",
    "\xe4\xb8\x8d\xe6\xb0\x97\xe5\x91\xb3","\xe9\x83\xa8\xe5\xb1\x80",
    "\xe4\xb8\x8d\xe7\xb4\xb0\xe5\xb7\xa5","\xe7\x84\xa1\xe6\xb2\x99\xe6\xb1\xb0",
    "\xe9\x83\xa8\xe7\xbd\xb2","\xe7\x84\xa1\xe4\xba\x8b","\xe9\x83\xa8\xe6\x95\xb0",
    "\xe7\x84\xa1\xe5\x8b\xa2","\xe8\xb1\x9a","\xe8\x88\x9e\xe5\x8f\xb0",
    "\xe9\x83\xa8\xe9\x95\xb7","\xe7\x89\xa9\xe4\xbb\xb6","\xe7\x89\xa9\xe8\xb3\x87",
    "\xe7\x89\xa9\xe6\x80\xa7","\xe7\x89\xa9\xe4\xbd\x93","\xe7\x89\xa9","\xe4\xbb\x8f",
    "\xe4\xbb\x8f\xe6\xbb\x85","\xe7\x89\xa9\xe7\x90\x86",
    "\xe7\x89\xa9\xe7\x90\x86\xe5\xad\xa6","\xe7\x89\xa9\xe7\x90\x86\xe7\x9a\x84",
    "\xe7\x89\xa9\xe6\xb5\x81","\xe8\x91\xa1\xe8\x90\x84","\xe7\x84\xa1\xe9\x9b\xa3",
    "\xe9\x83\xa8\xe5\x93\x81","\xe9\x83\xa8\xe5\x93\x81\xe5\x8c\x96",
    "\xe9\x83\xa8\xe5\x88\x86","\xe9\x83\xa8\xe5\x88\x86\xe7\xbe\xa4",
    "\xe9\x83\xa8\xe5\x88\x86\xe7\x9a\x84","\xe9\x83\xa8\xe9\x96\x80","\xe5\x88\x86",
    "\xe6\x96\x87","\xe8\x81\x9e","\xe6\x96\x87\xe5\x8c\x96","\xe5\x88\x86\xe7\xa7\x91",
    "\xe5\x88\x86\xe5\x8c\x96","\xe5\x88\x86\xe8\xa7\xa3",
    "\xe5\x88\x86\xe7\xa7\x91\xe4\xbc\x9a","\xe5\x88\x86\xe5\x89\xb2",
    "\xe6\x96\x87\xe5\xad\xa6","\xe6\x96\x87\xe5\xad\xa6\xe9\x83\xa8",
    "\xe6\x96\x87\xe4\xba\xac","\xe6\x96\x87\xe6\x95\x99",
    "\xe6\x96\x87\xe4\xba\xac\xe5\x8c\xba","\xe6\x96\x87\xe7\x8c\xae",
    "\xe6\x96\x87\xe5\xba\xab","\xe5\x88\x86\xe6\x95\xa3",
    "\xe5\x88\x86\xe6\x95\xa3\xe5\x87\xa6\xe7\x90\x86","\xe5\x88\x86\xe5\xad\x90",
    "\xe6\x96\x87\xe6\x9b\xb8","\xe6\x96\x87\xe7\xab\xa0",
    "\xe6\x96\x87\xe6\x9b\xb8\xe5\x87\xa6\xe7\x90\x86","\xe6\x96\x87\xe4\xba\xba",
    "\xe5\x88\x86\xe6\x9e\x90","\xe6\x96\x87\xe7\xaf\x80","\xe6\x96\x87\xe4\xbd\x93",
    "\xe5\x88\x86\xe6\x8b\x85","\xe5\x88\x86\xe6\x8b\x85\xe8\x80\x85",
    "\xe6\x96\x87\xe4\xb8\xad","\xe5\x88\x86\xe9\x85\x8d","\xe6\x96\x87\xe6\xb3\x95",
    "\xe6\x96\x87\xe6\xb3\x95\xe7\x9a\x84","\xe6\x96\x87\xe8\x84\x88",
    "\xe6\x96\x87\xe6\x98\x8e","\xe5\x88\x86\xe9\x87\x8e","\xe5\x88\x86\xe9\x9b\xa2",
    "\xe5\x88\x86\xe9\x87\x8f","\xe5\x88\x86\xe9\xa1\x9e","\xe5\x88\x86","\xe9\x96\x89",
    "\xe5\xb9\xb3","\xe9\x99\x9b","\xe8\x94\xbd","\xe4\xb8\xa6","\xe6\x9f\x84","\xe5\xbc\x8a",
    "\xe5\xb9\xa3","\xe9\x99\x9b\xe4\xb8\x8b","\xe5\xbc\x8a\xe5\xae\xb3",
    "\xe5\xb9\xb3\xe6\xb0\x97","\xe5\xb9\xb3\xe5\x9d\x87",
    "\xe5\xb9\xb3\xe5\x9d\x87\xe5\x80\xa4","\xe5\xb9\xb3\xe5\x9d\x87\xe9\x95\xb7",
    "\xe5\xb9\xb3\xe5\x9d\x87\xe7\x82\xb9","\xe5\xb9\xb3\xe5\x8e\x9f",
    "\xe4\xb8\xa6\xe8\xa1\x8c","\xe5\xb9\xb3\xe8\xa1\x8c","\xe5\xb9\xb3\xe5\x90\x91",
    "\xe4\xbd\xb5\xe5\x90\x88","\xe9\x96\x89\xe9\x8e\x96","\xe4\xbd\xb5\xe4\xbb\xbb",
    "\xe9\x96\x89\xe5\x8c\x85","\xe5\xb9\xb3\xe6\x96\xb9","\xe5\xb9\xb3\xe9\x9d\xa2",
    "\xe5\xb9\xb3\xe9\x9d\xa2\xe4\xb8\x8a","\xe4\xbd\xb5\xe7\x94\xa8",
    "\xe4\xb8\xa6\xe5\x88\x97","\xe4\xb8\xa6\xe5\x88\x97\xe5\x87\xa6\xe7\x90\x86",
    "\xe4\xb8\xa6\xe5\x88\x97\xe6\x80\xa7","\xe5\xb9\xb3\xe5\x92\x8c","\xe5\xa3\x81",
    "\xe7\xa2\xa7","\xe7\x99\x96","\xe5\x83\xbb","\xe4\xb8\x8b\xe6\x89\x8b","\xe8\x9b\x87",
    "\xe9\x83\xa8\xe5\xb1\x8b","\xe7\xae\x86","\xe8\xbe\xba","\xe5\xa4\x89","\xe8\xbe\xba",
    "\xe7\xb7\xa8","\xe8\xbf\x94","\xe9\x81\x8d","\xe7\xaf\x87","\xe7\x89\x87","\xe5\x81\x8f",
    "\xe5\xa4\x89\xe5\x8c\x96","\xe5\xa4\x89\xe6\x8f\x9b",
    "\xe5\xa4\x89\xe6\x8f\x9b\xe7\x8e\x87","\xe8\xbf\x94\xe5\x8d\xb4",
    "\xe8\xbf\x94\xe5\x8d\xb4\xe6\x9c\x9f\xe9\x99\x90","\xe7\xb7\xa8\xe6\x9b\xb2",
    "\xe5\xa4\x89\xe5\xbd\xa2","\xe8\xbe\xba\xe5\xbd\xa2","\xe5\x81\x8f\xe8\xa6\x8b",
    "\xe5\xa4\x89\xe5\x8c\x96","\xe5\xa4\x89\xe6\x9b\xb4",
    "\xe5\xa4\x89\xe6\x9b\xb4\xe7\x82\xb9","\xe8\xbf\x94\xe6\xb8\x88",
    "\xe7\xb7\xa8\xe9\x9b\x86","\xe7\xb7\xa8\xe9\x9b\x86\xe9\x83\xa8",
    "\xe8\xbf\x94\xe4\xbf\xa1","\xe8\xbf\x94\xe4\xba\x8b","\xe5\xa4\x89\xe6\x95\xb0",
    "\xe5\xa4\x89\xe6\x95\xb0\xe5\x90\x8d","\xe7\xb7\xa8\xe6\x88\x90",
    "\xe8\xbf\x94\xe9\x80\x81","\xe5\xa4\x89\xe5\xa5\x8f\xe6\x9b\xb2",
    "\xe5\xa4\x89\xe5\x89\x87","\xe8\xbf\x94\xe7\xad\x94","\xe5\xa4\x89\xe5\x8b\x95",
    "\xe7\xb7\xa8\xe5\x85\xa5","\xe8\xbf\x94\xe5\x93\x81","\xe5\xa4\x89\xe5\x88\x86",
    "\xe8\xbe\xba\xe8\xa6\x8b","\xe8\xbe\xba","\xe9\x83\xa8","\xe7\xb1\xb3",
    "\xe7\xb1\xb3\xe5\x9b\xbd","\xe5\x88\xa5\xe6\xa0\xbc","\xe5\x88\xa5\xe9\xa4\xa8",
    "\xe5\x88\xa5\xe5\x86\x8a","\xe5\x88\xa5\xe7\xb4\x99","\xe5\x88\xa5\xe8\x8d\x98",
    "\xe5\x88\xa5\xe9\x80\x94","\xe5\x88\xa5\xe8\xa1\xa8","\xe5\x88\xa5","\xe8\x94\x91",
    "\xe7\x9e\xa5","\xe5\x88\xa5\xe5\x9b\xb3","\xe5\x88\xa5\xe4\xbe\xbf",
    "\xe5\x88\xa5\xe3\x80\x85","\xe5\x88\xa5\xe5\x90\x8d","\xe7\xb4\x85","\xe5\x8b\x89",
    "\xe9\x9e\xad","\xe5\xbc\x81","\xe5\xa8\xa9","\xe4\xbe\xbf","\xe5\x8b\x89\xe5\xbc\xb7",
    "\xe5\x8b\x89\xe5\xbc\xb7\xe4\xbc\x9a","\xe4\xbe\xbf\xe5\xae\x9c",
    "\xe5\xbc\x81\xe8\xad\xb7\xe5\xa3\xab","\xe5\xbc\x81\xe5\xbd\x93",
    "\xe5\xbc\x81\xe5\x88\xa5","\xe4\xbe\xbf\xe5\x88\xa9","\xe5\xb9\xb3","\xe9\x96\x89",
    "\xe9\xa0\x81","\xe4\xbf\x9d","\xe7\xa9\x82","\xe8\xbc\x94","\xe8\xa3\x9c","\xe7\x94\xab",
    "\xe6\xad\xa9","\xe6\x8d\x95","\xe5\x9c\x83","\xe6\x96\xb9","\xe6\xb3\x95","\xe6\xb3\xa1",
    "\xe7\xa0\xb2","\xe6\x94\xbe","\xe5\xa0\xb1","\xe9\xb5\xac","\xe9\xb3\xb3",
    "\xe6\x96\xb9\xe4\xbd\x8d","\xe6\x94\xbe\xe6\x98\xa0","\xe5\x8c\x85\xe6\x8b\xac",
    "\xe5\x8c\x85\xe5\x90\xab","\xe6\x94\xbe\xe6\xa3\x84","\xe6\x96\xb9\xe8\xa8\x80",
    "\xe6\x96\xb9\xe5\x90\x91","\xe5\xa0\xb1\xe5\x91\x8a",
    "\xe5\xa0\xb1\xe5\x91\x8a\xe6\x9b\xb8","\xe5\xa0\xb1\xe5\x91\x8a\xe4\xba\x8b\xe9\xa0\x85",
    "\xe6\x96\xb9\xe7\xad\x96","\xe6\x96\xb9\xe5\xbc\x8f","\xe5\xa0\xb1\xe9\x85\xac",
    "\xe5\xa5\x89\xe8\x81\xb7","\xe6\x96\xb9\xe9\x87\x9d","\xe6\xb3\x95\xe4\xba\xba",
    "\xe6\x94\xbe\xe9\x80\x81","\xe5\x8c\x85\xe8\xa3\x85","\xe6\xb3\x95\xe5\x89\x87",
    "\xe5\x8c\x85\xe5\xb8\xaf","\xe6\x94\xbe\xe7\xbd\xae",
    "\xe6\x96\xb9\xe7\xa8\x8b\xe5\xbc\x8f","\xe5\xa0\xb1\xe9\x81\x93",
    "\xe8\xa4\x92\xe7\xbe\x8e","\xe8\xb1\x8a\xe5\xaf\x8c","\xe6\x94\xbe\xe7\x89\xa9",
    "\xe6\x94\xbe\xe7\x89\xa9\xe7\xb7\x9a","\xe6\x96\xb9\xe6\xb3\x95",
    "\xe6\x96\xb9\xe6\xb3\x95\xe8\xab\x96","\xe6\xb3\x95\xe5\x8b\x99",
    "\xe6\x96\xb9\xe9\x9d\xa2","\xe8\xa8\xaa\xe5\x95\x8f","\xe6\xb3\x95\xe5\xbe\x8b",
    "\xe6\xb3\x95\xe5\xbe\x8b\xe8\xab\x96","\xe6\x94\xbe\xe6\xb5\xaa",
    "\xe6\x94\xbe\xe6\xb5\xaa\xe7\x99\x96","\xe9\xa0\xac","\xe4\xbb\x96","\xe5\xa4\x96",
    "\xe4\xbf\x9d\xe7\xae\xa1","\xe8\xa3\x9c\xe7\xb5\xa6",
    "\xe8\xa3\x9c\xe7\xb5\xa6\xe7\x89\xa9\xe8\xb3\x87","\xe8\xa3\x9c\xe7\xb5\xa6\xe9\x87\x8f",
    "\xe5\x8c\x97","\xe5\x8c\x97\xe5\xa4\xa7","\xe5\x8c\x97\xe6\x96\x97",
    "\xe5\x8c\x97\xe9\x99\xb8","\xe4\xbf\x9d\xe9\x99\xba","\xe4\xbf\x9d\xe5\x81\xa5",
    "\xe4\xbf\x9d\xe9\x99\xba\xe8\xa8\xbc","\xe9\x89\xbe","\xe7\x9f\x9b",
    "\xe6\xad\xa9\xe8\xa1\x8c","\xe6\xad\xa9\xe8\xa1\x8c\xe8\x80\x85",
    "\xe4\xbf\x9d\xe8\xad\xb7","\xe4\xbf\x9d\xe8\xad\xb7\xe8\x80\x85",
    "\xe8\xa3\x9c\xe4\xbd\x90","\xe4\xbf\x9d\xe5\x9d\x82","\xe6\x98\x9f","\xe2\x80\xbb",
    "\xe2\x98\x86","\xe2\x98\x85","\xe6\x98\x9f\xe5\xb1\x91",
    "\xe6\x98\x9f\xe5\x8f\x96\xe8\xa1\xa8","\xe4\xbf\x9d\xe5\xae\x88",
    "\xe4\xbf\x9d\xe8\xa8\xbc","\xe4\xbf\x9d\xe6\x8c\x81","\xe8\xa3\x9c\xe5\x8a\xa9",
    "\xe7\xa9\x82\xe7\xa9\x8d","\xe4\xbf\x9d\xe5\x85\xa8","\xe7\xb4\xb0",
    "\xe7\xb4\xb0\xe4\xba\x95","\xe8\xa3\x9c\xe8\xb6\xb3","\xe7\xb4\xb0\xe5\xad\x97",
    "\xe7\xb4\xb0\xe9\x87\x8e","\xe4\xbf\x9d\xe5\xad\x98","\xe8\x9b\x8d","\xe7\x99\xba",
    "\xe6\xb3\x95","\xe5\x8c\x97\xe6\xb5\xb7\xe9\x81\x93","\xe7\x99\xba\xe4\xbd\x9c",
    "\xe7\x99\xba\xe8\xb6\xb3","\xe7\x99\xba\xe7\xab\xaf","\xe7\x99\xba","\xe7\xbc\xb6",
    "\xe4\xbb\x8f","\xe8\xbe\xba","\xe6\xae\x86\xe3\x81\xa9","\xe7\xa8\x8b",
    "\xe8\xa3\x9c\xe5\xb0\x8e","\xe8\xa3\x9c\xe5\xb0\x8e\xe6\xad\xb4","\xe9\xaa\xa8",
    "\xe9\xaa\xa8\xe8\xba\xab","\xe7\x82\x8e","\xe4\xbf\x9d\xe6\x9c\x89",
    "\xe4\xbf\x9d\xe6\x9c\x89\xe9\x87\x8f","\xe6\xb4\x9e","\xe5\xa0\x80",
    "\xe5\xa0\x80\xe5\x86\x85","\xe5\xa0\x80\xe5\xb7\x9d","\xe5\xb9\x8c","\xe6\x9c\xac",
    "\xe7\xbf\xbb","\xe5\xa5\x94","\xe5\x8f\x8d","\xe6\x9c\xac\xe6\xa0\xbc",
    "\xe6\x9c\xac\xe6\xa0\xbc\xe7\x9a\x84","\xe6\x9c\xac\xe9\xa4\xa8",
    "\xe6\x9c\xac\xe8\x89\xa6","\xe6\x9c\xac\xe6\xb0\x97","\xe6\x9c\xac\xe6\xa5\xad",
    "\xe6\x9c\xac\xe7\xa0\x94\xe7\xa9\xb6","\xe6\x9c\xac\xe7\xa8\xbf",
    "\xe6\x9c\xac\xe9\xa7\x92\xe8\xbe\xbc","\xe6\x9c\xac\xe9\x83\xb7",
    "\xe6\x9c\xac\xe8\xb3\xaa","\xe6\x9c\xac\xe8\xb3\xaa\xe7\x9a\x84",
    "\xe6\x9c\xac\xe7\xa4\xbe","\xe6\x9c\xac\xe6\x9b\xb8","\xe6\x9c\xac\xe7\xab\xa0",
    "\xe6\x9c\xac\xe6\x97\xa5","\xe6\x9c\xac\xe5\xba\x84","\xe6\x9c\xac\xe7\xad\x8b",
    "\xe6\x9c\xac\xe7\xaf\x80","\xe6\x9c\xac\xe7\xb7\x9a","\xe6\x9c\xac\xe4\xbd\x93",
    "\xe6\x9c\xac\xe7\x94\xb0","\xe6\x9c\xac\xe5\xa4\x9a","\xe6\x9c\xac\xe9\xa1\x8c",
    "\xe6\x9c\xac\xe7\x94\xba","\xe6\x9c\xac\xe5\xbd\x93","\xe6\x9c\xac\xe4\xba\xba",
    "\xe6\x9c\xac\xe9\x9f\xb3","\xe6\x9c\xac\xe5\xb9\xb4",
    "\xe6\x9c\xac\xe5\xb9\xb4\xe5\xba\xa6","\xe6\x9c\xac\xe8\x83\xbd",
    "\xe6\x9c\xac\xe8\x83\xbd\xe7\x9a\x84","\xe6\x9c\xac\xe5\xa0\xb4",
    "\xe6\x9c\xac\xe9\x83\xa8","\xe6\x9c\xac\xe6\x96\x87","\xe6\x9c\xac\xe7\x94\xba",
    "\xe6\x9c\xac\xe5\x90\x8d","\xe6\x9c\xac\xe7\x89\xa9","\xe6\x9c\xac\xe5\xb1\x8b",
    "\xe7\xbf\xbb\xe8\xa8\xb3","\xe6\x9c\xac\xe6\x9d\xa5",
    "\xe6\x9c\xac\xe8\xab\x96\xe6\x96\x87","\xe6\xaf\x8d","\xe6\x9a\xae","\xe8\x8f\xa9",
    "\xe7\xb0\xbf","\xe6\x88\x8a","\xe6\x85\x95","\xe5\xa2\x93","\xe5\x8b\x9f",
    "\xe6\xaf\x8d\xe9\x9f\xb3","\xe6\x9f\x90","\xe5\xa6\xa8","\xe9\x98\xb2","\xe9\x89\xbe",
    "\xe8\xb2\xbf","\xe8\xb2\x8c","\xe8\xac\x80","\xe8\x86\xa8","\xe9\x98\xb2\xe8\xa1\x9b",
    "\xe8\xb2\xbf\xe6\x98\x93","\xe5\x86\x92\xe9\x99\xba","\xe6\x9a\xb4\xe8\xa1\x8c",
    "\xe6\x9a\xb4\xe8\xa1\x8c\xe6\xb2\x99\xe6\xb1\xb0","\xe9\x98\xb2\xe6\xad\xa2",
    "\xe5\xb8\xbd\xe5\xad\x90","\xe6\x9a\xb4\xe8\xb5\xb0","\xe8\x86\xa8\xe5\xa4\xa7",
    "\xe5\x86\x92\xe9\xa0\xad","\xe5\xbf\x98\xe5\xb9\xb4\xe4\xbc\x9a",
    "\xe6\x9a\xb4\xe5\x88\xa9","\xe6\x9a\xb4\xe5\x8a\x9b",
    "\xe6\x9a\xb4\xe5\x8a\x9b\xe6\xb2\x99\xe6\xb1\xb0","\xe6\x9a\xb4\xe5\x8a\x9b\xe5\x9b\xa3",
    "\xe4\xba\xa1\xe9\x9c\x8a","\xe5\x83\x95","\xe6\x9c\xa8","\xe7\xa9\x86","\xe7\x9d\xa6",
    "\xe7\x89\xa7","\xe6\x9c\xb4","\xe6\x92\xb2","\xe5\xa2\xa8","\xe6\xaf\x8d\xe6\xa0\xa1",
    "\xe6\xaf\x8d\xe5\x9b\xbd\xe8\xaa\x9e","\xe8\x8f\xa9\xe8\x96\xa9",
    "\xe5\x8b\x9f\xe9\x9b\x86","\xe5\x8b\x9f\xe9\x9b\x86\xe5\xba\x83\xe5\x91\x8a",
    "\xe6\xaf\x8d\xe4\xbd\x93","\xe9\x87\xa6","\xe8\x8f\xa9\xe6\x8f\x90","\xe5\x9d\x8a",
    "\xe6\xb2\xa1\xe9\xa0\xad","\xe6\xb2\xa1","\xe5\x8b\x83","\xe7\x9b\x86","\xe5\x87\xa1",
    "\xe6\x9c\xac","\xe9\x96\x93","\xe7\x9b\xae","\xe7\x9c\x9f","\xe9\xba\xbb","\xe9\xad\x94",
    "\xe7\xa3\xa8","\xe6\x91\xa9","\xe9\xa6\xac","\xe6\x9e\x9a","\xe6\xaf\x8e","\xe6\x98\xa7",
    "\xe5\xa6\xb9","\xe5\x9f\x8b","\xe8\x88\x9e","\xe7\xb1\xb3","\xe6\xaf\x8e\xe6\x9c\x9d",
    "\xe6\xaf\x8e\xe5\x9b\x9e","\xe8\xbf\xb7\xe5\xad\x90","\xe6\xaf\x8e\xe5\x8f\xb7",
    "\xe6\xaf\x8e\xe9\x80\xb1","\xe6\x9e\x9a\xe6\x95\xb0","\xe6\xaf\x8e\xe6\x9c\x88",
    "\xe6\xaf\x8e\xe5\xb9\xb4","\xe6\xaf\x8e\xe5\xba\xa6","\xe6\xaf\x8e\xe6\x97\xa5",
    "\xe6\xaf\x8e\xe5\xb9\xb4","\xe5\x93\xa9","\xe5\x89\x8d","\xe5\x89\x8d\xe5\xb7\x9d",
    "\xe5\x89\x8d\xe5\x87\xa6\xe7\x90\x86","\xe5\x89\x8d\xe9\x87\x8e","\xe5\xb7\xbb",
    "\xe6\xa7\x99","\xe7\x89\xa7","\xe7\x9c\x9f\xe5\x8c\x97","\xe7\x89\xa7\xe9\x87\x8e",
    "\xe8\x86\x9c","\xe5\xb9\x95","\xe5\xb9\x95\xe5\xbc\xb5","\xe6\x9e\x95","\xe9\xae\xaa",
    "\xe7\x9c\x9f","\xe8\xaa\xa0","\xe5\xad\xab","\xe6\xad\xa3","\xe6\x9f\xbe","\xe9\x9b\x85",
    "\xe6\x94\xbf","\xe7\x9c\x9f","\xe6\x98\x8c","\xe5\xbe\x81","\xe6\xad\xa3\xe5\x92\x8c",
    "\xe4\xbb\x81","\xe6\xad\xa3\xe6\x99\xb4","\xe9\x9b\x85\xe5\xbd\xa6",
    "\xe9\x9b\x85\xe6\xb4\x8b","\xe6\x98\x8c\xe4\xb9\x8b","\xe7\x9b\x8a\xe5\xad\x90",
    "\xe7\x9c\x9f\xe8\xbf\x91","\xe7\x9c\x9f\xe9\x9d\xa2\xe7\x9b\xae",
    "\xe9\xad\x94\xe7\xa5\x9e","\xe6\xa1\x9d","\xe9\xb1\x92","\xe7\x9b\x8a","\xe5\xa2\x97",
    "\xe5\x8d\x87","\xe5\xa2\x97\xe7\x94\xb0","\xe7\x9b\x8a\xe7\x94\xb0","\xe5\x8f\x88",
    "\xe4\xbf\xa3","\xe4\xba\xa6","\xe8\x82\xa1","\xe8\xa1\x97","\xe7\x94\xba",
    "\xe7\x9c\x9e\xe6\x99\xba\xe5\xad\x90","\xe8\xa1\x97\xe4\xb8\xad",
    "\xe7\x94\xba\xe4\xb8\xad","\xe7\x9c\x9f\xe8\xb5\xa4","\xe6\x8a\xb9\xe6\xb6\x88",
    "\xe5\x85\xa8","\xe6\x9c\xab\xe7\xab\xaf","\xe6\x9d\xbe","\xe6\x9c\xab","\xe6\xb2\xab",
    "\xe6\x8a\xb9","\xe6\x9d\xbe\xe4\xba\x95","\xe6\x9d\xbe\xe6\xb5\xa6",
    "\xe6\x9d\xbe\xe6\xb1\x9f","\xe6\x9d\xbe\xe5\xb2\xa1","\xe6\x9d\xbe\xe6\x96\xb9",
    "\xe6\x9d\xbe\xe5\x80\x89","\xe6\x9d\xbe\xe6\xb2\xa2","\xe6\x9d\xbe\xe4\xb8\x8b",
    "\xe6\x9d\xbe\xe5\xb3\xb6","\xe6\x9c\xab\xe6\x97\xa5","\xe6\x9d\xbe\xe7\x94\xb0",
    "\xe6\x9d\xbe\xe5\x8e\x9f","\xe6\x9c\xab\xe5\xb0\xbe","\xe6\x9d\xbe\xe6\x9c\xac",
    "\xe6\x9d\xbe\xe5\xb1\xb1","\xe7\xa5\xad","\xe6\x94\xbf","\xe8\xbf\x84","\xe7\x9a\x84",
    "\xe7\xaa\x93","\xe7\xaa\x93\xe5\x8f\xa3","\xe7\xaa\x93\xe8\xbe\xba","\xe7\x9c\xbc",
    "\xe7\x9c\x9f\xe5\xa4\x8f","\xe7\x9c\x9f\xe5\xa5\x88\xe7\xbe\x8e",
    "\xe7\x9c\x9f\xe4\xbc\xbc","\xe9\xba\xbb\xe7\x97\xba","\xe7\x9c\x9f\xe6\x9d\xb1",
    "\xe9\xad\x94\xe6\xb3\x95","\xe5\xb9\xbb","\xe4\xbe\xad",
    "\xe7\x9c\x9f\xe7\xbe\x8e\xe5\xad\x90","\xe7\x9c\x9f\xe5\x8d\x97","\xe8\xb1\x86",
    "\xe9\xba\xbb\xe8\x96\xac","\xe7\xb9\xad","\xe7\x9c\x9f\xe5\xa4\x9c\xe4\xb8\xad",
    "\xe7\x9c\x9f\xe7\x90\x86\xe9\x9b\x84","\xe7\x9c\x9f\xe7\x90\x86\xe5\xad\x90",
    "\xe6\xba\x80\xe9\x87\x8c\xe5\xa5\x88","\xe5\x86\x86","\xe4\xb8\xb8","\xe2\x97\x8b",
    "\xe2\x97\x8f","\xe2\x97\x8e","\xe4\xb8\xb8\xe5\xb2\xa1","\xe4\xb8\xb8\xe5\x96\x84",
    "\xe4\xb8\xb8\xe6\x9e\x97","\xe4\xb8\xb8\xe5\xb1\xb1","\xe7\xa8\x80","\xe9\xba\xbf",
    "\xe4\xb8\x87","\xe6\xba\x80","\xe8\x94\x93","\xe6\xbc\xab","\xe6\x85\xa2","\xe9\xa5\x85",
    "\xe4\xb8\x87\xe4\xb8\x80","\xe4\xb8\x87\xe5\x86\x86","\xe6\xba\x80\xe9\x96\x8b",
    "\xe6\xbc\xab\xe7\x94\xbb","\xe5\x8d\x8d","\xe9\xa5\x85\xe9\xa0\xad",
    "\xe6\xba\x80\xe6\xb0\xb4","\xe6\x85\xa2\xe6\x80\xa7","\xe6\xba\x80\xe8\xb6\xb3",
    "\xe6\xba\x80\xe7\x82\xb9","\xe7\x9c\x9f\xe4\xb8\xad","\xe6\xba\x80\xe9\x9d\xa2",
    "\xe9\xba\xbb\xe9\x9b\x80","\xe5\xae\x9f","\xe5\x91\xb3","\xe4\xb8\x89","\xe8\xba\xab",
    "\xe6\x9c\xaa","\xe7\xae\x95","\xe5\xb7\xb3","\xe9\xad\x85","\xe8\xba\xab\xe5\x86\x85",
    "\xe4\xb8\x89\xe9\x87\x8d","\xe6\x9c\xaa\xe8\xa7\xa3\xe6\xb1\xba",
    "\xe6\x9c\xaa\xe7\xa2\xba\xe8\xaa\x8d","\xe5\x91\xb3\xe6\x96\xb9",
    "\xe8\xa6\x8b\xe6\x96\xb9","\xe4\xb8\x89\xe4\xb8\x8a",
    "\xe4\xb8\x89\xe7\xa5\x9e\xe5\xb3\xaf","\xe6\x9c\xaa\xe5\xae\x8c\xe6\x88\x90",
    "\xe8\xba\xab\xe8\xbb\xbd","\xe5\xb9\xb9","\xe7\xbe\x8e\xe7\xb4\x80",
    "\xe5\xb9\xb9\xe9\x9b\x84","\xe5\x8f\xb3","\xe2\x86\x92","\xe5\x8f\xb3\xe5\x81\xb4",
    "\xe5\x8f\xb3\xe6\x89\x8b","\xe5\x8f\xb3\xe8\xa6\x81\xe7\xb4\xa0",
    "\xe5\x8f\xb3\xe6\xa8\xaa","\xe8\xa9\x94","\xe8\xa6\x8b\xe4\xba\x8b","\xe6\x93\x8d",
    "\xe5\xb2\xac","\xe9\x99\xb5","\xe4\xb8\x89\xe6\xbe\xa4","\xe4\xb8\x89\xe6\xb2\xa2",
    "\xe4\xb8\x89\xe5\xb3\xb6","\xe8\xba\xab\xe8\xbf\x91","\xe6\x9c\xaa\xe7\x86\x9f",
    "\xe6\x9c\xaa\xe7\x86\x9f\xe8\x80\x85","\xe6\xb0\xb4","\xe6\xb9\x96",
    "\xe6\xb0\xb4\xe7\x94\xb0","\xe6\xb0\xb4\xe8\xb0\xb7","\xe6\xb0\xb4\xe9\x87\x8e",
    "\xe5\xba\x97","\xe6\x9c\xaa\xe7\x84\xb6","\xe5\x91\xb3\xe5\x99\x8c","\xe6\x99\xa6",
    "\xe6\xba\x9d","\xe4\xb8\x89\xe7\x94\xb0","\xe4\xb8\x89\xe9\xb7\xb9",
    "\xe4\xb8\x89\xe8\xb0\xb7","\xe9\x81\x93","\xe8\xb7\xaf","\xe6\x9c\xaa\xe7\x9f\xa5",
    "\xe4\xb8\x89\xe6\x97\xa5","\xe5\xaf\x86\xe6\x8e\xa5","\xe5\xaf\x86\xe9\x96\x89",
    "\xe8\x9c\x9c","\xe5\xaf\x86","\xe5\x85\x89","\xe4\xb8\x89\xe4\xba\x95",
    "\xe5\xaf\x86\xe7\xb5\x90\xe5\x90\x88","\xe5\xaf\x86\xe5\xba\xa6",
    "\xe4\xb8\x89\xe8\x8f\xb1","\xe4\xb8\x89\xe8\x8f\xb1\xe9\x9b\xbb\xe6\xa9\x9f",
    "\xe5\x85\x89\xe4\xb9\x8b","\xe6\x9c\xaa\xe5\xae\x9a",
    "\xe6\x9c\xaa\xe5\xae\x9a\xe7\xbe\xa9","\xe6\xb0\xb4\xe6\x88\xb8",
    "\xe6\x9c\xaa\xe8\xaa\xad","\xe7\xb7\x91","\xe7\x9a\x86","\xe7\x9a\x86\xe6\x96\xb9",
    "\xe7\xbe\x8e\xe5\xa5\x88\xe5\xad\x90","\xe7\x9a\x86\xe6\xa7\x98","\xe6\xb9\x8a",
    "\xe6\xb8\xaf","\xe6\xb8\xaf\xe5\x8c\xba","\xe5\x8d\x97","\xe5\x8d\x97\xe9\x87\x8e",
    "\xe6\xba\x90","\xe5\xb3\xaf","\xe5\xb3\xb0","\xe8\x93\x91","\xe7\xbe\x8e\xe6\xbf\x83",
    "\xe7\xa8\x94","\xe5\xaf\xa6","\xe4\xb8\x89\xe5\x8e\x9f","\xe8\xba\xab\xe5\x88\x86",
    "\xe4\xb8\x89\xe4\xbf\x9d","\xe8\xa6\x8b\xe6\x9c\xac","\xe8\x80\xb3",
    "\xe8\x80\xb3\xe8\xa8\xb1","\xe6\x9c\xaa\xe6\x98\x8e","\xe8\x84\x88","\xe5\xae\xae",
    "\xe5\xae\xae\xe5\x86\x85","\xe5\xae\xae\xe5\x9f\x8e","\xe4\xb8\x89\xe5\xae\x85",
    "\xe5\x9c\x9f\xe7\x94\xa3","\xe9\x83\xbd","\xe5\xae\xae\xe5\x8f\xa4",
    "\xe5\xae\xae\xe5\x9d\x82","\xe5\xae\xae\xe5\xb4\x8e","\xe5\xae\xae\xe4\xb8\x8b",
    "\xe5\xae\xae\xe9\x87\x8e","\xe5\xae\xae\xe5\x8e\x9f","\xe5\xae\xae\xe6\x9c\xac",
    "\xe5\x90\x8d","\xe6\x98\x8e","\xe5\x91\xbd","\xe5\xa6\x99",
    "\xe6\x98\x8e\xe5\xbe\x8c\xe6\x97\xa5","\xe8\x8b\x97\xe5\xad\x97",
    "\xe6\x98\x8e\xe7\xa5\x9e","\xe6\x98\x8e\xe6\x97\xa5","\xe4\xb8\x89\xe5\xa5\xbd",
    "\xe6\x9c\xaa\xe6\x9d\xa5","\xe7\xb2\x8d","\xe7\xb2\x8d","\xe9\xad\x85\xe5\x8a\x9b",
    "\xe7\x9c\xa0","\xe6\xb0\x91","\xe6\xb0\x91\xe6\x97\x8f","\xe7\x9a\x86","\xe5\xa4\xa2",
    "\xe7\x84\xa1","\xe9\xb5\xa1","\xe9\x9c\xa7","\xe7\x9f\x9b","\xe7\x89\x9f","\xe5\x8b\x99",
    "\xe8\xac\x80","\xe7\x84\xa1\xe6\x84\x8f\xe5\x91\xb3","\xe5\x90\x91\xe4\xba\x95",
    "\xe5\x90\x91\xe9\x87\x8e","\xe6\x98\x94","\xe7\x84\xa1\xe9\x81\x8e\xe5\xa4\xb1",
    "\xe7\x84\xa1\xe9\x81\x8e\xe5\xa4\xb1\xe8\xb2\xac\xe4\xbb\xbb",
    "\xe7\x84\xa1\xe9\x96\xa2\xe4\xbf\x82","\xe9\xba\xa6","\xe6\xa4\x8b",
    "\xe7\x84\xa1\xe9\x99\x90","\xe5\xa9\xbf","\xe7\x84\xa1\xe5\x8a\xb9",
    "\xe6\xad\xa6\xe8\x94\xb5","\xe6\xad\xa6\xe8\x94\xb5\xe9\x87\x8e",
    "\xe6\xad\xa6\xe8\x94\xb5\xe9\x87\x8e\xe5\xb8\x82","\xe7\x84\xa1\xe8\xa6\x96",
    "\xe8\x99\xab","\xe7\x84\xa1\xe5\x84\x9f","\xe7\x84\xa1\xe6\x80\xa7",
    "\xe7\x9f\x9b\xe7\x9b\xbe","\xe7\x84\xa1\xe6\x9d\xa1\xe4\xbb\xb6",
    "\xe7\x84\xa1\xe6\x95\xb0","\xe6\x81\xaf\xe5\xad\x90","\xe5\xa8\x98",
    "\xe7\x84\xa1\xe5\xa3\xb0\xe5\x8c\x96","\xe7\x84\xa1\xe5\x88\xb6\xe9\x99\x90",
    "\xe7\x84\xa1\xe8\xb2\xac\xe4\xbb\xbb","\xe7\x84\xa1\xe7\xb7\x9a",
    "\xe7\x84\xa1\xe9\xa7\x84","\xe7\x84\xa1\xe7\x9f\xa5","\xe7\x84\xa1\xe8\x8c\xb6",
    "\xe8\x83\xb8","\xe6\xa3\x9f","\xe6\x97\xa8","\xe8\x83\xb8","\xe5\xae\x97","\xe6\xa3\x9f",
    "\xe7\x84\xa1\xe5\xbf\xb5","\xe7\x84\xa1\xe8\x83\xbd",
    "\xe7\x84\xa1\xe8\x83\xbd\xe8\x80\x85","\xe7\x84\xa1\xe8\xa1\xa8\xe6\x83\x85",
    "\xe7\x84\xa1\xe8\xac\x80","\xe7\x84\xa1\xe7\x94\xa8","\xe6\x9d\x91","\xe7\xbe\xa4",
    "\xe6\x9d\x91\xe4\xba\x95","\xe6\x9d\x91\xe4\xb8\x8a","\xe7\xb4\xab",
    "\xe6\x9d\x91\xe7\x94\xb0","\xe7\x84\xa1\xe7\x90\x86","\xe7\x84\xa1\xe6\x96\x99",
    "\xe7\x84\xa1\xe5\x8a\x9b","\xe7\xbe\xa4","\xe5\xae\xa4","\xe5\xae\xa4\xe7\x94\xba",
    "\xe5\xae\xa4\xe8\x98\xad","\xe7\x9b\xae","\xe5\xa5\xb3","\xe7\x9c\xbc","\xe8\x8a\xbd",
    "\xe9\x9b\x8c","\xe5\x90\x8d","\xe6\x98\x8e","\xe5\x91\xbd","\xe8\xbf\xb7","\xe5\xa7\xaa",
    "\xe9\xb3\xb4","\xe9\x8a\x98","\xe7\x9b\x9f","\xe6\x98\x8e\xe7\xa2\xba",
    "\xe6\x98\x8e\xe8\xa8\x98","\xe5\x90\x8d\xe6\x9b\xb2","\xe5\x90\x8d\xe7\xbe\xa9",
    "\xe6\x98\x8e\xe7\xb4\xb0","\xe6\x98\x8e\xe7\xb4\xb0\xe6\x9b\xb8",
    "\xe5\x90\x8d\xe4\xbd\x9c","\xe5\x90\x8d\xe8\xa9\x9e","\xe5\x90\x8d\xe5\x88\xba",
    "\xe5\x90\x8d\xe6\x89\x80","\xe5\x90\x8d\xe7\xa7\xb0","\xe6\x98\x8e\xe7\xa4\xba",
    "\xe6\x98\x8e\xe6\xb2\xbb","\xe6\x98\x8e\xe7\xa4\xba\xe7\x9a\x84",
    "\xe6\x98\x8e\xe6\xb2\xbb\xe5\xb1\x8b","\xe5\x91\xbd\xe9\xa1\x8c",
    "\xe5\x91\xbd\xe9\xa1\x8c\xe5\xa4\x89\xe6\x95\xb0","\xe5\x91\xbd\xe4\xb8\xad",
    "\xe5\x90\x8d\xe9\x89\x84","\xe6\x98\x8e\xe7\x99\xbd","\xe5\x90\x8d\xe7\x89\xa9",
    "\xe5\x90\x8d\xe7\xb0\xbf","\xe5\x90\x8d\xe7\x9b\xae","\xe5\x90\x8d\xe8\xaa\x89",
    "\xe5\x91\xbd\xe4\xbb\xa4","\xe8\xbf\xb7\xe8\xb7\xaf","\xe8\xbf\xb7\xe6\x83\x91",
    "\xe5\xa5\xb3\xe7\xa5\x9e","\xe7\x9b\xae\xe9\xbb\x92",
    "\xe7\x9b\xae\xe9\xbb\x92\xe5\x8c\xba","\xe9\xa3\xaf","\xe7\x89\x9d","\xe9\x9b\x8c",
    "\xe2\x99\x80","\xe7\x9b\xae\xe7\x8e\x89\xe7\x84\xbc","\xe6\xbb\x85\xe5\xa4\x9a",
    "\xe6\xbb\x85","\xe7\x9b\xae\xe9\x80\x94","\xe7\x9b\xae\xe5\xae\x89","\xe9\x9d\xa2",
    "\xe9\xba\xba","\xe7\xb7\xac","\xe7\xb6\xbf","\xe6\xa3\x89","\xe5\x85\x8d",
    "\xe5\x85\x8d\xe8\xa8\xb1","\xe9\x9d\xa2\xe7\xb5\x90\xe5\x90\x88",
    "\xe9\x9d\xa2\xe8\xad\x98","\xe5\x85\x8d\xe9\x99\xa4","\xe9\x9d\xa2\xe7\xa9\x8d",
    "\xe9\x9d\xa2\xe6\x8e\xa5","\xe9\x9d\xa2\xe5\x80\x92","\xe9\x9d\xa2\xe5\xa0\x82",
    "\xe9\x9d\xa2\xe3\x80\x85","\xe9\x9d\xa2\xe9\x80\xa3\xe7\xb5\x90","\xe8\x8c\x82",
    "\xe6\xaf\x8d","\xe6\xa8\xa1","\xe6\x91\xb8","\xe5\x96\xaa","\xe8\x92\x99","\xe8\x80\x97",
    "\xe7\xb6\xb2","\xe7\x9b\xb2","\xe7\x8c\x9b","\xe6\xaf\x9b","\xe5\xad\x9f","\xe5\xa6\x84",
    "\xe7\x94\xb3\xe8\xbe\xbc\xe6\x9b\xb8","\xe7\x94\xb3\xe3\x81\x97\xe5\x87\xba",
    "\xe7\x94\xb3\xe3\x81\x97\xe8\xa8\xb3","\xe5\xa6\x84\xe6\x83\xb3",
    "\xe7\x8c\x9b\xe6\x89\x93","\xe8\xa9\xa3","\xe7\xb6\xb2\xe7\xbe\x85",
    "\xe9\xad\x8d\xe9\xad\x8e","\xe7\x9b\xae","\xe6\x9c\xa8","\xe6\x9d\xa2","\xe9\xbb\x99",
    "\xe7\x9b\xae\xe6\x8c\x87","\xe7\x9b\xae\xe6\xac\xa1","\xe6\x9c\xa8\xe6\x98\x9f",
    "\xe7\x9b\xae\xe7\x9a\x84","\xe7\x9b\xae\xe7\x9a\x84\xe8\xaa\x9e",
    "\xe7\x9b\xae\xe6\xa8\x99","\xe6\x9c\xa8\xe6\x9b\x9c\xe6\x97\xa5",
    "\xe7\x9b\xae\xe9\x8c\xb2","\xe6\xa8\xa1\xe5\x9e\x8b","\xe6\x96\x87\xe5\xad\x97",
    "\xe6\x96\x87\xe5\xad\x97\xe6\x83\x85\xe5\xa0\xb1","\xe6\x96\x87\xe5\xad\x97\xe5\x88\x97",
    "\xe9\xa4\x85","\xe6\x8c\x81","\xe5\x8b\xbf","\xe6\x9c\x9b\xe6\x9c\x88",
    "\xe5\x8b\xbf\xe8\xab\x96","\xe5\xb0\xa4\xe3\x82\x82","\xe7\x89\xa9","\xe4\xb8\x8b",
    "\xe6\x9c\xac","\xe5\x85\x83","\xe5\x9f\xba","\xe8\xa8\xb1","\xe7\xb4\xa0","\xe5\x9f\xba",
    "\xe5\x85\x83\xe5\xb2\xa1","\xe6\x9c\xac\xe6\xa9\x8b","\xe5\x85\x83\xe7\x94\xba",
    "\xe5\x85\x83\xe3\x80\x85","\xe6\x9c\x80\xe4\xb8\xad","\xe7\x89\xa9","\xe8\x80\x85",
    "\xe7\x89\xa9\xe8\xaa\x9e","\xe7\x89\xa9\xe4\xba\x8b","\xe6\x9c\x80\xe6\x97\xa9",
    "\xe6\xa8\xa1\xe7\xaf\x84","\xe7\xb1\xbe","\xe7\xb4\x85\xe8\x91\x89","\xe6\xa1\x83",
    "\xe6\xa1\x83\xe5\xad\x90","\xe6\xa8\xa1\xe6\xa7\x98","\xe6\xa3\xae","\xe5\xae\x88",
    "\xe7\x9b\x9b","\xe6\x9d\x9c","\xe7\x9b\x9b\xe5\xb2\xa1","\xe6\xa3\xae\xe5\xb7\x9d",
    "\xe6\xa3\xae\xe4\xb8\x8b","\xe8\xab\xb8","\xe8\xab\xb8\xe3\x80\x85","\xe5\x95\x8f",
    "\xe6\x96\x87","\xe9\x96\x80","\xe7\xb4\x8b","\xe6\x82\xb6","\xe8\x81\x9e",
    "\xe9\x96\x80\xe5\xa4\x96\xe6\xbc\xa2","\xe6\x96\x87\xe5\x8f\xa5",
    "\xe7\xb4\x8b\xe7\xab\xa0","\xe5\x95\x8f\xe9\xa1\x8c",
    "\xe5\x95\x8f\xe9\xa1\x8c\xe8\xa7\xa3\xe6\xb1\xba","\xe5\x95\x8f\xe9\xa1\x8c\xe5\x85\x90",
    "\xe5\x95\x8f\xe9\xa1\x8c\xe6\x8f\x90\xe8\xb5\xb7","\xe5\x95\x8f\xe9\xa1\x8c\xe7\x82\xb9",
    "\xe6\x96\x87\xe9\x83\xa8","\xe6\x96\x87\xe9\x83\xa8\xe7\x9c\x81","\xe5\x8c\x81",
    "\xe5\xb1\x8b","\xe5\xae\xb6","\xe5\xa4\x9c","\xe7\x9f\xa2","\xe5\xbc\xa5","\xe9\x87\x8e",
    "\xe8\x80\xb6","\xe7\x88\xba","\xe5\xa4\x9c\xe9\x96\x93","\xe5\xa4\x9c\xe6\xb0\x97",
    "\xe7\x84\xbc\xe3\x81\x8d\xe9\xb3\xa5","\xe7\x84\xbc\xe3\x81\x8d\xe9\xb3\xa5\xe5\xb1\x8b",
    "\xe7\x84\xbc\xe8\x82\x89","\xe9\x87\x8e\xe7\x90\x83","\xe5\x85\xab\xe6\x9c\xa8",
    "\xe6\x9f\xb3","\xe5\x85\xab\xe6\x9c\xa8\xe5\xb1\xb1","\xe8\xa8\xb3","\xe5\xbd\xb9",
    "\xe7\xb4\x84","\xe8\x96\xac","\xe8\xba\x8d","\xe5\x8e\x84","\xe7\xb9\xb9",
    "\xe5\xbd\xb9\xe5\x93\xa1","\xe8\x96\xac\xe5\xad\xa6\xe9\x83\xa8",
    "\xe8\xa8\xb3\xe8\xaa\x9e","\xe8\x96\xac\xe5\xb8\xab\xe4\xb8\xb8",
    "\xe8\xa8\xb3\xe8\x80\x85","\xe5\xbd\xb9\xe6\x89\x80","\xe7\xb4\x84\xe6\x95\xb0",
    "\xe8\x96\xac\xe8\x8d\x89","\xe7\xb4\x84\xe6\x9d\x9f","\xe8\xa8\xb3\xe6\xb3\xa8",
    "\xe7\xb4\x84\xe5\x88\x86","\xe8\xa8\xb3\xe6\x9c\xac","\xe5\xbd\xb9\xe5\x89\xb2",
    "\xe7\xa4\xbe","\xe5\x85\xab\xe4\xbb\xa3","\xe9\x87\x8e\xe6\xac\xa1",
    "\xe9\x87\x8e\xe7\x8d\xa3","\xe7\x9f\xa2\xe5\x8d\xb0","\xe2\x86\x93","\xe2\x86\x91",
    "\xe2\x86\x92","\xe2\x86\x90","\xe5\xba\xb7","\xe5\xae\x89","\xe9\x9d\x96","\xe6\xb3\xb0",
    "\xe9\x9d\x96","\xe5\xae\x89\xe4\xba\x95","\xe9\x9d\x96\xe5\xad\x90",
    "\xe5\xba\xb7\xe5\xad\x90","\xe5\xae\x89\xe9\x85\x92","\xe9\x9d\x96","\xe5\xba\xb7",
    "\xe5\xae\x89\xe7\x94\xb0","\xe5\xba\xb7\xe5\xbd\xa6","\xe9\x9d\x96\xe5\xbd\xa6",
    "\xe5\xae\x89\xe6\x9c\xac","\xe5\xba\xb7\xe5\x96\x84","\xe9\x87\x8e\xe7\x94\x9f",
    "\xe9\x87\x8e\xe7\x94\x9f\xe5\x91\xb3","\xe5\x8e\x84\xe4\xbb\x8b","\xe5\xa5\xb4",
    "\xe5\xa5\xb4","\xe5\xae\xbf","\xe6\x9f\xb3","\xe5\xb1\x8b\xe6\xa0\xb9",
    "\xe7\x9f\xa2\xe9\x87\x8e","\xe9\x87\x8e\xe8\x9b\xae","\xe9\x87\x8e\xe5\x8d\x91",
    "\xe8\x96\xae","\xe5\xb1\xb1","\xe7\x97\x85","\xe5\xb1\xb1\xe5\x86\x85",
    "\xe5\xb1\xb1\xe5\xbd\xb1","\xe5\xb1\xb1\xe4\xb8\x8a","\xe5\xb1\xb1\xe5\xbd\xa2",
    "\xe5\xb1\xb1\xe4\xb8\x8a","\xe5\xb1\xb1\xe5\xb2\xb8","\xe5\xb1\xb1\xe5\x8f\xa3",
    "\xe5\xb1\xb1\xe5\xb4\x8e","\xe5\xb1\xb1\xe4\xb8\x8b","\xe5\xb1\xb1\xe7\xa7\x91",
    "\xe5\xb1\xb1\xe7\x94\xb0","\xe5\xb1\xb1\xe6\xa2\xa8",
    "\xe5\xb1\xb1\xe6\xa2\xa8\xe7\x9c\x8c","\xe5\xb1\xb1\xe6\x9d\x91",
    "\xe5\xb1\xb1\xe6\x9c\xac","\xe9\x97\x87","\xe5\xbc\xa5\xe7\x94\x9f","\xe9\x91\x93",
    "\xe7\x9f\xa2\xe7\x90\x86","\xe9\x87\x8e\xe9\x83\x8e","\xe8\xab\xad","\xe6\xb2\xb9",
    "\xe7\x94\xb1","\xe8\xbc\xb8","\xe7\x99\x92","\xe6\x84\x88","\xe6\x84\x89","\xe6\xb9\xaf",
    "\xe7\x94\xb1","\xe5\x94\xaf","\xe5\x94\xaf\xe4\xb8\x80","\xe9\x81\xba\xe8\xa8\x80",
    "\xe7\x94\xb1\xe7\xb7\x92","\xe5\x84\xaa","\xe7\x94\xb1","\xe8\xa3\x95","\xe5\xa4\x95",
    "\xe6\x9c\x89","\xe8\x9e\x8d","\xe9\x9b\x84","\xe9\x83\xb5","\xe6\x9c\x89\xe7\x82\xba",
    "\xe6\x86\x82\xe9\xac\xb1","\xe6\x9c\x89\xe7\x9b\x8a","\xe8\xaa\x98\xe6\x8b\x90",
    "\xe5\x84\xaa\xe9\x9b\x85","\xe5\xa4\x95\xe6\x96\xb9","\xe5\x8b\x87\xe6\xb0\x97",
    "\xe6\x9c\x89\xe6\xa9\x9f","\xe6\x9c\x89\xe6\xa9\x9f\xe7\x89\xa9",
    "\xe6\x9c\x89\xe9\x99\x90","\xe6\x9c\x89\xe9\x99\x90\xe5\x9b\x9e",
    "\xe6\x9c\x89\xe9\x99\x90\xe7\xbe\xa4","\xe6\x9c\x89\xe9\x99\x90\xe5\x80\x8b",
    "\xe8\xa3\x95\xe5\xad\x90","\xe6\x9c\x89\xe5\x8a\xb9","\xe6\x9c\x89\xe5\x90\x91",
    "\xe6\x9c\x89\xe5\x8a\xb9\xe5\x8c\x96","\xe8\x9e\x8d\xe5\x90\x88",
    "\xe5\x8b\x87\xe5\x8f\xb2","\xe6\x9c\x89\xe5\xbf\x97","\xe5\x84\xaa\xe7\xa7\x80",
    "\xe5\x84\xaa\xe5\x8b\x9d","\xe5\xa4\x95\xe9\xa3\x9f","\xe8\xa3\x95\xe5\x8f\xb8",
    "\xe5\x8f\x8b\xe6\x83\x85","\xe5\x8f\x8b\xe4\xba\xba","\xe7\xa5\x90\xe4\xbb\x8b",
    "\xe9\x83\xb5\xe6\x94\xbf","\xe9\x83\xb5\xe6\x94\xbf\xe7\x9c\x81",
    "\xe5\x84\xaa\xe5\x85\x88","\xe5\x84\xaa\xe5\x85\x88\xe9\xa0\x86\xe4\xbd\x8d",
    "\xe5\x84\xaa\xe5\x85\x88\xe5\xba\xa6","\xe9\x83\xb5\xe9\x80\x81",
    "\xe8\x9e\x8d\xe9\x80\x9a","\xe8\xaa\x98\xe5\xb0\x8e","\xe8\xaa\x98\xe7\x99\xba",
    "\xe5\xa4\x95\xe9\xa3\xaf","\xe9\x83\xb5\xe4\xbe\xbf","\xe3\x80\x92",
    "\xe9\x83\xb5\xe4\xbe\xbf\xe5\xb1\x80","\xe3\x80\x92",
    "\xe9\x83\xb5\xe4\xbe\xbf\xe7\x95\xaa\xe5\x8f\xb7","\xe9\x83\xb5\xe4\xbe\xbf\xe7\x89\xa9",
    "\xe6\x9c\x89\xe5\x90\x8d","\xe6\x9c\x89\xe5\x90\x8d\xe4\xba\xba",
    "\xe6\x9c\x89\xe7\x94\xa8","\xe6\x9c\x89\xe6\xa5\xbd\xe7\x94\xba",
    "\xe6\x9c\x89\xe5\x88\xa9","\xe6\x9c\x89\xe6\x96\x99","\xe6\x9c\x89\xe5\x8a\x9b",
    "\xe8\xaa\x98\xe6\x83\x91","\xe6\x95\x85","\xe5\xba\x8a","\xe6\xb9\xaf\xe6\xb2\xb3",
    "\xe9\x9b\xaa","\xe4\xb9\x8b","\xe7\x94\xb1\xe8\xb2\xb4","\xe7\x94\xb1\xe6\xa8\xb9",
    "\xe7\x94\xb1\xe8\xa8\x98","\xe5\xb9\xb8","\xe8\xa1\x8c","\xe8\xa1\x8c\xe5\x89\x87",
    "\xe5\xb9\xb8\xe7\xbe\xa9","\xe8\xa1\x8c\xe6\x96\xb9","\xe8\xad\xb2","\xe8\xa3\x95",
    "\xe8\xbc\xb8\xe5\x85\xa5","\xe6\x8c\x87","\xe6\x8c\x87\xe5\x85\x88",
    "\xe6\x8c\x87\xe8\xbc\xaa","\xe6\x8c\x87\xe8\xbc\xaa\xe7\x89\xa9\xe8\xaa\x9e",
    "\xe5\xbc\x93","\xe5\xbc\x93\xe5\xad\x90","\xe7\x94\xb1\xe7\xbe\x8e\xe5\xad\x90",
    "\xe5\xa4\xa2","\xe5\xa4\xa2\xe4\xba\x8c","\xe6\xb9\xaf\xe5\xb1\xb1",
    "\xe7\x94\xb1\xe6\x9d\xa5","\xe4\xbb\xa3","\xe4\xb8\x96","\xe4\xbd\x99","\xe5\xa4\x9c",
    "\xe4\xba\x88","\xe9\xa0\x90","\xe8\xbc\xbf","\xe8\xaa\x89","\xe5\xae\xb5","\xe7\x94\xa8",
    "\xe6\xa7\x98","\xe8\xa6\x81","\xe9\x99\xbd","\xe9\x81\xa5","\xe8\x91\x89","\xe9\xa4\x8a",
    "\xe8\xb8\x8a","\xe7\x94\xa8\xe6\x84\x8f","\xe5\xae\xb9\xe6\x98\x93",
    "\xe5\xae\xb9\xe6\x98\x93\xe6\x80\xa7","\xe9\x99\xbd\xe4\xb8\x80",
    "\xe8\xa6\x81\xe5\x9b\xa0","\xe6\xb4\x8b\xe8\x8f\x93\xe5\xad\x90",
    "\xe5\xae\xb9\xe5\x99\xa8","\xe8\xa6\x81\xe6\xb1\x82",
    "\xe8\xa6\x81\xe6\xb1\x82\xe4\xbb\x95\xe6\xa7\x98","\xe7\x94\xa8\xe4\xbb\xb6",
    "\xe8\x91\x89\xe5\xad\x90","\xe9\x99\xbd\xe5\xad\x90","\xe8\xa6\x81\xe9\xa0\x85",
    "\xe7\x94\xa8\xe8\xaa\x9e","\xe7\x94\xa8\xe7\xb4\x99","\xe6\xa7\x98\xe5\xbc\x8f",
    "\xe5\xae\xb9\xe8\xb5\xa6","\xe6\xb4\x8b\xe6\x9b\xb8","\xe7\x94\xa8\xe4\xba\x8b",
    "\xe7\x94\xa8\xe5\xbf\x83","\xe6\xa7\x98\xe5\xad\x90","\xe8\xa6\x81\xe8\xab\x8b",
    "\xe5\xa6\x96\xe7\xb2\xbe","\xe7\x94\xa8\xe7\xae\x8b","\xe8\xa6\x81\xe7\xb4\xa0",
    "\xe6\xa7\x98\xe7\x9b\xb8","\xe6\xa7\x98\xe7\x9b\xb8\xe8\xab\x96\xe7\x90\x86",
    "\xe5\xae\xb9\xe4\xbd\x93","\xe5\xb9\xbc\xe7\xa8\x9a",
    "\xe5\xb9\xbc\xe7\xa8\x9a\xe5\x9c\x92","\xe8\xa6\x81\xe7\x82\xb9",
    "\xe7\x94\xa8\xe9\x80\x94","\xe7\x94\xa8\xe5\xba\xa6","\xe7\x94\xa8\xe5\x93\x81",
    "\xe6\x9b\x9c\xe6\x97\xa5","\xe7\x94\xa8\xe6\xb3\x95","\xe8\xa6\x81\xe6\x9c\x9b",
    "\xe8\xa6\x81\xe7\xb4\x84","\xe5\xae\xb9\xe9\x87\x8f","\xe8\xa6\x81\xe9\xa0\x98",
    "\xe9\xa0\x90\xe9\x87\x91","\xe4\xbd\x99\xe5\x84\x80","\xe7\xbf\xbc","\xe7\xbf\x8c",
    "\xe6\xb5\xb4","\xe6\xb2\x83","\xe6\xac\xb2","\xe6\x8a\x91","\xe6\x85\xbe",
    "\xe7\xbf\x8c\xe6\x97\xa5","\xe6\x8a\x91\xe5\x88\xb6","\xe6\xac\xb2\xe6\x9c\x9b",
    "\xe4\xbd\x99\xe8\xa8\x88","\xe4\xba\x88\xe8\xa6\x8b","\xe4\xba\x88\xe8\xa8\x80",
    "\xe6\xa8\xaa","\xe2\x94\x80","\xe4\xba\x88\xe8\xa1\x8c","\xe4\xba\x88\xe7\xa8\xbf",
    "\xe6\xa8\xaa\xe5\x86\x85","\xe4\xba\x88\xe5\x91\x8a",
    "\xe6\xa8\xaa\xe9\xa0\x88\xe8\xb3\x80","\xe6\xa8\xaa\xe7\xb7\x9a",
    "\xe6\xa8\xaa\xe7\x94\xb0","\xe6\xa8\xaa\xe6\x89\x8b","\xe6\xa8\xaa\xe6\xb5\x9c",
    "\xe6\xa8\xaa\xe6\x96\x87\xe5\xad\x97","\xe6\xa8\xaa\xe5\xb1\xb1",
    "\xe4\xba\x88\xe7\xae\x97","\xe7\x94\xb1","\xe5\x90\x89","\xe5\x98\x89","\xe7\xbe\xa9",
    "\xe5\xa5\xbd","\xe8\x89\xaf","\xe8\x8a\xb3","\xe5\x90\x89\xe5\xb7\x9d",
    "\xe4\xbd\xb3\xe6\xa8\xb9","\xe5\x90\x89\xe7\x94\xb0","\xe4\xba\x88\xe6\x83\xb3",
    "\xe4\xba\x88\xe6\xb8\xac","\xe4\xbd\x99\xe8\xab\x87","\xe4\xba\x88\xe7\x9f\xa5",
    "\xe4\xba\x88\xe5\xae\x9a","\xe6\xb7\x80","\xe5\xa4\x9c\xe4\xb8\xad","\xe7\xb1\xb3",
    "\xe7\xb1\xb3\xe6\xbe\xa4","\xe7\xb1\xb3\xe6\xb2\xa2","\xe7\xb1\xb3\xe7\x94\xb0",
    "\xe4\xb8\x96\xe3\x81\xae\xe4\xb8\xad","\xe4\xbd\x99\xe6\xb3\xa2",
    "\xe4\xba\x88\xe5\x82\x99","\xe4\xba\x88\xe5\x82\x99\xe8\xbb\x8d",
    "\xe4\xbd\x99\xe5\x88\x86","\xe4\xbd\x99\xe7\xa8\x8b","\xe4\xba\x88\xe9\x98\xb2",
    "\xe5\xa4\x9c\xe5\xba\x97","\xe8\xaa\xad\xe3\x81\xbf\xe6\x89\x8b",
    "\xe5\xa4\x9c\xe7\x9b\xae","\xe5\xab\x81","\xe4\xba\x88\xe7\xb4\x84",
    "\xe4\xbd\x99\xe8\xa3\x95","\xe5\x92\x8c","\xe6\x8b\xa0\xe6\x89\x80",
    "\xe4\xbd\x99\xe5\x8a\x9b","\xe5\xa4\x9c","\xe9\x8e\xa7","\xe4\xb8\x87","\xe5\x9b\x9b",
    "\xe5\x9b\x9b\xe9\x9a\x8e","\xe7\xad\x89","\xe8\xa3\xb8","\xe8\x9e\xba","\xe7\xbe\x85",
    "\xe6\x9d\xa5","\xe9\x9b\xb7","\xe9\xa0\xbc","\xe7\xa4\xbc","\xe8\x8e\xb1",
    "\xe6\x9d\xa5\xe6\x9c\x88","\xe6\x9d\xa5\xe8\x88\xaa","\xe6\x9d\xa5\xe7\xa4\xbe",
    "\xe6\x9d\xa5\xe9\x80\xb1","\xe6\x9d\xa5\xe6\x98\xa5","\xe6\x9d\xa5\xe5\xba\x97",
    "\xe6\x9d\xa5\xe6\x97\xa5","\xe6\x9d\xa5\xe5\xb9\xb4",
    "\xe6\x9d\xa5\xe5\xb9\xb4\xe5\xba\xa6","\xe6\xa5\xbd","\xe8\x90\xbd","\xe9\x85\xaa",
    "\xe7\xb5\xa1","\xe6\xb4\x9b","\xe8\x90\xbd\xe5\xb7\xae","\xe7\xbe\x85\xe5\x88\x97",
    "\xe8\xa6\xa7","\xe6\xac\x84","\xe5\xb5\x90","\xe4\xb9\xb1","\xe8\x98\xad","\xe8\x97\x8d",
    "\xe6\xbf\xab","\xe5\x8d\xb5","\xe4\xb9\xb1\xe6\x95\xb0","\xe4\xb9\xb1\xe6\x9a\xb4",
    "\xe8\xa3\x8f","\xe9\x87\x8c","\xe9\x9b\xa2","\xe7\x90\x86","\xe5\x88\xa9","\xe7\x97\xa2",
    "\xe8\xa3\xa1","\xe7\x92\x83","\xe5\x88\xa9\xe7\x9b\x8a","\xe7\x90\x86\xe7\xa7\x91",
    "\xe7\x90\x86\xe8\xa7\xa3","\xe7\x90\x86\xe5\x8c\x96\xe5\xad\xa6",
    "\xe7\x90\x86\xe7\xa7\x91\xe5\xa4\xa7","\xe7\x90\x86\xe5\xad\xa6",
    "\xe7\x90\x86\xe5\xad\xa6\xe7\xb3\xbb","\xe7\x90\x86\xe5\xad\xa6\xe5\x8d\x9a\xe5\xa3\xab",
    "\xe7\x90\x86\xe5\xad\xa6\xe9\x83\xa8","\xe5\x8a\x9b","\xe5\x8a\x9b\xe5\xad\xa6",
    "\xe9\x99\xb8","\xe7\x90\x86\xe5\xb1\x88","\xe7\x90\x86\xe7\xb5\x8c",
    "\xe7\x90\x86\xe7\xb3\xbb","\xe7\x90\x86\xe7\xa0\x94","\xe7\x90\x86\xe5\xb7\xa5",
    "\xe7\x90\x86\xe5\xb7\xa5\xe5\xad\xa6","\xe7\x90\x86\xe5\xb7\xa5\xe5\xad\xa6\xe9\x83\xa8",
    "\xe9\x9b\xa2\xe6\x95\xa3","\xe5\x88\xa9\xe5\xad\x90","\xe7\x90\x86\xe4\xba\x8b",
    "\xe5\x88\xa9\xe6\xbd\xa4","\xe7\x90\x86\xe6\x80\xa7","\xe7\x90\x86\xe6\x83\xb3",
    "\xe5\xbe\x8b","\xe7\xab\x8b\xe6\x95\x99","\xe7\xab\x8b\xe4\xbd\x93",
    "\xe7\xab\x8b\xe6\xb4\xbe","\xe7\xab\x8b\xe6\x96\xb9",
    "\xe7\xab\x8b\xe6\x96\xb9\xe7\x94\xbb\xe7\xb4\xa0",
    "\xe7\xab\x8b\xe6\x96\xb9\xe6\xa0\xbc\xe5\xad\x90","\xe7\xab\x8b\xe6\x96\xb9\xe4\xbd\x93",
    "\xe7\x8e\x87","\xe7\xab\x8b","\xe8\x91\x8e","\xe5\xbe\x8b","\xe5\x88\xa9\xe7\x82\xb9",
    "\xe7\x90\x86\xe5\x8d\x9a","\xe7\x95\xa5","\xe6\x8e\xa0",
    "\xe7\x95\xa5\xe8\xa8\x98\xe6\xb3\x95","\xe6\xb5\x81","\xe9\x9a\x86","\xe7\xab\x8b",
    "\xe9\xbe\x8d","\xe7\xab\x9c","\xe7\xb2\x92","\xe7\xa1\xab","\xe7\x95\x99",
    "\xe7\x95\x99\xe5\xad\xa6","\xe7\x95\x99\xe5\xad\xa6\xe7\x94\x9f",
    "\xe7\x90\x89\xe7\x90\x83","\xe6\xb5\x81\xe5\x84\x80","\xe6\xb5\x81\xe8\xa1\x8c",
    "\xe6\xb5\x81\xe5\x87\xba","\xe6\xb5\x81\xe9\x80\x9a","\xe7\xb2\x92\xe5\xba\xa6",
    "\xe7\x90\x86\xe7\x94\xb1","\xe8\x99\x9c","\xe6\x97\x85","\xe6\x85\xae","\xe4\xbe\xb6",
    "\xe9\x87\x8f","\xe5\xaf\xae","\xe4\xb8\xa1","\xe9\xa0\x98","\xe9\x99\xb5","\xe9\x81\xbc",
    "\xe8\xab\x92","\xe8\x89\xaf","\xe4\xb8\xa1\xe8\xb6\xb3","\xe9\xa0\x98\xe5\x9f\x9f",
    "\xe9\x87\x8f\xe5\x8c\x96","\xe4\xba\x86\xe8\xa7\xa3","\xe4\xb8\xa1\xe5\x81\xb4",
    "\xe6\x96\x99\xe9\x87\x91","\xe8\x89\xaf\xe5\xa5\xbd","\xe4\xb8\xa1\xe8\x80\x85",
    "\xe4\xba\x86\xe6\x89\xbf","\xe4\xb8\xa1\xe8\xa6\xaa","\xe4\xb8\xa1\xe6\x97\xa5",
    "\xe4\xb8\xa1\xe6\x89\x8b","\xe4\xb8\xa1\xe8\xbe\xba","\xe4\xb8\xa1\xe6\x96\xb9",
    "\xe7\x99\x82\xe6\xb3\x95","\xe4\xb8\xa1\xe7\x9b\xae","\xe4\xb8\xa1\xe9\x9d\xa2",
    "\xe6\x96\x99\xe7\x90\x86","\xe4\xb8\xa1\xe7\xab\x8b","\xe5\x8a\x9b","\xe7\xb7\x91",
    "\xe6\x97\x85\xe8\xa1\x8c","\xe6\x97\x85\xe8\xb2\xbb","\xe5\x88\xa9\xe7\x94\xa8",
    "\xe5\x88\xa9\xe7\x94\xa8\xe7\xa0\x94","\xe5\x88\xa9\xe7\x94\xa8\xe8\x80\x85",
    "\xe5\x88\xa9\xe7\x94\xa8\xe6\x96\xb9\xe6\xb3\x95","\xe5\xb1\xa5\xe6\xad\xb4",
    "\xe5\xb1\xa5\xe6\xad\xb4\xe6\x9b\xb8","\xe7\x90\x86\xe8\xab\x96",
    "\xe7\x90\x86\xe8\xab\x96\xe7\x9a\x84","\xe9\x9a\xa3","\xe8\xbc\xaa","\xe9\xba\x9f",
    "\xe9\xb1\x97","\xe8\x87\xa8","\xe7\x90\xb3","\xe7\x87\x90","\xe6\xb7\x8b",
    "\xe8\x87\xa8\xe6\xb5\xb7","\xe8\xbc\xaa\xe9\x83\xad","\xe8\x87\xa8\xe6\xa9\x9f",
    "\xe8\x87\xa8\xe6\xa9\x9f\xe5\xbf\x9c\xe5\xa4\x89","\xe8\xbc\xaa\xe8\xac\x9b",
    "\xe6\x9e\x97\xe6\xaa\x8e","\xe8\x87\xa8\xe6\x99\x82","\xe8\x87\xa8\xe5\xa0\xb4",
    "\xe9\x9a\xa3\xe6\x8e\xa5","\xe6\xb5\x81","\xe7\x91\xa0","\xe7\x95\x99","\xe6\xb6\x99",
    "\xe9\xa1\x9e","\xe7\xb4\xaf","\xe5\xa1\x81","\xe9\xa1\x9e\xe4\xbc\xbc",
    "\xe9\xa1\x9e\xe6\x8e\xa8","\xe7\x95\x99\xe5\xae\x88",
    "\xe7\x95\x99\xe5\xae\x88\xe4\xb8\xad","\xe7\x95\x99\xe5\xae\x88\xe7\x95\xaa",
    "\xe4\xbe\x8b","\xe9\xbd\xa2","\xe9\xba\x97","\xe9\x9c\x8a","\xe9\x9b\xb6","\xe9\x9a\xb7",
    "\xe9\x88\xb4","\xe8\x8b\x93","\xe4\xbe\x8b\xe5\xa4\x96","\xe5\x86\xb7\xe6\xb0\x97",
    "\xe7\x8e\xb2\xe5\xad\x90","\xe7\x8e\xb2\xe4\xba\x8c","\xe5\x86\xb7\xe7\x84\xb6",
    "\xe4\xbe\x8b\xe9\xa1\x8c","\xe4\xbe\x8b\xe5\xb9\xb4","\xe5\x86\xb7\xe9\xa2\xa8",
    "\xe5\x86\xb7\xe9\xa2\xa8\xe6\xa9\x9f","\xe7\xa4\xbc\xe6\x9c\x8d",
    "\xe4\xbe\x8b\xe6\x96\x87","\xe6\xad\xb4","\xe6\x9a\xa6","\xe6\xad\xb4\xe5\x8f\xb2",
    "\xe5\x88\x97\xe8\xa8\x98","\xe5\x88\x97\xe6\x8c\x99","\xe5\x88\x97\xe8\xbb\x8a",
    "\xe5\x88\x97","\xe8\xa3\x82","\xe7\x83\x88","\xe5\x8a\xa3","\xe6\x81\x8b","\xe8\x93\xae",
    "\xe9\x80\xa3","\xe8\x81\xaf","\xe7\xb7\xb4","\xe7\xb0\xbe","\xe7\x85\x89","\xe6\xbc\xa3",
    "\xe9\x80\xa3\xe4\xbc\x91","\xe9\x80\xa3\xe7\xb5\x90",
    "\xe9\x80\xa3\xe7\xb5\x90\xe6\x80\xa7","\xe9\x80\xa3\xe8\xa1\x8c",
    "\xe9\x80\xa3\xe5\x90\x88","\xe9\x80\xa3\xe8\xbc\x89","\xe7\xb7\xb4\xe7\xbf\x92",
    "\xe9\x80\xa3\xe6\x8e\xa5","\xe9\x80\xa3\xe6\x83\xb3","\xe9\x80\xa3\xe7\xb6\x9a",
    "\xe9\x80\xa3\xe7\xb6\x9a\xe5\x80\xa4","\xe9\x80\xa3\xe7\xb6\x9a\xe7\x9a\x84",
    "\xe9\x80\xa3\xe5\xbc\xbe","\xe9\x80\xa3\xe5\x8b\x95","\xe9\x80\xa3\xe7\x99\xba",
    "\xe9\x80\xa3\xe9\x82\xa6","\xe9\x80\xa3\xe9\x82\xa6\xe4\xbc\x9a\xe8\xad\xb0",
    "\xe9\x80\xa3\xe9\x82\xa6\xe8\xbb\x8d","\xe9\x80\xa3\xe7\xb5\xa1",
    "\xe9\x80\xa3\xe7\xb5\xa1\xe4\xbc\x9a","\xe9\x80\xa3\xe7\xb5\xa1\xe5\x85\x88",
    "\xe9\x80\xa3\xe7\xb5\xa1\xe8\x88\xb9","\xe9\x80\xa3\xe7\xab\x8b","\xe9\x9c\xb2",
    "\xe8\xb7\xaf","\xe8\xb3\x82","\xe7\x82\x89","\xe6\xab\x93","\xe9\xad\xaf","\xe5\x91\x82",
    "\xe6\x9c\x97","\xe9\x83\x8e","\xe8\x9d\x8b","\xe8\x81\xbe","\xe8\x80\x81","\xe7\xaf\xad",
    "\xe7\x8b\xbc","\xe7\x89\xa2","\xe5\xbb\x8a\xe4\xb8\x8b","\xe8\x80\x81\xe7\x8d\xaa",
    "\xe5\x8a\xb4\xe5\x83\x8d","\xe6\x9c\x97\xe8\xaa\xad","\xe6\xb5\xaa\xe8\xb2\xbb",
    "\xe5\x8a\xb4\xe5\x8a\x9b","\xe7\xb7\x91","\xe9\x8c\xb2","\xe8\x82\x8b","\xe7\xa6\x84",
    "\xe9\xba\x93","\xe5\x85\xad","\xe9\x8c\xb2\xe7\x94\xbb","\xe9\x9c\xb2\xe9\xaa\xa8",
    "\xe8\xb7\xaf\xe5\x9c\xb0","\xe8\xb7\xaf\xe7\xb7\x9a","\xe5\x85\xad\xe7\x94\xb2",
    "\xe5\x85\xad\xe7\x94\xb2\xe5\x8f\xb0","\xe5\x85\xad\xe6\x9c\xac\xe6\x9c\xa8",
    "\xe5\x85\xad\xe6\x9c\xac\xe6\x9d\xbe","\xe8\xab\x96","\xe8\xab\x96\xe5\xa4\x96",
    "\xe8\xab\x96\xe8\xad\xb0","\xe8\xab\x96\xe6\x96\x87",
    "\xe8\xab\x96\xe6\x96\x87\xe8\xaa\x8c","\xe8\xab\x96\xe7\x90\x86",
    "\xe8\xab\x96\xe7\x90\x86\xe5\xad\xa6","\xe8\xab\x96\xe7\x90\x86\xe8\xa8\x98\xe5\x8f\xb7",
    "\xe8\xab\x96\xe7\x90\x86\xe5\xbc\x8f","\xe8\xab\x96\xe7\x90\x86\xe7\x9a\x84",
    "\xe8\xa9\xb1","\xe8\xbc\xaa","\xe5\x92\x8c","\xe5\x80\xad","\xe7\xbe\xbd","\xe6\x88\x91",
    "\xe6\xad\xaa","\xe8\xb3\x84","\xe9\x9a\x88","\xe8\xb3\x84\xe8\xb3\x82","\xe8\x8b\xa5",
    "\xe5\x92\x8c\xe8\xb3\x80\xe4\xba\x95","\xe8\x8b\xa5\xe6\x9e\x97",
    "\xe8\x8b\xa5\xe6\x9d\xbe","\xe6\x88\x91","\xe6\x88\x91\xe3\x81\x8c\xe5\x9b\xbd",
    "\xe8\x84\x87","\xe8\x84\x87\xe5\xb1\xb1","\xe6\x9e\xa0","\xe6\x83\x91",
    "\xe6\x83\x91\xe6\x98\x9f","\xe8\xa8\xb3","\xe6\x8a\x80","\xe6\xa5\xad","\xe9\xb7\xb2",
    "\xe5\x84\x82","\xe5\x92\x8c\xe5\xae\xa4","\xe8\xa9\xb1\xe8\x80\x85",
    "\xe5\x92\x8c\xe5\xb6\x8b","\xe6\x97\xa9\xe7\xa8\xb2\xe7\x94\xb0",
    "\xe6\x97\xa9\xe7\xa8\xb2\xe7\x94\xb0\xe5\xa4\xa7","\xe7\xb6\xbf","\xe6\xb8\xa1",
    "\xe7\xa7\x81","\xe7\xa7\x81","\xe7\xa7\x81\xe5\x80\x8b\xe4\xba\xba",
    "\xe7\xa7\x81\xe8\x87\xaa\xe8\xba\xab","\xe7\xa7\x81\xe9\x81\x94",
    "\xe6\xb8\xa1\xe8\xbe\xba","\xe5\x92\x8c\xe7\x94\xb0","\xe8\xa9\xb1\xe9\xa1\x8c",
    "\xe9\xb0\x90","\xe5\x92\x8c\xe9\xa2\xa8","\xe5\x92\x8c\xe8\xa8\xb3","\xe8\x97\x81",
    "\xe5\x8e\x9f","\xe8\x95\xa8","\xe7\xab\xa5","\xe5\x89\xb2","\xe5\x89\xb2\xe5\x90\x88",
    "\xe5\x89\xb2\xe7\xae\xb8","\xe6\x82\xaa\xe5\x8f\xa3","\xe6\x88\x91",
    "\xe6\x88\x91\xe7\xad\x89","\xe6\x88\x91\xe3\x80\x85","\xe8\x85\x95","\xe7\xa2\x97",
    "\xe6\xb9\xbe","\xe6\xa4\x80","\xe6\xb9\xbe\xe5\xb2\xb8",
};
static const int kKjCandCount = 8616;

// Reading -> [candOff, candOff+candCount) in kKjCand. Sorted by
// reading (UTF-8 byte order) for binary search.
struct OskKjEntry { const char* reading; uint32_t candOff; uint16_t candCount; };
static const OskKjEntry kKjEntry[] = {
    { "\xe3\x81\x82",      0, 4 },
    { "\xe3\x81\x82\xe3\x81\x84",      4, 6 },
    { "\xe3\x81\x82\xe3\x81\x84\xe3\x81\x8b\xe3\x82\x8f",     10, 1 },
    { "\xe3\x81\x82\xe3\x81\x84\xe3\x81\x95\xe3\x81\xa4",     11, 1 },
    { "\xe3\x81\x82\xe3\x81\x84\xe3\x81\x97\xe3\x82\x83",     12, 1 },
    { "\xe3\x81\x82\xe3\x81\x84\xe3\x81\x97\xe3\x82\x87\xe3\x81\x86",     13, 2 },
    { "\xe3\x81\x82\xe3\x81\x84\xe3\x81\x98\xe3\x82\x87\xe3\x81\x86",     15, 1 },
    { "\xe3\x81\x82\xe3\x81\x84\xe3\x81\xa0",     16, 1 },
    { "\xe3\x81\x82\xe3\x81\x84\xe3\x81\xa1",     17, 1 },
    { "\xe3\x81\x82\xe3\x81\x84\xe3\x81\xa1\xe3\x82\x83\xe3\x81\x8f",     18, 1 },
    { "\xe3\x81\x82\xe3\x81\x84\xe3\x81\xa6",     19, 1 },
    { "\xe3\x81\x82\xe3\x81\x84\xe3\x81\xaf\xe3\x82\x89",     20, 1 },
    { "\xe3\x81\x82\xe3\x81\x84\xe3\x81\xbc\xe3\x81\x86",     21, 1 },
    { "\xe3\x81\x82\xe3\x81\x84\xe3\x81\xbe\xe3\x81\x84",     22, 1 },
    { "\xe3\x81\x82\xe3\x81\x84\xe3\x82\x88\xe3\x81\x86",     23, 1 },
    { "\xe3\x81\x82\xe3\x81\x84\xe3\x82\x89",     24, 1 },
    { "\xe3\x81\x82\xe3\x81\x8a",     25, 1 },
    { "\xe3\x81\x82\xe3\x81\x8a\xe3\x81\x84",     26, 2 },
    { "\xe3\x81\x82\xe3\x81\x8a\xe3\x81\x8d",     28, 1 },
    { "\xe3\x81\x82\xe3\x81\x8a\xe3\x81\x9e\xe3\x82\x89",     29, 1 },
    { "\xe3\x81\x82\xe3\x81\x8a\xe3\x81\x9f",     30, 1 },
    { "\xe3\x81\x82\xe3\x81\x8a\xe3\x81\xb0",     31, 1 },
    { "\xe3\x81\x82\xe3\x81\x8a\xe3\x81\xb0\xe3\x82\x84\xe3\x81\xbe",     32, 1 },
    { "\xe3\x81\x82\xe3\x81\x8a\xe3\x82\x84\xe3\x81\xbe",     33, 1 },
    { "\xe3\x81\x82\xe3\x81\x8b",     34, 2 },
    { "\xe3\x81\x82\xe3\x81\x8b\xe3\x81\x94",     36, 1 },
    { "\xe3\x81\x82\xe3\x81\x8b\xe3\x81\x95\xe3\x81\x8b",     37, 1 },
    { "\xe3\x81\x82\xe3\x81\x8b\xe3\x81\x98",     38, 1 },
    { "\xe3\x81\x82\xe3\x81\x8b\xe3\x81\xa4\xe3\x81\x8d",     39, 1 },
    { "\xe3\x81\x82\xe3\x81\x8b\xe3\x81\xad",     40, 1 },
    { "\xe3\x81\x82\xe3\x81\x8b\xe3\x81\xbb\xe3\x82\x93",     41, 1 },
    { "\xe3\x81\x82\xe3\x81\x8b\xe3\x81\xbe",     42, 1 },
    { "\xe3\x81\x82\xe3\x81\x8b\xe3\x82\x82\xe3\x82\x93",     43, 1 },
    { "\xe3\x81\x82\xe3\x81\x8d",     44, 7 },
    { "\xe3\x81\x82\xe3\x81\x8d\xe3\x81\x93",     51, 1 },
    { "\xe3\x81\x82\xe3\x81\x8d\xe3\x81\x9f",     52, 1 },
    { "\xe3\x81\x82\xe3\x81\x8d\xe3\x81\xae\xe3\x82\x8a",     53, 2 },
    { "\xe3\x81\x82\xe3\x81\x8d\xe3\x81\xaf\xe3\x81\xb0\xe3\x82\x89",     55, 1 },
    { "\xe3\x81\x82\xe3\x81\x8d\xe3\x81\xb2\xe3\x81\x93",     56, 1 },
    { "\xe3\x81\x82\xe3\x81\x8d\xe3\x81\xb2\xe3\x82\x8d",     57, 2 },
    { "\xe3\x81\x82\xe3\x81\x8d\xe3\x82\x89",     59, 5 },
    { "\xe3\x81\x82\xe3\x81\x8f",     64, 3 },
    { "\xe3\x81\x82\xe3\x81\x8f\xe3\x81\x84",     67, 1 },
    { "\xe3\x81\x82\xe3\x81\x8f\xe3\x81\x97\xe3\x81\xa4",     68, 1 },
    { "\xe3\x81\x82\xe3\x81\x8f\xe3\x81\x97\xe3\x82\x85",     69, 1 },
    { "\xe3\x81\x82\xe3\x81\x8f\xe3\x81\x97\xe3\x82\x85\xe3\x81\x91\xe3\x82\x93",     70, 1 },
    { "\xe3\x81\x82\xe3\x81\x8f\xe3\x81\x9b\xe3\x81\x84",     71, 1 },
    { "\xe3\x81\x82\xe3\x81\x8f\xe3\x81\xbe",     72, 1 },
    { "\xe3\x81\x82\xe3\x81\x91\xe3\x81\xbc\xe3\x81\xae",     73, 1 },
    { "\xe3\x81\x82\xe3\x81\x92",     74, 1 },
    { "\xe3\x81\x82\xe3\x81\x95",     75, 3 },
    { "\xe3\x81\x82\xe3\x81\x95\xe3\x81\x8b",     78, 1 },
    { "\xe3\x81\x82\xe3\x81\x95\xe3\x81\x8c\xe3\x81\x9f",     79, 1 },
    { "\xe3\x81\x82\xe3\x81\x95\xe3\x81\x8f\xe3\x81\x95",     80, 1 },
    { "\xe3\x81\x82\xe3\x81\x95\xe3\x81\xa3\xe3\x81\xa6",     81, 1 },
    { "\xe3\x81\x82\xe3\x81\x95\xe3\x81\xb2",     82, 2 },
    { "\xe3\x81\x82\xe3\x81\x96",     84, 1 },
    { "\xe3\x81\x82\xe3\x81\x96\xe3\x81\xb6",     85, 1 },
    { "\xe3\x81\x82\xe3\x81\x97",     86, 4 },
    { "\xe3\x81\x82\xe3\x81\x97\xe3\x81\x8c\xe3\x82\x89",     90, 1 },
    { "\xe3\x81\x82\xe3\x81\x97\xe3\x81\x9f",     91, 1 },
    { "\xe3\x81\x82\xe3\x81\x97\xe3\x81\xaa\xe3\x81\xbf",     92, 1 },
    { "\xe3\x81\x82\xe3\x81\x97\xe3\x81\xb9",     93, 1 },
    { "\xe3\x81\x82\xe3\x81\x98",     94, 2 },
    { "\xe3\x81\x82\xe3\x81\x98\xe3\x81\xa8\xe3\x81\xbf",     96, 1 },
    { "\xe3\x81\x82\xe3\x81\x99",     97, 1 },
    { "\xe3\x81\x82\xe3\x81\x9a\xe3\x81\x95",     98, 1 },
    { "\xe3\x81\x82\xe3\x81\x9a\xe3\x81\xbe",     99, 2 },
    { "\xe3\x81\x82\xe3\x81\x9b",    101, 1 },
    { "\xe3\x81\x82\xe3\x81\x9c",    102, 1 },
    { "\xe3\x81\x82\xe3\x81\x9d",    103, 1 },
    { "\xe3\x81\x82\xe3\x81\x9f\xe3\x81\x84",    104, 2 },
    { "\xe3\x81\x82\xe3\x81\x9f\xe3\x81\x8b\xe3\x82\x82",    106, 1 },
    { "\xe3\x81\x82\xe3\x81\x9f\xe3\x81\xbe",    107, 1 },
    { "\xe3\x81\x82\xe3\x81\x9f\xe3\x82\x8a",    108, 1 },
    { "\xe3\x81\x82\xe3\x81\xa0\xe3\x81\xa1",    109, 1 },
    { "\xe3\x81\x82\xe3\x81\xa3\xe3\x81\x8b",    110, 1 },
    { "\xe3\x81\x82\xe3\x81\xa3\xe3\x81\x97\xe3\x82\x85\xe3\x81\x8f",    111, 1 },
    { "\xe3\x81\x82\xe3\x81\xa3\xe3\x81\xa8\xe3\x81\x86",    112, 1 },
    { "\xe3\x81\x82\xe3\x81\xa3\xe3\x81\xa8\xe3\x81\x86\xe3\x81\xa6\xe3\x81\x8d",    113, 1 },
    { "\xe3\x81\x82\xe3\x81\xa4",    114, 5 },
    { "\xe3\x81\x82\xe3\x81\xa4\xe3\x81\x8e",    119, 1 },
    { "\xe3\x81\x82\xe3\x81\xa4\xe3\x81\x8e\xe3\x81\x97",    120, 1 },
    { "\xe3\x81\x82\xe3\x81\xa4\xe3\x81\x97",    121, 3 },
    { "\xe3\x81\x82\xe3\x81\xa4\xe3\x81\xbf",    124, 1 },
    { "\xe3\x81\x82\xe3\x81\xa4\xe3\x82\x86\xe3\x81\x8d",    125, 1 },
    { "\xe3\x81\x82\xe3\x81\xa6",    126, 1 },
    { "\xe3\x81\x82\xe3\x81\xa6\xe3\x81\x95\xe3\x81\x8d",    127, 1 },
    { "\xe3\x81\x82\xe3\x81\xa8",    128, 2 },
    { "\xe3\x81\x82\xe3\x81\xaa",    130, 1 },
    { "\xe3\x81\x82\xe3\x81\xaa\xe3\x81\x9f",    131, 1 },
    { "\xe3\x81\x82\xe3\x81\xab",    132, 1 },
    { "\xe3\x81\x82\xe3\x81\xad",    133, 2 },
    { "\xe3\x81\x82\xe3\x81\xad\xe3\x81\x8c\xe3\x81\x95\xe3\x81\x8d",    135, 1 },
    { "\xe3\x81\x82\xe3\x81\xad\xe3\x81\x95\xe3\x81\x8d",    136, 1 },
    { "\xe3\x81\x82\xe3\x81\xb6",    137, 1 },
    { "\xe3\x81\x82\xe3\x81\xb6\xe3\x82\x89",    138, 2 },
    { "\xe3\x81\x82\xe3\x81\xb9",    140, 3 },
    { "\xe3\x81\x82\xe3\x81\xbb",    143, 1 },
    { "\xe3\x81\x82\xe3\x81\xbe",    144, 4 },
    { "\xe3\x81\x82\xe3\x81\xbe\xe3\x81\x8c\xe3\x81\x84",    148, 1 },
    { "\xe3\x81\x82\xe3\x81\xbe\xe3\x81\xae",    149, 1 },
    { "\xe3\x81\x82\xe3\x81\xbe\xe3\x81\xbf",    150, 1 },
    { "\xe3\x81\x82\xe3\x81\xbf",    151, 1 },
    { "\xe3\x81\x82\xe3\x82\x81",    152, 3 },
    { "\xe3\x81\x82\xe3\x82\x84",    155, 3 },
    { "\xe3\x81\x82\xe3\x82\x84\xe3\x81\x93",    158, 2 },
    { "\xe3\x81\x82\xe3\x82\x86",    160, 1 },
    { "\xe3\x81\x82\xe3\x82\x86\xe3\x81\xbf",    161, 1 },
    { "\xe3\x81\x82\xe3\x82\x89",    162, 1 },
    { "\xe3\x81\x82\xe3\x82\x89\xe3\x81\x84",    163, 1 },
    { "\xe3\x81\x82\xe3\x82\x89\xe3\x81\x8b\xe3\x81\x98\xe3\x82\x81",    164, 1 },
    { "\xe3\x81\x82\xe3\x82\x89\xe3\x81\x8b\xe3\x82\x8f",    165, 1 },
    { "\xe3\x81\x82\xe3\x82\x89\xe3\x81\x8c\xe3\x81\xad",    166, 2 },
    { "\xe3\x81\x82\xe3\x82\x89\xe3\x81\x8d",    168, 1 },
    { "\xe3\x81\x82\xe3\x82\x89\xe3\x81\x97",    169, 1 },
    { "\xe3\x81\x82\xe3\x82\x89\xe3\x81\xbe\xe3\x81\x8d",    170, 1 },
    { "\xe3\x81\x82\xe3\x82\x89\xe3\x82\x8f\xe3\x81\x96",    171, 1 },
    { "\xe3\x81\x82\xe3\x82\x8a",    172, 2 },
    { "\xe3\x81\x82\xe3\x82\x8a\xe3\x81\x8b\xe3\x82\x8f",    174, 1 },
    { "\xe3\x81\x82\xe3\x82\x8a\xe3\x81\xbe",    175, 1 },
    { "\xe3\x81\x82\xe3\x82\x8b",    176, 1 },
    { "\xe3\x81\x82\xe3\x82\x8b\xe3\x81\x98",    177, 1 },
    { "\xe3\x81\x82\xe3\x82\x8f",    178, 3 },
    { "\xe3\x81\x82\xe3\x82\x8f\xe3\x81\x95",    181, 1 },
    { "\xe3\x81\x82\xe3\x82\x8f\xe3\x81\x9b",    182, 1 },
    { "\xe3\x81\x82\xe3\x82\x8f\xe3\x81\xb0\xe3\x81\x93",    183, 1 },
    { "\xe3\x81\x82\xe3\x82\x93",    184, 8 },
    { "\xe3\x81\x82\xe3\x82\x93\xe3\x81\x84",    192, 1 },
    { "\xe3\x81\x82\xe3\x82\x93\xe3\x81\x8b",    193, 1 },
    { "\xe3\x81\x82\xe3\x82\x93\xe3\x81\x8e\xe3\x82\x83",    194, 1 },
    { "\xe3\x81\x82\xe3\x82\x93\xe3\x81\x91\xe3\x82\x93",    195, 1 },
    { "\xe3\x81\x82\xe3\x82\x93\xe3\x81\x93\xe3\x81\x8f",    196, 1 },
    { "\xe3\x81\x82\xe3\x82\x93\xe3\x81\x94\xe3\x81\x86",    197, 1 },
    { "\xe3\x81\x82\xe3\x82\x93\xe3\x81\x94\xe3\x81\x86\xe3\x81\x8b",    198, 1 },
    { "\xe3\x81\x82\xe3\x82\x93\xe3\x81\x96\xe3\x81\x84",    199, 1 },
    { "\xe3\x81\x82\xe3\x82\x93\xe3\x81\x97\xe3\x82\x93",    200, 1 },
    { "\xe3\x81\x82\xe3\x82\x93\xe3\x81\x98",    201, 1 },
    { "\xe3\x81\x82\xe3\x82\x93\xe3\x81\x9a",    202, 1 },
    { "\xe3\x81\x82\xe3\x82\x93\xe3\x81\x9c\xe3\x82\x93",    203, 1 },
    { "\xe3\x81\x82\xe3\x82\x93\xe3\x81\x9c\xe3\x82\x93\xe3\x81\x9b\xe3\x81\x84",    204, 1 },
    { "\xe3\x81\x82\xe3\x82\x93\xe3\x81\xa6\xe3\x81\x84",    205, 1 },
    { "\xe3\x81\x82\xe3\x82\x93\xe3\x81\xa9\xe3\x81\x86",    206, 1 },
    { "\xe3\x81\x82\xe3\x82\x93\xe3\x81\xaa\xe3\x81\x84",    207, 1 },
    { "\xe3\x81\x82\xe3\x82\x93\xe3\x82\x82\xe3\x81\x8f",    208, 1 },
    { "\xe3\x81\x82\xe3\x82\x93\xe3\x82\x89\xe3\x81\x8f",    209, 1 },
    { "\xe3\x81\x84",    210, 8 },
    { "\xe3\x81\x84\xe3\x81\x84",    218, 2 },
    { "\xe3\x81\x84\xe3\x81\x84\xe3\x81\x96\xe3\x82\x8f",    220, 1 },
    { "\xe3\x81\x84\xe3\x81\x84\xe3\x81\xa0",    221, 1 },
    { "\xe3\x81\x84\xe3\x81\x84\xe3\x81\xa0\xe3\x81\xb0\xe3\x81\x97",    222, 1 },
    { "\xe3\x81\x84\xe3\x81\x84\xe3\x81\xa5\xe3\x81\x8b",    223, 1 },
    { "\xe3\x81\x84\xe3\x81\x84\xe3\x82\x8f\xe3\x81\x91",    224, 1 },
    { "\xe3\x81\x84\xe3\x81\x84\xe3\x82\x93",    225, 2 },
    { "\xe3\x81\x84\xe3\x81\x84\xe3\x82\x93\xe3\x81\x8b\xe3\x81\x84",    227, 1 },
    { "\xe3\x81\x84\xe3\x81\x84\xe3\x82\x93\xe3\x81\xa1\xe3\x82\x87\xe3\x81\x86",    228, 1 },
    { "\xe3\x81\x84\xe3\x81\x88",    229, 1 },
    { "\xe3\x81\x84\xe3\x81\x88\xe3\x81\xa0",    230, 1 },
    { "\xe3\x81\x84\xe3\x81\x88\xe3\x82\x82\xe3\x81\xa8",    231, 1 },
    { "\xe3\x81\x84\xe3\x81\x8b",    232, 2 },
    { "\xe3\x81\x84\xe3\x81\x8b\xe3\x81\x8c",    234, 1 },
    { "\xe3\x81\x84\xe3\x81\x8b\xe3\x81\x8c\xe3\x81\x8f",    235, 1 },
    { "\xe3\x81\x84\xe3\x81\x8b\xe3\x81\xa0",    236, 1 },
    { "\xe3\x81\x84\xe3\x81\x8b\xe3\x82\x8a",    237, 1 },
    { "\xe3\x81\x84\xe3\x81\x8b\xe3\x82\x8f",    238, 1 },
    { "\xe3\x81\x84\xe3\x81\x8b\xe3\x82\x93",    239, 1 },
    { "\xe3\x81\x84\xe3\x81\x8c\xe3\x81\x84",    240, 2 },
    { "\xe3\x81\x84\xe3\x81\x8c\xe3\x81\x8f\xe3\x81\xb6",    242, 1 },
    { "\xe3\x81\x84\xe3\x81\x8c\xe3\x82\x89\xe3\x81\x97",    243, 1 },
    { "\xe3\x81\x84\xe3\x81\x8d",    244, 6 },
    { "\xe3\x81\x84\xe3\x81\x8d\xe3\x81\x8d",    250, 1 },
    { "\xe3\x81\x84\xe3\x81\x8e",    251, 1 },
    { "\xe3\x81\x84\xe3\x81\x8f",    252, 3 },
    { "\xe3\x81\x84\xe3\x81\x8f\xe3\x81\x8a",    255, 2 },
    { "\xe3\x81\x84\xe3\x81\x8f\xe3\x81\x95",    257, 1 },
    { "\xe3\x81\x84\xe3\x81\x8f\xe3\x81\x9b\xe3\x81\x84",    258, 1 },
    { "\xe3\x81\x84\xe3\x81\x91",    259, 1 },
    { "\xe3\x81\x84\xe3\x81\x91\xe3\x81\x8a",    260, 1 },
    { "\xe3\x81\x84\xe3\x81\x91\xe3\x81\xa0",    261, 1 },
    { "\xe3\x81\x84\xe3\x81\x91\xe3\x81\xb6\xe3\x81\x8f\xe3\x82\x8d",    262, 1 },
    { "\xe3\x81\x84\xe3\x81\x91\xe3\x82\x93",    263, 1 },
    { "\xe3\x81\x84\xe3\x81\x93\xe3\x81\x86",    264, 3 },
    { "\xe3\x81\x84\xe3\x81\x93\xe3\x81\x8f",    267, 1 },
    { "\xe3\x81\x84\xe3\x81\x93\xe3\x81\xbe",    268, 1 },
    { "\xe3\x81\x84\xe3\x81\x94",    269, 1 },
    { "\xe3\x81\x84\xe3\x81\x96\xe3\x81\x8b\xe3\x82\x84",    270, 1 },
    { "\xe3\x81\x84\xe3\x81\x97",    271, 4 },
    { "\xe3\x81\x84\xe3\x81\x97\xe3\x81\x8b\xe3\x82\x8f",    275, 2 },
    { "\xe3\x81\x84\xe3\x81\x97\xe3\x81\x8d",    277, 1 },
    { "\xe3\x81\x84\xe3\x81\x97\xe3\x81\x8d\xe3\x81\xa6\xe3\x81\x8d",    278, 1 },
    { "\xe3\x81\x84\xe3\x81\x97\xe3\x81\x96\xe3\x81\x8b",    279, 1 },
    { "\xe3\x81\x84\xe3\x81\x97\xe3\x81\x98\xe3\x81\xbe",    280, 1 },
    { "\xe3\x81\x84\xe3\x81\x97\xe3\x81\x9a\xe3\x81\x88",    281, 1 },
    { "\xe3\x81\x84\xe3\x81\x97\xe3\x81\x9a\xe3\x81\x8b",    282, 1 },
    { "\xe3\x81\x84\xe3\x81\x97\xe3\x81\x9d\xe3\x81\xa4\xe3\x81\x86",    283, 1 },
    { "\xe3\x81\x84\xe3\x81\x97\xe3\x81\xa0",    284, 1 },
    { "\xe3\x81\x84\xe3\x81\x97\xe3\x81\xa4",    285, 1 },
    { "\xe3\x81\x84\xe3\x81\x97\xe3\x81\xaf\xe3\x81\x9f",    286, 1 },
    { "\xe3\x81\x84\xe3\x81\x97\xe3\x81\xb0\xe3\x81\x97",    287, 1 },
    { "\xe3\x81\x84\xe3\x81\x97\xe3\x82\x83",    288, 1 },
    { "\xe3\x81\x84\xe3\x81\x97\xe3\x82\x84\xe3\x81\xbe",    289, 1 },
    { "\xe3\x81\x84\xe3\x81\x97\xe3\x82\x85",    290, 1 },
    { "\xe3\x81\x84\xe3\x81\x97\xe3\x82\x85\xe3\x81\x9b\xe3\x81\x84",    291, 1 },
    { "\xe3\x81\x84\xe3\x81\x97\xe3\x82\x87\xe3\x81\x86",    292, 2 },
    { "\xe3\x81\x84\xe3\x81\x97\xe3\x82\x87\xe3\x81\x8f",    294, 2 },
    { "\xe3\x81\x84\xe3\x81\x97\xe3\x82\x87\xe3\x81\x8f\xe3\x81\x9b\xe3\x81\x84",    296, 1 },
    { "\xe3\x81\x84\xe3\x81\x98",    297, 2 },
    { "\xe3\x81\x84\xe3\x81\x98\xe3\x82\x87\xe3\x81\x86",    299, 3 },
    { "\xe3\x81\x84\xe3\x81\x98\xe3\x82\x93",    302, 1 },
    { "\xe3\x81\x84\xe3\x81\x99",    303, 1 },
    { "\xe3\x81\x84\xe3\x81\x99\xe3\x81\x86",    304, 1 },
    { "\xe3\x81\x84\xe3\x81\x9a",    305, 1 },
    { "\xe3\x81\x84\xe3\x81\x9a\xe3\x81\xbf",    306, 2 },
    { "\xe3\x81\x84\xe3\x81\x9b\xe3\x82\x93",    308, 1 },
    { "\xe3\x81\x84\xe3\x81\x9c\xe3\x82\x93",    309, 2 },
    { "\xe3\x81\x84\xe3\x81\x9d",    311, 1 },
    { "\xe3\x81\x84\xe3\x81\x9d\xe3\x81\x86",    312, 1 },
    { "\xe3\x81\x84\xe3\x81\x9e\xe3\x82\x93",    313, 2 },
    { "\xe3\x81\x84\xe3\x81\x9e\xe3\x82\x93\xe3\x81\x9b\xe3\x81\x84",    315, 1 },
    { "\xe3\x81\x84\xe3\x81\x9e\xe3\x82\x93\xe3\x81\xb6",    316, 1 },
    { "\xe3\x81\x84\xe3\x81\x9f",    317, 1 },
    { "\xe3\x81\x84\xe3\x81\x9f\xe3\x81\x84",    318, 1 },
    { "\xe3\x81\x84\xe3\x81\x9f\xe3\x81\x8f\xe3\x81\x91\xe3\x82\x93\xe3\x81\x8d\xe3\x82\x85\xe3\x81\x86",    319, 1 },
    { "\xe3\x81\x84\xe3\x81\x9f\xe3\x81\xa0\xe3\x81\x8d",    320, 1 },
    { "\xe3\x81\x84\xe3\x81\xa0",    321, 1 },
    { "\xe3\x81\x84\xe3\x81\xa1",    322, 4 },
    { "\xe3\x81\x84\xe3\x81\xa1\xe3\x81\x84",    326, 2 },
    { "\xe3\x81\x84\xe3\x81\xa1\xe3\x81\x84\xe3\x81\x9b\xe3\x81\x84",    328, 1 },
    { "\xe3\x81\x84\xe3\x81\xa1\xe3\x81\x84\xe3\x81\xa1",    329, 1 },
    { "\xe3\x81\x84\xe3\x81\xa1\xe3\x81\x84\xe3\x81\xa6\xe3\x81\x8d",    330, 1 },
    { "\xe3\x81\x84\xe3\x81\xa1\xe3\x81\x84\xe3\x82\x93",    331, 2 },
    { "\xe3\x81\x84\xe3\x81\xa1\xe3\x81\x8a\xe3\x81\x86",    333, 1 },
    { "\xe3\x81\x84\xe3\x81\xa1\xe3\x81\x8b\xe3\x82\x8f",    334, 1 },
    { "\xe3\x81\x84\xe3\x81\xa1\xe3\x81\x8c\xe3\x81\x84",    335, 1 },
    { "\xe3\x81\x84\xe3\x81\xa1\xe3\x81\x8e\xe3\x82\x87\xe3\x81\x86",    336, 1 },
    { "\xe3\x81\x84\xe3\x81\xa1\xe3\x81\x92\xe3\x82\x93",    337, 2 },
    { "\xe3\x81\x84\xe3\x81\xa1\xe3\x81\x94\xe3\x81\x86\xe3\x81\x8b\xe3\x82\x93",    339, 1 },
    { "\xe3\x81\x84\xe3\x81\xa1\xe3\x81\x98",    340, 3 },
    { "\xe3\x81\x84\xe3\x81\xa1\xe3\x81\x98\xe3\x81\x8b\xe3\x82\x93",    343, 1 },
    { "\xe3\x81\x84\xe3\x81\xa1\xe3\x81\x98\xe3\x81\xa6\xe3\x81\x8d",    344, 1 },
    { "\xe3\x81\x84\xe3\x81\xa1\xe3\x81\x9f\xe3\x82\x8d\xe3\x81\x86",    345, 1 },
    { "\xe3\x81\x84\xe3\x81\xa1\xe3\x81\xa0\xe3\x81\x84",    346, 1 },
    { "\xe3\x81\x84\xe3\x81\xa1\xe3\x81\xa0\xe3\x82\x93",    347, 1 },
    { "\xe3\x81\x84\xe3\x81\xa1\xe3\x81\xa9",    348, 1 },
    { "\xe3\x81\x84\xe3\x81\xa1\xe3\x81\xa9\xe3\x81\x86",    349, 1 },
    { "\xe3\x81\x84\xe3\x81\xa1\xe3\x81\xab\xe3\x81\xa1",    350, 1 },
    { "\xe3\x81\x84\xe3\x81\xa1\xe3\x81\xab\xe3\x82\x93\xe3\x81\xbe\xe3\x81\x88",    351, 1 },
    { "\xe3\x81\x84\xe3\x81\xa1\xe3\x81\xad\xe3\x82\x93",    352, 1 },
    { "\xe3\x81\x84\xe3\x81\xa1\xe3\x81\xaf\xe3\x82\x89",    353, 1 },
    { "\xe3\x81\x84\xe3\x81\xa1\xe3\x81\xb0\xe3\x82\x93",    354, 1 },
    { "\xe3\x81\x84\xe3\x81\xa1\xe3\x81\xb0\xe3\x82\x93\xe3\x81\xa1\xe3\x82\x87\xe3\x81\x86",    355, 1 },
    { "\xe3\x81\x84\xe3\x81\xa1\xe3\x81\xb6",    356, 1 },
    { "\xe3\x81\x84\xe3\x81\xa1\xe3\x81\xb6\xe3\x81\xb6\xe3\x82\x93",    357, 1 },
    { "\xe3\x81\x84\xe3\x81\xa1\xe3\x81\xbe\xe3\x81\x84",    358, 1 },
    { "\xe3\x81\x84\xe3\x81\xa1\xe3\x81\xbe\xe3\x82\x93\xe3\x81\x88\xe3\x82\x93",    359, 1 },
    { "\xe3\x81\x84\xe3\x81\xa1\xe3\x82\x82\xe3\x81\xa4",    360, 1 },
    { "\xe3\x81\x84\xe3\x81\xa1\xe3\x82\x88\xe3\x81\x86",    361, 1 },
    { "\xe3\x81\x84\xe3\x81\xa1\xe3\x82\x88\xe3\x81\x97",    362, 1 },
    { "\xe3\x81\x84\xe3\x81\xa1\xe3\x82\x89\xe3\x82\x93",    363, 1 },
    { "\xe3\x81\x84\xe3\x81\xa1\xe3\x82\x8c\xe3\x81\x84",    364, 1 },
    { "\xe3\x81\x84\xe3\x81\xa1\xe3\x82\x8c\xe3\x82\x93",    365, 1 },
    { "\xe3\x81\x84\xe3\x81\xa1\xe3\x82\x8d\xe3\x81\x86",    366, 1 },
    { "\xe3\x81\x84\xe3\x81\xa3\xe3\x81\x8b\xe3\x81\x84",    367, 3 },
    { "\xe3\x81\x84\xe3\x81\xa3\xe3\x81\x8b\xe3\x81\x92\xe3\x81\xa4",    370, 1 },
    { "\xe3\x81\x84\xe3\x81\xa3\xe3\x81\x8b\xe3\x81\x97\xe3\x82\x87",    371, 1 },
    { "\xe3\x81\x84\xe3\x81\xa3\xe3\x81\x8b\xe3\x81\xa4",    372, 1 },
    { "\xe3\x81\x84\xe3\x81\xa3\xe3\x81\x8b\xe3\x82\x93",    373, 2 },
    { "\xe3\x81\x84\xe3\x81\xa3\xe3\x81\x8d",    375, 1 },
    { "\xe3\x81\x84\xe3\x81\xa3\xe3\x81\x8d\xe3\x82\x87",    376, 1 },
    { "\xe3\x81\x84\xe3\x81\xa3\xe3\x81\x91\xe3\x82\x93",    377, 2 },
    { "\xe3\x81\x84\xe3\x81\xa3\xe3\x81\x93",    379, 1 },
    { "\xe3\x81\x84\xe3\x81\xa3\xe3\x81\x93\xe3\x81\x86",    380, 2 },
    { "\xe3\x81\x84\xe3\x81\xa3\xe3\x81\x93\xe3\x81\x8f",    382, 1 },
    { "\xe3\x81\x84\xe3\x81\xa3\xe3\x81\x95\xe3\x81\x84",    383, 1 },
    { "\xe3\x81\x84\xe3\x81\xa3\xe3\x81\x95\xe3\x81\x8f\xe3\x81\xad\xe3\x82\x93",    384, 1 },
    { "\xe3\x81\x84\xe3\x81\xa3\xe3\x81\x97\xe3\x81\x8d",    385, 1 },
    { "\xe3\x81\x84\xe3\x81\xa3\xe3\x81\x97\xe3\x82\x85",    386, 1 },
    { "\xe3\x81\x84\xe3\x81\xa3\xe3\x81\x97\xe3\x82\x85\xe3\x81\x86\xe3\x81\x8b\xe3\x82\x93",    387, 1 },
    { "\xe3\x81\x84\xe3\x81\xa3\xe3\x81\x97\xe3\x82\x85\xe3\x81\xa9\xe3\x81\x8f\xe3\x81\xa8\xe3\x81\x8f",    388, 1 },
    { "\xe3\x81\x84\xe3\x81\xa3\xe3\x81\x97\xe3\x82\x85\xe3\x82\x8b\xe3\x81\x84",    389, 1 },
    { "\xe3\x81\x84\xe3\x81\xa3\xe3\x81\x97\xe3\x82\x85\xe3\x82\x93",    390, 1 },
    { "\xe3\x81\x84\xe3\x81\xa3\xe3\x81\x97\xe3\x82\x87",    391, 1 },
    { "\xe3\x81\x84\xe3\x81\xa3\xe3\x81\x97\xe3\x82\x87\xe3\x81\x86",    392, 1 },
    { "\xe3\x81\x84\xe3\x81\xa3\xe3\x81\x99\xe3\x82\x93",    393, 1 },
    { "\xe3\x81\x84\xe3\x81\xa3\xe3\x81\x9b\xe3\x81\x84",    394, 1 },
    { "\xe3\x81\x84\xe3\x81\xa3\xe3\x81\x9d\xe3\x81\x86",    395, 1 },
    { "\xe3\x81\x84\xe3\x81\xa3\xe3\x81\x9f\xe3\x81\x84",    396, 1 },
    { "\xe3\x81\x84\xe3\x81\xa3\xe3\x81\x9f\xe3\x82\x93",    397, 2 },
    { "\xe3\x81\x84\xe3\x81\xa3\xe3\x81\xa1",    399, 1 },
    { "\xe3\x81\x84\xe3\x81\xa3\xe3\x81\xa1\xe3\x82\x87\xe3\x81\x86\xe3\x82\x81",    400, 1 },
    { "\xe3\x81\x84\xe3\x81\xa3\xe3\x81\xa4\xe3\x81\x86",    401, 1 },
    { "\xe3\x81\x84\xe3\x81\xa3\xe3\x81\xa6\xe3\x81\x84",    402, 1 },
    { "\xe3\x81\x84\xe3\x81\xa3\xe3\x81\xa8\xe3\x81\x8d",    403, 1 },
    { "\xe3\x81\x84\xe3\x81\xa3\xe3\x81\xb1\xe3\x81\x84",    404, 1 },
    { "\xe3\x81\x84\xe3\x81\xa3\xe3\x81\xb1\xe3\x81\x8f",    405, 2 },
    { "\xe3\x81\x84\xe3\x81\xa3\xe3\x81\xb1\xe3\x81\xa4",    407, 1 },
    { "\xe3\x81\x84\xe3\x81\xa3\xe3\x81\xb1\xe3\x82\x93",    408, 1 },
    { "\xe3\x81\x84\xe3\x81\xa3\xe3\x81\xb1\xe3\x82\x93\xe3\x81\x8b",    409, 1 },
    { "\xe3\x81\x84\xe3\x81\xa3\xe3\x81\xb1\xe3\x82\x93\xe3\x81\x9b\xe3\x81\x84",    410, 1 },
    { "\xe3\x81\x84\xe3\x81\xa3\xe3\x81\xb1\xe3\x82\x93\xe3\x81\xa6\xe3\x81\x8d",    411, 1 },
    { "\xe3\x81\x84\xe3\x81\xa3\xe3\x81\xb7\xe3\x81\x86",    412, 1 },
    { "\xe3\x81\x84\xe3\x81\xa3\xe3\x81\xba\xe3\x82\x93",    413, 1 },
    { "\xe3\x81\x84\xe3\x81\xa3\xe3\x81\xbd",    414, 1 },
    { "\xe3\x81\x84\xe3\x81\xa3\xe3\x81\xbd\xe3\x81\x86",    415, 2 },
    { "\xe3\x81\x84\xe3\x81\xa3\xe3\x81\xbd\xe3\x82\x93",    417, 1 },
    { "\xe3\x81\x84\xe3\x81\xa4",    418, 4 },
    { "\xe3\x81\x84\xe3\x81\xa4\xe3\x81\xa4\xe3\x81\xb0\xe3\x81\x97",    422, 1 },
    { "\xe3\x81\x84\xe3\x81\xa6\xe3\x82\x93",    423, 1 },
    { "\xe3\x81\x84\xe3\x81\xa7\xe3\x82\x93",    424, 1 },
    { "\xe3\x81\x84\xe3\x81\xa7\xe3\x82\x93\xe3\x81\x97",    425, 1 },
    { "\xe3\x81\x84\xe3\x81\xa8",    426, 2 },
    { "\xe3\x81\x84\xe3\x81\xa8\xe3\x81\x86",    428, 2 },
    { "\xe3\x81\x84\xe3\x81\xa8\xe3\x81\x86\xe3\x81\xa1\xe3\x82\x85\xe3\x81\x86",    430, 1 },
    { "\xe3\x81\x84\xe3\x81\xa8\xe3\x81\xa6\xe3\x81\x8d",    431, 1 },
    { "\xe3\x81\x84\xe3\x81\xa9",    432, 1 },
    { "\xe3\x81\x84\xe3\x81\xa9\xe3\x81\x86",    433, 1 },
    { "\xe3\x81\x84\xe3\x81\xaa",    434, 2 },
    { "\xe3\x81\x84\xe3\x81\xaa\xe3\x81\x84",    436, 1 },
    { "\xe3\x81\x84\xe3\x81\xaa\xe3\x81\x8b",    437, 1 },
    { "\xe3\x81\x84\xe3\x81\xaa\xe3\x81\x8c\xe3\x81\x8d",    438, 1 },
    { "\xe3\x81\x84\xe3\x81\xaa\xe3\x81\x92",    439, 1 },
    { "\xe3\x81\x84\xe3\x81\xaa\xe3\x82\x82\xe3\x82\x8a",    440, 1 },
    { "\xe3\x81\x84\xe3\x81\xaa\xe3\x82\x82\xe3\x82\x8a\xe3\x81\x96\xe3\x81\x84\xe3\x81\xa0\xe3\x82\x93",    441, 1 },
    { "\xe3\x81\x84\xe3\x81\xab\xe3\x82\x93",    442, 1 },
    { "\xe3\x81\x84\xe3\x81\xac",    443, 1 },
    { "\xe3\x81\x84\xe3\x81\xac\xe3\x81\x8c\xe3\x81\xbf",    444, 1 },
    { "\xe3\x81\x84\xe3\x81\xad",    445, 1 },
    { "\xe3\x81\x84\xe3\x81\xae",    446, 3 },
    { "\xe3\x81\x84\xe3\x81\xae\xe3\x81\x86\xe3\x81\x88",    449, 1 },
    { "\xe3\x81\x84\xe3\x81\xae\xe3\x81\x8a\xe3\x81\x8b",    450, 1 },
    { "\xe3\x81\x84\xe3\x81\xae\xe3\x81\x97\xe3\x81\x97",    451, 1 },
    { "\xe3\x81\x84\xe3\x81\xae\xe3\x81\xa1",    452, 2 },
    { "\xe3\x81\x84\xe3\x81\xae\xe3\x81\xbe\xe3\x81\x9f",    454, 1 },
    { "\xe3\x81\x84\xe3\x81\xaf\xe3\x82\x93",    455, 1 },
    { "\xe3\x81\x84\xe3\x81\xb0\xe3\x82\x89",    456, 1 },
    { "\xe3\x81\x84\xe3\x81\xb0\xe3\x82\x89\xe3\x81\x8e",    457, 1 },
    { "\xe3\x81\x84\xe3\x81\xbb\xe3\x81\x86",    458, 1 },
    { "\xe3\x81\x84\xe3\x81\xbe",    459, 1 },
    { "\xe3\x81\x84\xe3\x81\xbe\xe3\x81\x84",    460, 1 },
    { "\xe3\x81\x84\xe3\x81\xbe\xe3\x81\xa0",    461, 1 },
    { "\xe3\x81\x84\xe3\x81\xbf",    462, 1 },
    { "\xe3\x81\x84\xe3\x81\xbf\xe3\x82\x8d\xe3\x82\x93",    463, 1 },
    { "\xe3\x81\x84\xe3\x82\x82",    464, 1 },
    { "\xe3\x81\x84\xe3\x82\x82\xe3\x81\x86\xe3\x81\xa8",    465, 1 },
    { "\xe3\x81\x84\xe3\x82\x84",    466, 1 },
    { "\xe3\x81\x84\xe3\x82\x88\xe3\x81\x86",    467, 2 },
    { "\xe3\x81\x84\xe3\x82\x88\xe3\x81\x8f",    469, 1 },
    { "\xe3\x81\x84\xe3\x82\x89\xe3\x81\x84",    470, 2 },
    { "\xe3\x81\x84\xe3\x82\x8a\xe3\x81\x88",    472, 1 },
    { "\xe3\x81\x84\xe3\x82\x8a\xe3\x81\x90\xe3\x81\xa1",    473, 1 },
    { "\xe3\x81\x84\xe3\x82\x8a\xe3\x82\x84",    474, 1 },
    { "\xe3\x81\x84\xe3\x82\x8a\xe3\x82\x87\xe3\x81\x86",    475, 1 },
    { "\xe3\x81\x84\xe3\x82\x8a\xe3\x82\x87\xe3\x81\x8f",    476, 1 },
    { "\xe3\x81\x84\xe3\x82\x8b\xe3\x81\xbe",    477, 1 },
    { "\xe3\x81\x84\xe3\x82\x8d",    478, 1 },
    { "\xe3\x81\x84\xe3\x82\x8d\xe3\x81\x84\xe3\x82\x8d",    479, 1 },
    { "\xe3\x81\x84\xe3\x82\x8f",    480, 1 },
    { "\xe3\x81\x84\xe3\x82\x8f\xe3\x81\x8a",    481, 1 },
    { "\xe3\x81\x84\xe3\x82\x8f\xe3\x81\x8d",    482, 1 },
    { "\xe3\x81\x84\xe3\x82\x8f\xe3\x81\x97",    483, 1 },
    { "\xe3\x81\x84\xe3\x82\x8f\xe3\x81\x9f",    484, 1 },
    { "\xe3\x81\x84\xe3\x82\x8f\xe3\x81\xa6",    485, 1 },
    { "\xe3\x81\x84\xe3\x82\x8f\xe3\x81\xa6\xe3\x81\xa0\xe3\x81\x84\xe3\x81\x8c\xe3\x81\x8f",    486, 1 },
    { "\xe3\x81\x84\xe3\x82\x8f\xe3\x81\xaa\xe3\x81\xbf",    487, 1 },
    { "\xe3\x81\x84\xe3\x82\x8f\xe3\x81\xbe",    488, 1 },
    { "\xe3\x81\x84\xe3\x82\x8f\xe3\x82\x82\xe3\x81\xa8",    489, 1 },
    { "\xe3\x81\x84\xe3\x82\x93",    490, 8 },
    { "\xe3\x81\x84\xe3\x82\x93\xe3\x81\x95\xe3\x81\xa4",    498, 1 },
    { "\xe3\x81\x84\xe3\x82\x93\xe3\x81\x97",    499, 2 },
    { "\xe3\x81\x84\xe3\x82\x93\xe3\x81\x97\xe3\x82\x87\xe3\x81\x86",    501, 1 },
    { "\xe3\x81\x84\xe3\x82\x93\xe3\x81\x98",    502, 1 },
    { "\xe3\x81\x84\xe3\x82\x93\xe3\x81\x99\xe3\x81\x86",    503, 1 },
    { "\xe3\x81\x84\xe3\x82\x93\xe3\x81\x9b\xe3\x81\x84",    504, 1 },
    { "\xe3\x81\x84\xe3\x82\x93\xe3\x81\x9b\xe3\x81\x8d",    505, 1 },
    { "\xe3\x81\x84\xe3\x82\x93\xe3\x81\x9f\xe3\x81\x84",    506, 1 },
    { "\xe3\x81\x84\xe3\x82\x93\xe3\x81\xa1",    507, 1 },
    { "\xe3\x81\x84\xe3\x82\x93\xe3\x81\xa9",    508, 1 },
    { "\xe3\x81\x84\xe3\x82\x93\xe3\x81\xba\xe3\x81\x84",    509, 1 },
    { "\xe3\x81\x84\xe3\x82\x93\xe3\x81\xbc\xe3\x81\x86",    510, 1 },
    { "\xe3\x81\x84\xe3\x82\x93\xe3\x82\x88\xe3\x81\x86",    511, 1 },
    { "\xe3\x81\x84\xe3\x82\x93\xe3\x82\x88\xe3\x81\x86\xe3\x81\x8b\xe3\x81\x84\xe3\x81\x97",    512, 1 },
    { "\xe3\x81\x84\xe3\x82\x93\xe3\x82\x8a\xe3\x82\x87\xe3\x81\x8f",    513, 1 },
    { "\xe3\x81\x84\xe3\x82\x93\xe3\x82\x8a\xe3\x82\x87\xe3\x81\x8f\xe3\x81\x91\xe3\x82\x93",    514, 1 },
    { "\xe3\x81\x86",    515, 8 },
    { "\xe3\x81\x86\xe3\x81\x84",    523, 1 },
    { "\xe3\x81\x86\xe3\x81\x88",    524, 3 },
    { "\xe3\x81\x86\xe3\x81\x88\xe3\x81\x88\xe3\x81\xa0",    527, 1 },
    { "\xe3\x81\x86\xe3\x81\x88\xe3\x81\xa0",    528, 1 },
    { "\xe3\x81\x86\xe3\x81\x88\xe3\x81\xaa\xe3\x81\x8b",    529, 1 },
    { "\xe3\x81\x86\xe3\x81\x88\xe3\x81\xae",    530, 1 },
    { "\xe3\x81\x86\xe3\x81\x8a",    531, 1 },
    { "\xe3\x81\x86\xe3\x81\x90\xe3\x81\x84\xe3\x81\x99",    532, 1 },
    { "\xe3\x81\x86\xe3\x81\x91\xe3\x81\xa4\xe3\x81\x91",    533, 1 },
    { "\xe3\x81\x86\xe3\x81\x91\xe3\x81\xa8\xe3\x82\x8a\xe3\x81\xab\xe3\x82\x93",    534, 1 },
    { "\xe3\x81\x86\xe3\x81\x95\xe3\x81\x8e",    535, 1 },
    { "\xe3\x81\x86\xe3\x81\x97",    536, 2 },
    { "\xe3\x81\x86\xe3\x81\x97\xe3\x82\x8d",    538, 1 },
    { "\xe3\x81\x86\xe3\x81\x98",    539, 1 },
    { "\xe3\x81\x86\xe3\x81\x99",    540, 2 },
    { "\xe3\x81\x86\xe3\x81\x99\xe3\x81\x84",    542, 1 },
    { "\xe3\x81\x86\xe3\x81\x99\xe3\x81\x8d",    543, 1 },
    { "\xe3\x81\x86\xe3\x81\x9a",    544, 1 },
    { "\xe3\x81\x86\xe3\x81\x9d",    545, 1 },
    { "\xe3\x81\x86\xe3\x81\x9f",    546, 2 },
    { "\xe3\x81\x86\xe3\x81\x9f\xe3\x81\x84",    548, 1 },
    { "\xe3\x81\x86\xe3\x81\x9f\xe3\x81\xb2\xe3\x82\x81",    549, 1 },
    { "\xe3\x81\x86\xe3\x81\xa1",    550, 2 },
    { "\xe3\x81\x86\xe3\x81\xa1\xe3\x81\x8c\xe3\x82\x8f",    552, 1 },
    { "\xe3\x81\x86\xe3\x81\xa1\xe3\x81\xa0",    553, 1 },
    { "\xe3\x81\x86\xe3\x81\xa1\xe3\x82\x85\xe3\x81\x86",    554, 1 },
    { "\xe3\x81\x86\xe3\x81\xa1\xe3\x82\x85\xe3\x81\x86\xe3\x81\x8d\xe3\x81\xa1",    555, 1 },
    { "\xe3\x81\x86\xe3\x81\xa1\xe3\x82\x85\xe3\x81\x86\xe3\x82\x8c\xe3\x81\x8d",    556, 1 },
    { "\xe3\x81\x86\xe3\x81\xa1\xe3\x82\x8f\xe3\x81\x91",    557, 1 },
    { "\xe3\x81\x86\xe3\x81\xa4",    558, 3 },
    { "\xe3\x81\x86\xe3\x81\xa4\xe3\x82\x8f",    561, 1 },
    { "\xe3\x81\x86\xe3\x81\xa7",    562, 1 },
    { "\xe3\x81\x86\xe3\x81\xa7\xe3\x81\xbe\xe3\x81\x88",    563, 1 },
    { "\xe3\x81\x86\xe3\x81\xaa\xe3\x81\x8e",    564, 1 },
    { "\xe3\x81\x86\xe3\x81\xad",    565, 1 },
    { "\xe3\x81\x86\xe3\x81\xb0",    566, 1 },
    { "\xe3\x81\x86\xe3\x81\xb6",    567, 1 },
    { "\xe3\x81\x86\xe3\x81\xb8\xe3\x82\x93",    568, 1 },
    { "\xe3\x81\x86\xe3\x81\xb9",    569, 1 },
    { "\xe3\x81\x86\xe3\x81\xbe",    570, 1 },
    { "\xe3\x81\x86\xe3\x81\xbe\xe3\x82\x84",    571, 1 },
    { "\xe3\x81\x86\xe3\x81\xbf",    572, 1 },
    { "\xe3\x81\x86\xe3\x81\xbf\xe3\x81\xb9",    573, 1 },
    { "\xe3\x81\x86\xe3\x82\x81",    574, 1 },
    { "\xe3\x81\x86\xe3\x82\x81\xe3\x81\xa0",    575, 1 },
    { "\xe3\x81\x86\xe3\x82\x81\xe3\x82\x80\xe3\x82\x89",    576, 1 },
    { "\xe3\x81\x86\xe3\x82\x89",    577, 2 },
    { "\xe3\x81\x86\xe3\x82\x89\xe3\x82\x84\xe3\x81\x99",    579, 1 },
    { "\xe3\x81\x86\xe3\x82\x89\xe3\x82\x8f",    580, 1 },
    { "\xe3\x81\x86\xe3\x82\x8a",    581, 1 },
    { "\xe3\x81\x86\xe3\x82\x8a\xe3\x81\xb0",    582, 1 },
    { "\xe3\x81\x86\xe3\x82\x8b\xe3\x81\x86",    583, 1 },
    { "\xe3\x81\x86\xe3\x82\x8b\xe3\x81\x86\xe3\x81\xa9\xe3\x81\x97",    584, 1 },
    { "\xe3\x81\x86\xe3\x82\x8b\xe3\x81\x97",    585, 1 },
    { "\xe3\x81\x86\xe3\x82\x8f",    586, 1 },
    { "\xe3\x81\x86\xe3\x82\x8f\xe3\x81\x95",    587, 1 },
    { "\xe3\x81\x86\xe3\x82\x8f\xe3\x81\xb9",    588, 1 },
    { "\xe3\x81\x86\xe3\x82\x93",    589, 3 },
    { "\xe3\x81\x86\xe3\x82\x93\xe3\x81\x88\xe3\x81\x84",    592, 1 },
    { "\xe3\x81\x86\xe3\x82\x93\xe3\x81\x9b\xe3\x81\x84",    593, 1 },
    { "\xe3\x81\x86\xe3\x82\x93\xe3\x81\xa1\xe3\x82\x93",    594, 1 },
    { "\xe3\x81\x86\xe3\x82\x93\xe3\x81\xa6\xe3\x82\x93",    595, 1 },
    { "\xe3\x81\x86\xe3\x82\x93\xe3\x81\xa6\xe3\x82\x93\xe3\x81\x97\xe3\x82\x85",    596, 1 },
    { "\xe3\x81\x86\xe3\x82\x93\xe3\x81\xa9\xe3\x81\x86",    597, 1 },
    { "\xe3\x81\x86\xe3\x82\x93\xe3\x81\xac\xe3\x82\x93",    598, 1 },
    { "\xe3\x81\x86\xe3\x82\x93\xe3\x82\x81\xe3\x81\x84",    599, 1 },
    { "\xe3\x81\x86\xe3\x82\x93\xe3\x82\x88\xe3\x81\x86",    600, 1 },
    { "\xe3\x81\x88",    601, 8 },
    { "\xe3\x81\x88\xe3\x81\x84",    609, 8 },
    { "\xe3\x81\x88\xe3\x81\x84\xe3\x81\x84\xe3\x81\xa1",    617, 1 },
    { "\xe3\x81\x88\xe3\x81\x84\xe3\x81\x88\xe3\x82\x93",    618, 1 },
    { "\xe3\x81\x88\xe3\x81\x84\xe3\x81\x8b\xe3\x81\x84\xe3\x82\x8f",    619, 1 },
    { "\xe3\x81\x88\xe3\x81\x84\xe3\x81\x8c",    620, 1 },
    { "\xe3\x81\x88\xe3\x81\x84\xe3\x81\x8d\xe3\x82\x85\xe3\x81\x86",    621, 1 },
    { "\xe3\x81\x88\xe3\x81\x84\xe3\x81\x8d\xe3\x82\x87\xe3\x81\x86",    622, 1 },
    { "\xe3\x81\x88\xe3\x81\x84\xe3\x81\x8e\xe3\x82\x87\xe3\x81\x86",    623, 1 },
    { "\xe3\x81\x88\xe3\x81\x84\xe3\x81\x8e\xe3\x82\x87\xe3\x81\x86\xe3\x81\x97\xe3\x82\x87",    624, 1 },
    { "\xe3\x81\x88\xe3\x81\x84\xe3\x81\x8e\xe3\x82\x87\xe3\x81\x86\xe3\x81\xb6",    625, 1 },
    { "\xe3\x81\x88\xe3\x81\x84\xe3\x81\x8e\xe3\x82\x87\xe3\x81\x86\xe3\x81\xbb\xe3\x82\x93\xe3\x81\xb6",    626, 1 },
    { "\xe3\x81\x88\xe3\x81\x84\xe3\x81\x93\xe3\x81\x8f",    627, 1 },
    { "\xe3\x81\x88\xe3\x81\x84\xe3\x81\x93\xe3\x82\x82\xe3\x81\x98",    628, 1 },
    { "\xe3\x81\x88\xe3\x81\x84\xe3\x81\x94",    629, 1 },
    { "\xe3\x81\x88\xe3\x81\x84\xe3\x81\x98",    630, 1 },
    { "\xe3\x81\x88\xe3\x81\x84\xe3\x81\x99\xe3\x81\x86\xe3\x81\x98",    631, 1 },
    { "\xe3\x81\x88\xe3\x81\x84\xe3\x81\x9f\xe3\x82\x8d\xe3\x81\x86",    632, 1 },
    { "\xe3\x81\x88\xe3\x81\x84\xe3\x81\xa6\xe3\x82\x93",    633, 1 },
    { "\xe3\x81\x88\xe3\x81\x84\xe3\x81\xb6\xe3\x82\x93",    634, 1 },
    { "\xe3\x81\x88\xe3\x81\x84\xe3\x82\x86\xe3\x81\x86",    635, 1 },
    { "\xe3\x81\x88\xe3\x81\x84\xe3\x82\x8a",    636, 1 },
    { "\xe3\x81\x88\xe3\x81\x84\xe3\x82\x8a\xe3\x82\x82\xe3\x81\x8f\xe3\x81\xa6\xe3\x81\x8d",    637, 1 },
    { "\xe3\x81\x88\xe3\x81\x8c\xe3\x81\x8a",    638, 1 },
    { "\xe3\x81\x88\xe3\x81\x8c\xe3\x82\x8f",    639, 1 },
    { "\xe3\x81\x88\xe3\x81\x8d",    640, 7 },
    { "\xe3\x81\x88\xe3\x81\x8d\xe3\x81\x97\xe3\x82\x87\xe3\x81\x86",    647, 1 },
    { "\xe3\x81\x88\xe3\x81\x8d\xe3\x81\xa1\xe3\x82\x87\xe3\x81\x86",    648, 1 },
    { "\xe3\x81\x88\xe3\x81\x8d\xe3\x81\xa7\xe3\x82\x93",    649, 1 },
    { "\xe3\x81\x88\xe3\x81\x8d\xe3\x82\x81\xe3\x81\x84",    650, 1 },
    { "\xe3\x81\x88\xe3\x81\x9f\xe3\x81\x84",    651, 1 },
    { "\xe3\x81\x88\xe3\x81\xa0",    652, 1 },
    { "\xe3\x81\x88\xe3\x81\xa1\xe3\x81\x94",    653, 1 },
    { "\xe3\x81\x88\xe3\x81\xa4",    654, 4 },
    { "\xe3\x81\x88\xe3\x81\xa4\xe3\x81\x93",    658, 1 },
    { "\xe3\x81\x88\xe3\x81\xae\xe3\x81\x8d",    659, 1 },
    { "\xe3\x81\x88\xe3\x81\xae\xe3\x82\x82\xe3\x81\xa8",    660, 1 },
    { "\xe3\x81\x88\xe3\x81\xb2\xe3\x82\x81",    661, 1 },
    { "\xe3\x81\x88\xe3\x81\xb3\xe3\x81\x99",    662, 1 },
    { "\xe3\x81\x88\xe3\x81\xbf",    663, 1 },
    { "\xe3\x81\x88\xe3\x82\x8a",    664, 1 },
    { "\xe3\x81\x88\xe3\x82\x93",    665, 8 },
    { "\xe3\x81\x88\xe3\x82\x93\xe3\x81\x88\xe3\x81\x8d",    673, 1 },
    { "\xe3\x81\x88\xe3\x82\x93\xe3\x81\x88\xe3\x81\x8d\xe3\x81\xbb\xe3\x81\x86",    674, 1 },
    { "\xe3\x81\x88\xe3\x82\x93\xe3\x81\x8b\xe3\x81\x84",    675, 1 },
    { "\xe3\x81\x88\xe3\x82\x93\xe3\x81\x8b\xe3\x81\x8f",    676, 1 },
    { "\xe3\x81\x88\xe3\x82\x93\xe3\x81\x8b\xe3\x81\x8f\xe3\x81\xa1",    677, 1 },
    { "\xe3\x81\x88\xe3\x82\x93\xe3\x81\x8b\xe3\x81\xa4",    678, 1 },
    { "\xe3\x81\x88\xe3\x82\x93\xe3\x81\x8b\xe3\x82\x93",    679, 1 },
    { "\xe3\x81\x88\xe3\x82\x93\xe3\x81\x8d",    680, 1 },
    { "\xe3\x81\x88\xe3\x82\x93\xe3\x81\x8e",    681, 2 },
    { "\xe3\x81\x88\xe3\x82\x93\xe3\x81\x96\xe3\x82\x93",    683, 1 },
    { "\xe3\x81\x88\xe3\x82\x93\xe3\x81\x96\xe3\x82\x93\xe3\x81\x97",    684, 1 },
    { "\xe3\x81\x88\xe3\x82\x93\xe3\x81\x97\xe3\x82\x85\xe3\x81\x86",    685, 2 },
    { "\xe3\x81\x88\xe3\x82\x93\xe3\x81\x97\xe3\x82\x93\xe3\x82\x8a\xe3\x82\x87\xe3\x81\x8f",    687, 1 },
    { "\xe3\x81\x88\xe3\x82\x93\xe3\x81\x98\xe3\x82\x87",    688, 1 },
    { "\xe3\x81\x88\xe3\x82\x93\xe3\x81\x98\xe3\x82\x87\xe3\x81\x86",    689, 1 },
    { "\xe3\x81\x88\xe3\x82\x93\xe3\x81\x9d\xe3\x81\x86",    690, 1 },
    { "\xe3\x81\x88\xe3\x82\x93\xe3\x81\xa0\xe3\x81\x84",    691, 1 },
    { "\xe3\x81\x88\xe3\x82\x93\xe3\x81\xa1\xe3\x82\x87\xe3\x81\x86",    692, 2 },
    { "\xe3\x81\x88\xe3\x82\x93\xe3\x81\xa9\xe3\x81\x86",    694, 1 },
    { "\xe3\x81\x88\xe3\x82\x93\xe3\x82\x8a\xe3\x82\x87",    695, 1 },
    { "\xe3\x81\x8a",    696, 8 },
    { "\xe3\x81\x8a\xe3\x81\x84",    704, 2 },
    { "\xe3\x81\x8a\xe3\x81\x84\xe3\x82\x8f\xe3\x81\x91",    706, 1 },
    { "\xe3\x81\x8a\xe3\x81\x86",    707, 8 },
    { "\xe3\x81\x8a\xe3\x81\x86\xe3\x81\x88\xe3\x82\x93",    715, 1 },
    { "\xe3\x81\x8a\xe3\x81\x86\xe3\x81\x8b\xe3\x82\x93",    716, 1 },
    { "\xe3\x81\x8a\xe3\x81\x86\xe3\x81\x8e",    717, 1 },
    { "\xe3\x81\x8a\xe3\x81\x86\xe3\x81\x97\xe3\x82\x85\xe3\x81\x86",    718, 1 },
    { "\xe3\x81\x8a\xe3\x81\x86\xe3\x81\x97\xe3\x82\x87\xe3\x81\x86",    719, 1 },
    { "\xe3\x81\x8a\xe3\x81\x86\xe3\x81\x98",    720, 1 },
    { "\xe3\x81\x8a\xe3\x81\x86\xe3\x81\x98\xe3\x81\x95\xe3\x81\xbe",    721, 1 },
    { "\xe3\x81\x8a\xe3\x81\x86\xe3\x81\x98\xe3\x82\x87\xe3\x81\x86",    722, 1 },
    { "\xe3\x81\x8a\xe3\x81\x86\xe3\x81\x9b\xe3\x81\x84",    723, 1 },
    { "\xe3\x81\x8a\xe3\x81\x86\xe3\x81\xa0",    724, 1 },
    { "\xe3\x81\x8a\xe3\x81\x86\xe3\x81\xa8\xe3\x81\x86",    725, 1 },
    { "\xe3\x81\x8a\xe3\x81\x86\xe3\x81\xa8\xe3\x81\xa4",    726, 1 },
    { "\xe3\x81\x8a\xe3\x81\x86\xe3\x81\xb5\xe3\x81\x8f",    727, 1 },
    { "\xe3\x81\x8a\xe3\x81\x86\xe3\x81\xb6\xe3\x82\x93",    728, 1 },
    { "\xe3\x81\x8a\xe3\x81\x86\xe3\x81\xb8\xe3\x82\x93",    729, 1 },
    { "\xe3\x81\x8a\xe3\x81\x86\xe3\x81\xbc",    730, 1 },
    { "\xe3\x81\x8a\xe3\x81\x86\xe3\x82\x80",    731, 1 },
    { "\xe3\x81\x8a\xe3\x81\x86\xe3\x82\x88\xe3\x81\x86",    732, 1 },
    { "\xe3\x81\x8a\xe3\x81\x86\xe3\x82\x88\xe3\x81\x86\xe3\x81\x8b\xe3\x81\x8c\xe3\x81\x8f",    733, 1 },
    { "\xe3\x81\x8a\xe3\x81\x8a",    734, 2 },
    { "\xe3\x81\x8a\xe3\x81\x8a\xe3\x81\x82\xe3\x81\x8b\xe3\x81\x98",    736, 1 },
    { "\xe3\x81\x8a\xe3\x81\x8a\xe3\x81\x82\xe3\x81\x96",    737, 1 },
    { "\xe3\x81\x8a\xe3\x81\x8a\xe3\x81\x84",    738, 1 },
    { "\xe3\x81\x8a\xe3\x81\x8a\xe3\x81\x84\xe3\x81\x9d",    739, 1 },
    { "\xe3\x81\x8a\xe3\x81\x8a\xe3\x81\x84\xe3\x81\x9f",    740, 1 },
    { "\xe3\x81\x8a\xe3\x81\x8a\xe3\x81\x84\xe3\x81\xbe\xe3\x81\xa1\xe3\x81\x9b\xe3\x82\x93",    741, 1 },
    { "\xe3\x81\x8a\xe3\x81\x8a\xe3\x81\x8a\xe3\x81\x8b\xe3\x82\x84\xe3\x81\xbe",    742, 1 },
    { "\xe3\x81\x8a\xe3\x81\x8a\xe3\x81\x8b\xe3\x81\xbf",    743, 1 },
    { "\xe3\x81\x8a\xe3\x81\x8a\xe3\x81\x8b\xe3\x82\x8f",    744, 1 },
    { "\xe3\x81\x8a\xe3\x81\x8a\xe3\x81\x8c\xe3\x81\x9f",    745, 1 },
    { "\xe3\x81\x8a\xe3\x81\x8a\xe3\x81\x8c\xe3\x82\x89",    746, 1 },
    { "\xe3\x81\x8a\xe3\x81\x8a\xe3\x81\x8d",    747, 1 },
    { "\xe3\x81\x8a\xe3\x81\x8a\xe3\x81\x8f\xe3\x81\xbc",    748, 2 },
    { "\xe3\x81\x8a\xe3\x81\x8a\xe3\x81\x8f\xe3\x82\x89",    750, 1 },
    { "\xe3\x81\x8a\xe3\x81\x8a\xe3\x81\x90\xe3\x82\x8d",    751, 1 },
    { "\xe3\x81\x8a\xe3\x81\x8a\xe3\x81\x91\xe3\x81\x8c",    752, 1 },
    { "\xe3\x81\x8a\xe3\x81\x8a\xe3\x81\x94\xe3\x81\x88",    753, 1 },
    { "\xe3\x81\x8a\xe3\x81\x8a\xe3\x81\x94\xe3\x81\xa8",    754, 1 },
    { "\xe3\x81\x8a\xe3\x81\x8a\xe3\x81\x95\xe3\x81\x8b",    755, 1 },
    { "\xe3\x81\x8a\xe3\x81\x8a\xe3\x81\x95\xe3\x81\x8b\xe3\x81\xa0\xe3\x81\x84\xe3\x81\x8c\xe3\x81\x8f",    756, 1 },
    { "\xe3\x81\x8a\xe3\x81\x8a\xe3\x81\x95\xe3\x81\x8d",    757, 1 },
    { "\xe3\x81\x8a\xe3\x81\x8a\xe3\x81\x95\xe3\x82\x8f",    758, 1 },
    { "\xe3\x81\x8a\xe3\x81\x8a\xe3\x81\x97\xe3\x81\xb0",    759, 1 },
    { "\xe3\x81\x8a\xe3\x81\x8a\xe3\x81\x97\xe3\x81\xbe",    760, 1 },
    { "\xe3\x81\x8a\xe3\x81\x8a\xe3\x81\x99\xe3\x81\x98",    761, 1 },
    { "\xe3\x81\x8a\xe3\x81\x8a\xe3\x81\x9c\xe3\x81\x84",    762, 1 },
    { "\xe3\x81\x8a\xe3\x81\x8a\xe3\x81\x9d\xe3\x81\x86\xe3\x81\x98",    763, 1 },
    { "\xe3\x81\x8a\xe3\x81\x8a\xe3\x81\x9f",    764, 2 },
    { "\xe3\x81\x8a\xe3\x81\x8a\xe3\x81\x9f\xe3\x81\xab",    766, 1 },
    { "\xe3\x81\x8a\xe3\x81\x8a\xe3\x81\xa0\xe3\x81\x84",    767, 1 },
    { "\xe3\x81\x8a\xe3\x81\x8a\xe3\x81\xa4",    768, 1 },
    { "\xe3\x81\x8a\xe3\x81\x8a\xe3\x81\xa4\xe3\x81\x8b",    769, 1 },
    { "\xe3\x81\x8a\xe3\x81\x8a\xe3\x81\xa4\xe3\x81\x8d",    770, 1 },
    { "\xe3\x81\x8a\xe3\x81\x8a\xe3\x81\xa6",    771, 1 },
    { "\xe3\x81\x8a\xe3\x81\x8a\xe3\x81\xa8\xe3\x82\x82",    772, 1 },
    { "\xe3\x81\x8a\xe3\x81\x8a\xe3\x81\xaf\xe3\x81\x97",    773, 1 },
    { "\xe3\x81\x8a\xe3\x81\x8a\xe3\x81\xaf\xe3\x81\xb0",    774, 1 },
    { "\xe3\x81\x8a\xe3\x81\x8a\xe3\x81\xb5\xe3\x81\xaa",    775, 1 },
    { "\xe3\x81\x8a\xe3\x81\x8a\xe3\x81\xbe\xe3\x81\x88",    776, 1 },
    { "\xe3\x81\x8a\xe3\x81\x8a\xe3\x81\xbe\xe3\x81\xa1",    777, 1 },
    { "\xe3\x81\x8a\xe3\x81\x8a\xe3\x81\xbf\xe3\x82\x84",    778, 1 },
    { "\xe3\x81\x8a\xe3\x81\x8a\xe3\x82\x80\xe3\x81\x8b\xe3\x81\x97",    779, 1 },
    { "\xe3\x81\x8a\xe3\x81\x8a\xe3\x82\x80\xe3\x81\xad",    780, 1 },
    { "\xe3\x81\x8a\xe3\x81\x8a\xe3\x82\x81",    781, 1 },
    { "\xe3\x81\x8a\xe3\x81\x8a\xe3\x82\x82\xe3\x81\x98",    782, 1 },
    { "\xe3\x81\x8a\xe3\x81\x8a\xe3\x82\x82\xe3\x82\x8a",    783, 1 },
    { "\xe3\x81\x8a\xe3\x81\x8a\xe3\x82\x84",    784, 1 },
    { "\xe3\x81\x8a\xe3\x81\x8a\xe3\x82\x84\xe3\x81\x91",    785, 1 },
    { "\xe3\x81\x8a\xe3\x81\x8b",    786, 2 },
    { "\xe3\x81\x8a\xe3\x81\x8b\xe3\x81\x92",    788, 1 },
    { "\xe3\x81\x8a\xe3\x81\x8b\xe3\x81\x97",    789, 1 },
    { "\xe3\x81\x8a\xe3\x81\x8b\xe3\x81\xa0",    790, 1 },
    { "\xe3\x81\x8a\xe3\x81\x8b\xe3\x82\x80\xe3\x82\x89",    791, 1 },
    { "\xe3\x81\x8a\xe3\x81\x8b\xe3\x82\x84\xe3\x81\xbe",    792, 1 },
    { "\xe3\x81\x8a\xe3\x81\x8c\xe3\x81\x95\xe3\x82\x8f\xe3\x82\x89",    793, 1 },
    { "\xe3\x81\x8a\xe3\x81\x8c\xe3\x81\x9f",    794, 1 },
    { "\xe3\x81\x8a\xe3\x81\x8c\xe3\x82\x8f",    795, 1 },
    { "\xe3\x81\x8a\xe3\x81\x8d",    796, 1 },
    { "\xe3\x81\x8a\xe3\x81\x8d\xe3\x81\xaa\xe3\x82\x8f",    797, 1 },
    { "\xe3\x81\x8a\xe3\x81\x8e",    798, 1 },
    { "\xe3\x81\x8a\xe3\x81\x8e\xe3\x81\x8f\xe3\x81\xbc",    799, 1 },
    { "\xe3\x81\x8a\xe3\x81\x8e\xe3\x81\xae",    800, 1 },
    { "\xe3\x81\x8a\xe3\x81\x8e\xe3\x82\x8f\xe3\x82\x89",    801, 1 },
    { "\xe3\x81\x8a\xe3\x81\x8f",    802, 5 },
    { "\xe3\x81\x8a\xe3\x81\x8f\xe3\x81\x8b\xe3\x82\x8f",    807, 1 },
    { "\xe3\x81\x8a\xe3\x81\x8f\xe3\x81\x98\xe3\x82\x87\xe3\x81\x86",    808, 1 },
    { "\xe3\x81\x8a\xe3\x81\x8f\xe3\x81\xae",    809, 2 },
    { "\xe3\x81\x8a\xe3\x81\x8f\xe3\x82\x8a\xe3\x81\x98\xe3\x82\x87\xe3\x81\x86",    811, 1 },
    { "\xe3\x81\x8a\xe3\x81\x90\xe3\x82\x89",    812, 1 },
    { "\xe3\x81\x8a\xe3\x81\x91",    813, 1 },
    { "\xe3\x81\x8a\xe3\x81\x92\xe3\x82\x93\xe3\x81\x8d",    814, 1 },
    { "\xe3\x81\x8a\xe3\x81\x93\xe3\x82\x8a",    815, 1 },
    { "\xe3\x81\x8a\xe3\x81\x95",    816, 1 },
    { "\xe3\x81\x8a\xe3\x81\x95\xe3\x82\x80",    817, 1 },
    { "\xe3\x81\x8a\xe3\x81\x96\xe3\x82\x8f",    818, 1 },
    { "\xe3\x81\x8a\xe3\x81\x98\xe3\x82\x83\xe3\x81\xbe",    819, 1 },
    { "\xe3\x81\x8a\xe3\x81\x99",    820, 3 },
    { "\xe3\x81\x8a\xe3\x81\x9d\xe3\x82\x8c",    823, 1 },
    { "\xe3\x81\x8a\xe3\x81\xa0",    824, 2 },
    { "\xe3\x81\x8a\xe3\x81\xa0\xe3\x81\x8b",    826, 1 },
    { "\xe3\x81\x8a\xe3\x81\xa1",    827, 1 },
    { "\xe3\x81\x8a\xe3\x81\xa1\xe3\x81\x82\xe3\x81\x84",    828, 1 },
    { "\xe3\x81\x8a\xe3\x81\xa1\xe3\x81\xb0",    829, 1 },
    { "\xe3\x81\x8a\xe3\x81\xa3\xe3\x81\xa8",    830, 1 },
    { "\xe3\x81\x8a\xe3\x81\xa3\xe3\x81\xb1\xe3\x81\xbe",    831, 1 },
    { "\xe3\x81\x8a\xe3\x81\xa4",    832, 1 },
    { "\xe3\x81\x8a\xe3\x81\xa8",    833, 1 },
    { "\xe3\x81\x8a\xe3\x81\xa8\xe3\x81\x86\xe3\x81\xa8",    834, 1 },
    { "\xe3\x81\x8a\xe3\x81\xa8\xe3\x81\x93",    835, 1 },
    { "\xe3\x81\x8a\xe3\x81\xa8\xe3\x81\x95\xe3\x81\x9f",    836, 1 },
    { "\xe3\x81\x8a\xe3\x81\xa8\xe3\x81\xa8\xe3\x81\x84",    837, 1 },
    { "\xe3\x81\x8a\xe3\x81\xa8\xe3\x81\xaa",    838, 1 },
    { "\xe3\x81\x8a\xe3\x81\xa8\xe3\x81\xaa\xe3\x81\x97",    839, 1 },
    { "\xe3\x81\x8a\xe3\x81\xaa\xe3\x81\x98",    840, 1 },
    { "\xe3\x81\x8a\xe3\x81\xab",    841, 1 },
    { "\xe3\x81\x8a\xe3\x81\xab\xe3\x81\xa5\xe3\x81\x8b",    842, 1 },
    { "\xe3\x81\x8a\xe3\x81\xad\xe3\x81\x8c\xe3\x81\x84",    843, 1 },
    { "\xe3\x81\x8a\xe3\x81\xae",    844, 2 },
    { "\xe3\x81\x8a\xe3\x81\xae\xe3\x81\x8a\xe3\x81\xae",    846, 2 },
    { "\xe3\x81\x8a\xe3\x81\xae\xe3\x82\x8c",    848, 1 },
    { "\xe3\x81\x8a\xe3\x81\xb0",    849, 1 },
    { "\xe3\x81\x8a\xe3\x81\xb2\xe3\x81\xbe",    850, 1 },
    { "\xe3\x81\x8a\xe3\x81\xb3",    851, 1 },
    { "\xe3\x81\x8a\xe3\x81\xb3\xe3\x81\xb2\xe3\x82\x8d",    852, 1 },
    { "\xe3\x81\x8a\xe3\x81\xbf",    853, 1 },
    { "\xe3\x81\x8a\xe3\x82\x82",    854, 2 },
    { "\xe3\x81\x8a\xe3\x82\x82\xe3\x81\x84",    856, 1 },
    { "\xe3\x81\x8a\xe3\x82\x82\xe3\x81\x97\xe3\x82\x8d",    857, 1 },
    { "\xe3\x81\x8a\xe3\x82\x82\xe3\x81\xa6",    858, 2 },
    { "\xe3\x81\x8a\xe3\x82\x82\xe3\x82\x80\xe3\x81\x8d",    860, 1 },
    { "\xe3\x81\x8a\xe3\x82\x84",    861, 1 },
    { "\xe3\x81\x8a\xe3\x82\x84\xe3\x81\x93",    862, 1 },
    { "\xe3\x81\x8a\xe3\x82\x84\xe3\x81\xa0\xe3\x81\xbe",    863, 1 },
    { "\xe3\x81\x8a\xe3\x82\x8a",    864, 1 },
    { "\xe3\x81\x8a\xe3\x82\x8c",    865, 1 },
    { "\xe3\x81\x8a\xe3\x82\x8c\xe3\x81\x84",    866, 1 },
    { "\xe3\x81\x8a\xe3\x82\x8c\xe3\x81\x9b\xe3\x82\x93",    867, 1 },
    { "\xe3\x81\x8a\xe3\x82\x8d\xe3\x81\x97",    868, 1 },
    { "\xe3\x81\x8a\xe3\x82\x8f\xe3\x82\x8a",    869, 1 },
    { "\xe3\x81\x8a\xe3\x82\x93",    870, 5 },
    { "\xe3\x81\x8a\xe3\x82\x93\xe3\x81\x8b\xe3\x81\x84",    875, 1 },
    { "\xe3\x81\x8a\xe3\x82\x93\xe3\x81\x8c\xe3\x81\x8f",    876, 1 },
    { "\xe3\x81\x8a\xe3\x82\x93\xe3\x81\x8c\xe3\x81\x8f\xe3\x81\x8b",    877, 1 },
    { "\xe3\x81\x8a\xe3\x82\x93\xe3\x81\x8d\xe3\x82\x87\xe3\x81\x86",    878, 1 },
    { "\xe3\x81\x8a\xe3\x82\x93\xe3\x81\x9b\xe3\x81\x84",    879, 1 },
    { "\xe3\x81\x8a\xe3\x82\x93\xe3\x81\x9b\xe3\x82\x93",    880, 1 },
    { "\xe3\x81\x8a\xe3\x82\x93\xe3\x81\xa1\xe3\x82\x85\xe3\x81\x86",    881, 1 },
    { "\xe3\x81\x8a\xe3\x82\x93\xe3\x81\xa6\xe3\x81\x84",    882, 1 },
    { "\xe3\x81\x8a\xe3\x82\x93\xe3\x81\xa9",    883, 2 },
    { "\xe3\x81\x8a\xe3\x82\x93\xe3\x81\xa9\xe3\x81\x8f",    885, 1 },
    { "\xe3\x81\x8a\xe3\x82\x93\xe3\x81\xaa",    886, 1 },
    { "\xe3\x81\x8a\xe3\x82\x93\xe3\x81\xb1",    887, 1 },
    { "\xe3\x81\x8a\xe3\x82\x93\xe3\x81\xb7",    888, 1 },
    { "\xe3\x81\x8b",    889, 8 },
    { "\xe3\x81\x8b\xe3\x81\x84",    897, 8 },
    { "\xe3\x81\x8b\xe3\x81\x84\xe3\x81\x84\xe3\x82\x93",    905, 1 },
    { "\xe3\x81\x8b\xe3\x81\x84\xe3\x81\x88\xe3\x82\x93",    906, 1 },
    { "\xe3\x81\x8b\xe3\x81\x84\xe3\x81\x8b\xe3\x82\x93",    907, 2 },
    { "\xe3\x81\x8b\xe3\x81\x84\xe3\x81\x8c",    909, 1 },
    { "\xe3\x81\x8b\xe3\x81\x84\xe3\x81\x8c\xe3\x81\x84",    910, 1 },
    { "\xe3\x81\x8b\xe3\x81\x84\xe3\x81\x8c\xe3\x81\x84\xe3\x82\x8a\xe3\x82\x87\xe3\x81\x93\xe3\x81\x86",    911, 1 },
    { "\xe3\x81\x8b\xe3\x81\x84\xe3\x81\x8c\xe3\x82\x82\xe3\x82\x8a",    912, 1 },
    { "\xe3\x81\x8b\xe3\x81\x84\xe3\x81\x8c\xe3\x82\x89",    913, 1 },
    { "\xe3\x81\x8b\xe3\x81\x84\xe3\x81\x8c\xe3\x82\x93",    914, 1 },
    { "\xe3\x81\x8b\xe3\x81\x84\xe3\x81\x8c\xe3\x82\x93\xe3\x81\x9b\xe3\x82\x93",    915, 1 },
    { "\xe3\x81\x8b\xe3\x81\x84\xe3\x81\x8d\xe3\x82\x87\xe3\x81\x86",    916, 1 },
    { "\xe3\x81\x8b\xe3\x81\x84\xe3\x81\x8e",    917, 1 },
    { "\xe3\x81\x8b\xe3\x81\x84\xe3\x81\x8e\xe3\x81\x97\xe3\x81\xa4",    918, 1 },
    { "\xe3\x81\x8b\xe3\x81\x84\xe3\x81\x8e\xe3\x82\x87\xe3\x81\x86",    919, 2 },
    { "\xe3\x81\x8b\xe3\x81\x84\xe3\x81\x91\xe3\x81\x84",    921, 1 },
    { "\xe3\x81\x8b\xe3\x81\x84\xe3\x81\x91\xe3\x81\xa4",    922, 1 },
    { "\xe3\x81\x8b\xe3\x81\x84\xe3\x81\x93",    923, 1 },
    { "\xe3\x81\x8b\xe3\x81\x84\xe3\x81\x93\xe3\x81\x86\xe3\x82\x81\xe3\x82\x93",    924, 1 },
    { "\xe3\x81\x8b\xe3\x81\x84\xe3\x81\x94\xe3\x81\x86",    925, 1 },
    { "\xe3\x81\x8b\xe3\x81\x84\xe3\x81\x95\xe3\x81\x84",    926, 1 },
    { "\xe3\x81\x8b\xe3\x81\x84\xe3\x81\x95\xe3\x81\xa4",    927, 1 },
    { "\xe3\x81\x8b\xe3\x81\x84\xe3\x81\x97",    928, 1 },
    { "\xe3\x81\x8b\xe3\x81\x84\xe3\x81\x97\xe3\x81\xa4",    929, 1 },
    { "\xe3\x81\x8b\xe3\x81\x84\xe3\x81\x97\xe3\x81\xa4\xe3\x81\xb3",    930, 1 },
    { "\xe3\x81\x8b\xe3\x81\x84\xe3\x81\x97\xe3\x82\x83",    931, 1 },
    { "\xe3\x81\x8b\xe3\x81\x84\xe3\x81\x97\xe3\x82\x83\xe3\x81\x8f",    932, 1 },
    { "\xe3\x81\x8b\xe3\x81\x84\xe3\x81\x97\xe3\x82\x83\xe3\x82\x81\xe3\x81\x84",    933, 1 },
    { "\xe3\x81\x8b\xe3\x81\x84\xe3\x81\x97\xe3\x82\x85\xe3\x81\x86",    934, 1 },
    { "\xe3\x81\x8b\xe3\x81\x84\xe3\x81\x97\xe3\x82\x87\xe3\x81\x86",    935, 1 },
    { "\xe3\x81\x8b\xe3\x81\x84\xe3\x81\x97\xe3\x82\x87\xe3\x81\x8f",    936, 1 },
    { "\xe3\x81\x8b\xe3\x81\x84\xe3\x81\x98\xe3\x82\x87",    937, 1 },
    { "\xe3\x81\x8b\xe3\x81\x84\xe3\x81\x98\xe3\x82\x87\xe3\x81\x86",    938, 3 },
    { "\xe3\x81\x8b\xe3\x81\x84\xe3\x81\x99\xe3\x81\x86",    941, 1 },
    { "\xe3\x81\x8b\xe3\x81\x84\xe3\x81\x9b\xe3\x81\x84",    942, 2 },
    { "\xe3\x81\x8b\xe3\x81\x84\xe3\x81\x9b\xe3\x81\x8d",    944, 1 },
    { "\xe3\x81\x8b\xe3\x81\x84\xe3\x81\x9b\xe3\x81\x8d\xe3\x81\xbb\xe3\x81\x86",    945, 1 },
    { "\xe3\x81\x8b\xe3\x81\x84\xe3\x81\x9b\xe3\x81\xa4",    946, 1 },
    { "\xe3\x81\x8b\xe3\x81\x84\xe3\x81\x9b\xe3\x82\x93",    947, 1 },
    { "\xe3\x81\x8b\xe3\x81\x84\xe3\x81\x9b\xe3\x82\x93\xe3\x81\x9e\xe3\x81\x8f\xe3\x81\x9b\xe3\x81\x84",    948, 1 },
    { "\xe3\x81\x8b\xe3\x81\x84\xe3\x81\x9c\xe3\x82\x93",    949, 1 },
    { "\xe3\x81\x8b\xe3\x81\x84\xe3\x81\x9d\xe3\x81\x86",    950, 1 },
    { "\xe3\x81\x8b\xe3\x81\x84\xe3\x81\x9d\xe3\x81\x8f",    951, 1 },
    { "\xe3\x81\x8b\xe3\x81\x84\xe3\x81\x9e\xe3\x81\x86",    952, 2 },
    { "\xe3\x81\x8b\xe3\x81\x84\xe3\x81\x9e\xe3\x81\x86\xe3\x81\xa9",    954, 1 },
    { "\xe3\x81\x8b\xe3\x81\x84\xe3\x81\x9f\xe3\x81\x84",    955, 1 },
    { "\xe3\x81\x8b\xe3\x81\x84\xe3\x81\xa0\xe3\x82\x93",    956, 1 },
    { "\xe3\x81\x8b\xe3\x81\x84\xe3\x81\xa1\xe3\x82\x87\xe3\x81\x86",    957, 2 },
    { "\xe3\x81\x8b\xe3\x81\x84\xe3\x81\xa6\xe3\x81\x84",    959, 1 },
    { "\xe3\x81\x8b\xe3\x81\x84\xe3\x81\xa6\xe3\x81\x84\xe3\x81\xb0\xe3\x82\x93",    960, 1 },
    { "\xe3\x81\x8b\xe3\x81\x84\xe3\x81\xa6\xe3\x81\x8d",    961, 1 },
    { "\xe3\x81\x8b\xe3\x81\x84\xe3\x81\xa6\xe3\x82\x93",    962, 1 },
    { "\xe3\x81\x8b\xe3\x81\x84\xe3\x81\xa8\xe3\x81\x86",    963, 1 },
    { "\xe3\x81\x8b\xe3\x81\x84\xe3\x81\xa8\xe3\x81\x86\xe3\x81\x97\xe3\x82\x83",    964, 1 },
    { "\xe3\x81\x8b\xe3\x81\x84\xe3\x81\xa9\xe3\x81\x8f",    965, 1 },
    { "\xe3\x81\x8b\xe3\x81\x84\xe3\x81\xab\xe3\x82\x85\xe3\x81\x86",    966, 1 },
    { "\xe3\x81\x8b\xe3\x81\x84\xe3\x81\xab\xe3\x82\x93",    967, 1 },
    { "\xe3\x81\x8b\xe3\x81\x84\xe3\x81\xaf\xe3\x81\xa4",    968, 1 },
    { "\xe3\x81\x8b\xe3\x81\x84\xe3\x81\xaf\xe3\x81\xa4\xe3\x81\xb6",    969, 1 },
    { "\xe3\x81\x8b\xe3\x81\x84\xe3\x81\xb2",    970, 2 },
    { "\xe3\x81\x8b\xe3\x81\x84\xe3\x81\xb2\xe3\x82\x93",    972, 1 },
    { "\xe3\x81\x8b\xe3\x81\x84\xe3\x81\xb5\xe3\x81\x86",    973, 1 },
    { "\xe3\x81\x8b\xe3\x81\x84\xe3\x81\xb5\xe3\x81\x8f",    974, 1 },
    { "\xe3\x81\x8b\xe3\x81\x84\xe3\x81\xb6\xe3\x82\x93",    975, 1 },
    { "\xe3\x81\x8b\xe3\x81\x84\xe3\x81\xb8\xe3\x81\x84",    976, 1 },
    { "\xe3\x81\x8b\xe3\x81\x84\xe3\x81\xb8\xe3\x82\x93",    977, 1 },
    { "\xe3\x81\x8b\xe3\x81\x84\xe3\x81\xbb\xe3\x81\x86",    978, 4 },
    { "\xe3\x81\x8b\xe3\x81\x84\xe3\x82\x80",    982, 1 },
    { "\xe3\x81\x8b\xe3\x81\x84\xe3\x82\x81\xe3\x81\x84",    983, 2 },
    { "\xe3\x81\x8b\xe3\x81\x84\xe3\x82\x82\xe3\x81\xae",    985, 1 },
    { "\xe3\x81\x8b\xe3\x81\x84\xe3\x82\x88\xe3\x81\x86",    986, 1 },
    { "\xe3\x81\x8b\xe3\x81\x84\xe3\x82\x89\xe3\x82\x93",    987, 1 },
    { "\xe3\x81\x8b\xe3\x81\x84\xe3\x82\x8a",    988, 1 },
    { "\xe3\x81\x8b\xe3\x81\x84\xe3\x82\x8a\xe3\x82\x87\xe3\x81\x86",    989, 1 },
    { "\xe3\x81\x8b\xe3\x81\x84\xe3\x82\x8d",    990, 1 },
    { "\xe3\x81\x8b\xe3\x81\x84\xe3\x82\x8f",    991, 1 },
    { "\xe3\x81\x8b\xe3\x81\x84\xe3\x82\x8f\xe3\x81\x84",    992, 1 },
    { "\xe3\x81\x8b\xe3\x81\x84\xe3\x82\x8f\xe3\x82\x8c",    993, 1 },
    { "\xe3\x81\x8b\xe3\x81\x88",    994, 1 },
    { "\xe3\x81\x8b\xe3\x81\x88\xe3\x81\xa7",    995, 1 },
    { "\xe3\x81\x8b\xe3\x81\x88\xe3\x82\x8a\xe3\x81\xb3\xe3\x81\xa8",    996, 1 },
    { "\xe3\x81\x8b\xe3\x81\x88\xe3\x82\x8b",    997, 1 },
    { "\xe3\x81\x8b\xe3\x81\x8a",    998, 1 },
    { "\xe3\x81\x8b\xe3\x81\x8a\xe3\x81\x86",    999, 1 },
    { "\xe3\x81\x8b\xe3\x81\x8a\xe3\x82\x8a",   1000, 2 },
    { "\xe3\x81\x8b\xe3\x81\x8a\xe3\x82\x8b",   1002, 2 },
    { "\xe3\x81\x8b\xe3\x81\x8b\xe3\x81\x84",   1004, 1 },
    { "\xe3\x81\x8b\xe3\x81\x8b\xe3\x81\x8f",   1005, 1 },
    { "\xe3\x81\x8b\xe3\x81\x8b\xe3\x82\x8a",   1006, 2 },
    { "\xe3\x81\x8b\xe3\x81\x8b\xe3\x82\x8a\xe3\x81\x8b\xe3\x82\x93",   1008, 1 },
    { "\xe3\x81\x8b\xe3\x81\x8b\xe3\x82\x8a\xe3\x81\xa1\xe3\x82\x87\xe3\x81\x86",   1009, 2 },
    { "\xe3\x81\x8b\xe3\x81\x8b\xe3\x82\x93",   1011, 1 },
    { "\xe3\x81\x8b\xe3\x81\x8c\xe3\x81\x8f",   1012, 2 },
    { "\xe3\x81\x8b\xe3\x81\x8c\xe3\x81\x8f\xe3\x81\x8b",   1014, 1 },
    { "\xe3\x81\x8b\xe3\x81\x8c\xe3\x81\x8f\xe3\x81\x8b\xe3\x81\x84",   1015, 1 },
    { "\xe3\x81\x8b\xe3\x81\x8c\xe3\x81\x8f\xe3\x81\x8e\xe3\x81\x98\xe3\x82\x85\xe3\x81\xa4",   1016, 1 },
    { "\xe3\x81\x8b\xe3\x81\x8c\xe3\x81\xbf",   1017, 1 },
    { "\xe3\x81\x8b\xe3\x81\x8d",   1018, 5 },
    { "\xe3\x81\x8b\xe3\x81\x8d\xe3\x81\x8a\xe3\x81\x8d",   1023, 1 },
    { "\xe3\x81\x8b\xe3\x81\x8d\xe3\x82\x93",   1024, 1 },
    { "\xe3\x81\x8b\xe3\x81\x8e",   1025, 2 },
    { "\xe3\x81\x8b\xe3\x81\x8e\xe3\x82\x8a",   1027, 1 },
    { "\xe3\x81\x8b\xe3\x81\x8f",   1028, 8 },
    { "\xe3\x81\x8b\xe3\x81\x8f\xe3\x81\x84",   1036, 1 },
    { "\xe3\x81\x8b\xe3\x81\x8f\xe3\x81\x88\xe3\x81\x84",   1037, 1 },
    { "\xe3\x81\x8b\xe3\x81\x8f\xe3\x81\x8e\xe3\x82\x87\xe3\x81\x86",   1038, 1 },
    { "\xe3\x81\x8b\xe3\x81\x8f\xe3\x81\x94",   1039, 1 },
    { "\xe3\x81\x8b\xe3\x81\x8f\xe3\x81\x97\xe3\x82\x83",   1040, 1 },
    { "\xe3\x81\x8b\xe3\x81\x8f\xe3\x81\x97\xe3\x82\x85",   1041, 1 },
    { "\xe3\x81\x8b\xe3\x81\x8f\xe3\x81\x97\xe3\x82\x93",   1042, 1 },
    { "\xe3\x81\x8b\xe3\x81\x8f\xe3\x81\x98",   1043, 1 },
    { "\xe3\x81\x8b\xe3\x81\x8f\xe3\x81\x98\xe3\x81\xa4",   1044, 1 },
    { "\xe3\x81\x8b\xe3\x81\x8f\xe3\x81\x98\xe3\x82\x93",   1045, 1 },
    { "\xe3\x81\x8b\xe3\x81\x8f\xe3\x81\x99\xe3\x81\x86",   1046, 1 },
    { "\xe3\x81\x8b\xe3\x81\x8f\xe3\x81\xa0\xe3\x81\x84",   1047, 1 },
    { "\xe3\x81\x8b\xe3\x81\x8f\xe3\x81\xa1\xe3\x82\x87\xe3\x81\x86",   1048, 2 },
    { "\xe3\x81\x8b\xe3\x81\x8f\xe3\x81\xa1\xe3\x82\x87\xe3\x81\x86\xe3\x81\x97",   1050, 1 },
    { "\xe3\x81\x8b\xe3\x81\x8f\xe3\x81\xa1\xe3\x82\x87\xe3\x81\x86\xe3\x81\x9b\xe3\x81\x84",   1051, 1 },
    { "\xe3\x81\x8b\xe3\x81\x8f\xe3\x81\xa6\xe3\x81\x84",   1052, 1 },
    { "\xe3\x81\x8b\xe3\x81\x8f\xe3\x81\xa6\xe3\x81\x84\xe3\x81\xa6\xe3\x81\x8d",   1053, 1 },
    { "\xe3\x81\x8b\xe3\x81\x8f\xe3\x81\xa8\xe3\x81\x8f",   1054, 1 },
    { "\xe3\x81\x8b\xe3\x81\x8f\xe3\x81\xa9",   1055, 1 },
    { "\xe3\x81\x8b\xe3\x81\x8f\xe3\x81\xab\xe3\x82\x93",   1056, 1 },
    { "\xe3\x81\x8b\xe3\x81\x8f\xe3\x81\xae\xe3\x81\x86",   1057, 1 },
    { "\xe3\x81\x8b\xe3\x81\x8f\xe3\x81\xbb",   1058, 1 },
    { "\xe3\x81\x8b\xe3\x81\x8f\xe3\x82\x89\xe3\x82\x93",   1059, 1 },
    { "\xe3\x81\x8b\xe3\x81\x8f\xe3\x82\x8a\xe3\x81\xa4",   1060, 2 },
    { "\xe3\x81\x8b\xe3\x81\x90\xe3\x82\x89",   1062, 1 },
    { "\xe3\x81\x8b\xe3\x81\x91",   1063, 1 },
    { "\xe3\x81\x8b\xe3\x81\x91\xe3\x81\xb2",   1064, 1 },
    { "\xe3\x81\x8b\xe3\x81\x91\xe3\x82\x93\xe3\x81\xb2",   1065, 1 },
    { "\xe3\x81\x8b\xe3\x81\x92",   1066, 2 },
    { "\xe3\x81\x8b\xe3\x81\x92\xe3\x81\x8d",   1068, 1 },
    { "\xe3\x81\x8b\xe3\x81\x92\xe3\x81\xa4",   1069, 2 },
    { "\xe3\x81\x8b\xe3\x81\x92\xe3\x82\x93",   1071, 1 },
    { "\xe3\x81\x8b\xe3\x81\x93",   1072, 1 },
    { "\xe3\x81\x8b\xe3\x81\x93\xe3\x81\x86",   1073, 1 },
    { "\xe3\x81\x8b\xe3\x81\x94",   1074, 1 },
    { "\xe3\x81\x8b\xe3\x81\x94\xe3\x81\x97\xe3\x81\xbe",   1075, 1 },
    { "\xe3\x81\x8b\xe3\x81\x95",   1076, 2 },
    { "\xe3\x81\x8b\xe3\x81\x95\xe3\x81\x84",   1078, 2 },
    { "\xe3\x81\x8b\xe3\x81\x95\xe3\x81\xbe",   1080, 1 },
    { "\xe3\x81\x8b\xe3\x81\x95\xe3\x82\x93",   1081, 1 },
    { "\xe3\x81\x8b\xe3\x81\x96",   1082, 1 },
    { "\xe3\x81\x8b\xe3\x81\x96\xe3\x82\x93",   1083, 1 },
    { "\xe3\x81\x8b\xe3\x81\x97",   1084, 5 },
    { "\xe3\x81\x8b\xe3\x81\x97\xe3\x81\xa4",   1089, 1 },
    { "\xe3\x81\x8b\xe3\x81\x97\xe3\x82\x85",   1090, 1 },
    { "\xe3\x81\x8b\xe3\x81\x97\xe3\x82\x87",   1091, 2 },
    { "\xe3\x81\x8b\xe3\x81\x97\xe3\x82\x89",   1093, 1 },
    { "\xe3\x81\x8b\xe3\x81\x97\xe3\x82\x8f",   1094, 2 },
    { "\xe3\x81\x8b\xe3\x81\x97\xe3\x82\x8f\xe3\x81\x8e",   1096, 1 },
    { "\xe3\x81\x8b\xe3\x81\x98",   1097, 1 },
    { "\xe3\x81\x8b\xe3\x81\x98\xe3\x81\x86\xe3\x82\x89",   1098, 1 },
    { "\xe3\x81\x8b\xe3\x81\x98\xe3\x81\x8b",   1099, 1 },
    { "\xe3\x81\x8b\xe3\x81\x98\xe3\x82\x87\xe3\x81\x86",   1100, 1 },
    { "\xe3\x81\x8b\xe3\x81\x99\xe3\x81\x8c",   1101, 1 },
    { "\xe3\x81\x8b\xe3\x81\x99\xe3\x81\xbf",   1102, 1 },
    { "\xe3\x81\x8b\xe3\x81\x9a",   1103, 4 },
    { "\xe3\x81\x8b\xe3\x81\x9a\xe3\x81\xb2\xe3\x82\x8d",   1107, 1 },
    { "\xe3\x81\x8b\xe3\x81\x9a\xe3\x81\xbe\xe3\x81\x95",   1108, 1 },
    { "\xe3\x81\x8b\xe3\x81\x9a\xe3\x82\x88\xe3\x81\x97",   1109, 2 },
    { "\xe3\x81\x8b\xe3\x81\x9b\xe3\x81\x84",   1111, 2 },
    { "\xe3\x81\x8b\xe3\x81\x9b\xe3\x81\xa4",   1113, 1 },
    { "\xe3\x81\x8b\xe3\x81\x9b\xe3\x82\x93",   1114, 1 },
    { "\xe3\x81\x8b\xe3\x81\x9c",   1115, 2 },
    { "\xe3\x81\x8b\xe3\x81\x9d\xe3\x81\x86",   1117, 1 },
    { "\xe3\x81\x8b\xe3\x81\x9d\xe3\x81\x86\xe3\x81\x8d\xe3\x81\x8a\xe3\x81\x8f",   1118, 1 },
    { "\xe3\x81\x8b\xe3\x81\x9d\xe3\x81\x86\xe3\x81\xa6\xe3\x81\x8d",   1119, 1 },
    { "\xe3\x81\x8b\xe3\x81\x9e\xe3\x81\x8f",   1120, 1 },
    { "\xe3\x81\x8b\xe3\x81\x9f",   1121, 6 },
    { "\xe3\x81\x8b\xe3\x81\x9f\xe3\x81\x84",   1127, 1 },
    { "\xe3\x81\x8b\xe3\x81\x9f\xe3\x81\x8b\xe3\x81\xaa",   1128, 1 },
    { "\xe3\x81\x8b\xe3\x81\x9f\xe3\x81\x8c\xe3\x81\x9f",   1129, 1 },
    { "\xe3\x81\x8b\xe3\x81\x9f\xe3\x81\x8d",   1130, 1 },
    { "\xe3\x81\x8b\xe3\x81\x9f\xe3\x81\x99\xe3\x81\x84\xe3\x82\x8d\xe3\x82\x93",   1131, 1 },
    { "\xe3\x81\x8b\xe3\x81\x9f\xe3\x81\x9f\xe3\x81\x84\xe3\x81\x91\xe3\x81\x84",   1132, 1 },
    { "\xe3\x81\x8b\xe3\x81\x9f\xe3\x81\xa1",   1133, 1 },
    { "\xe3\x81\x8b\xe3\x81\x9f\xe3\x81\xa6",   1134, 1 },
    { "\xe3\x81\x8b\xe3\x81\x9f\xe3\x81\xaa",   1135, 1 },
    { "\xe3\x81\x8b\xe3\x81\x9f\xe3\x81\xaf\xe3\x81\xb0",   1136, 1 },
    { "\xe3\x81\x8b\xe3\x81\x9f\xe3\x81\xb2\xe3\x82\x89",   1137, 1 },
    { "\xe3\x81\x8b\xe3\x81\x9f\xe3\x81\xbb\xe3\x81\x86",   1138, 1 },
    { "\xe3\x81\x8b\xe3\x81\x9f\xe3\x81\xbe\xe3\x82\x8a",   1139, 1 },
    { "\xe3\x81\x8b\xe3\x81\x9f\xe3\x82\x81\xe3\x82\x93",   1140, 1 },
    { "\xe3\x81\x8b\xe3\x81\x9f\xe3\x82\x84\xe3\x81\xbe",   1141, 1 },
    { "\xe3\x81\x8b\xe3\x81\x9f\xe3\x82\x8a\xe3\x82\x8d\xe3\x82\x93",   1142, 1 },
    { "\xe3\x81\x8b\xe3\x81\xa0\xe3\x81\x84",   1143, 1 },
    { "\xe3\x81\x8b\xe3\x81\xa1",   1144, 1 },
    { "\xe3\x81\x8b\xe3\x81\xa1\xe3\x81\xa9\xe3\x81\x8d",   1145, 1 },
    { "\xe3\x81\x8b\xe3\x81\xa1\xe3\x82\x87\xe3\x81\x86",   1146, 1 },
    { "\xe3\x81\x8b\xe3\x81\xa3",   1147, 1 },
    { "\xe3\x81\x8b\xe3\x81\xa3\xe3\x81\x8b",   1148, 1 },
    { "\xe3\x81\x8b\xe3\x81\xa3\xe3\x81\x8d\xe3\x81\xa6\xe3\x81\x8d",   1149, 1 },
    { "\xe3\x81\x8b\xe3\x81\xa3\xe3\x81\x93",   1150, 8 },
    { "\xe3\x81\x8b\xe3\x81\xa3\xe3\x81\x93\xe3\x81\x86",   1158, 1 },
    { "\xe3\x81\x8b\xe3\x81\xa3\xe3\x81\xa6",   1159, 1 },
    { "\xe3\x81\x8b\xe3\x81\xa3\xe3\x81\xb1\xe3\x81\xa4",   1160, 1 },
    { "\xe3\x81\x8b\xe3\x81\xa4",   1161, 8 },
    { "\xe3\x81\x8b\xe3\x81\xa4\xe3\x81\x8a",   1169, 1 },
    { "\xe3\x81\x8b\xe3\x81\xa4\xe3\x81\x97",   1170, 1 },
    { "\xe3\x81\x8b\xe3\x81\xa4\xe3\x81\x98",   1171, 1 },
    { "\xe3\x81\x8b\xe3\x81\xa4\xe3\x81\xa9\xe3\x81\x86",   1172, 1 },
    { "\xe3\x81\x8b\xe3\x81\xa4\xe3\x82\x84\xe3\x81\x8f",   1173, 1 },
    { "\xe3\x81\x8b\xe3\x81\xa4\xe3\x82\x84\xe3\x81\xbe",   1174, 1 },
    { "\xe3\x81\x8b\xe3\x81\xa4\xe3\x82\x88\xe3\x81\x86",   1175, 1 },
    { "\xe3\x81\x8b\xe3\x81\xa6",   1176, 1 },
    { "\xe3\x81\x8b\xe3\x81\xa6\xe3\x81\x84",   1177, 4 },
    { "\xe3\x81\x8b\xe3\x81\xa6\xe3\x81\x84\xe3\x81\x8b\xe3\x82\x93\xe3\x81\x8d\xe3\x82\x87\xe3\x81\x86",   1181, 1 },
    { "\xe3\x81\x8b\xe3\x81\xa6\xe3\x81\x84\xe3\x81\xa1\xe3\x82\x87\xe3\x81\x86\xe3\x81\x95",   1182, 1 },
    { "\xe3\x81\x8b\xe3\x81\xa8\xe3\x81\x86",   1183, 1 },
    { "\xe3\x81\x8b\xe3\x81\xa8\xe3\x81\x8d",   1184, 1 },
    { "\xe3\x81\x8b\xe3\x81\xa9",   1185, 7 },
    { "\xe3\x81\x8b\xe3\x81\xa9\xe3\x81\x86",   1192, 2 },
    { "\xe3\x81\x8b\xe3\x81\xa9\xe3\x81\x8f",   1194, 1 },
    { "\xe3\x81\x8b\xe3\x81\xa9\xe3\x81\x8f\xe3\x81\x9b\xe3\x81\x84",   1195, 1 },
    { "\xe3\x81\x8b\xe3\x81\xa9\xe3\x81\x9f",   1196, 1 },
    { "\xe3\x81\x8b\xe3\x81\xa9\xe3\x81\xbe\xe3\x81\xa4",   1197, 1 },
    { "\xe3\x81\x8b\xe3\x81\xaa",   1198, 2 },
    { "\xe3\x81\x8b\xe3\x81\xaa\xe3\x81\x8b\xe3\x82\x93\xe3\x81\x98",   1200, 1 },
    { "\xe3\x81\x8b\xe3\x81\xaa\xe3\x81\x8c\xe3\x82\x8f",   1201, 1 },
    { "\xe3\x81\x8b\xe3\x81\xaa\xe3\x81\x96\xe3\x82\x8f",   1202, 1 },
    { "\xe3\x81\x8b\xe3\x81\xaa\xe3\x82\x81",   1203, 1 },
    { "\xe3\x81\x8b\xe3\x81\xaa\xe3\x82\x82\xe3\x82\x8a",   1204, 1 },
    { "\xe3\x81\x8b\xe3\x81\xab\xe3\x82\x85\xe3\x81\x86",   1205, 1 },
    { "\xe3\x81\x8b\xe3\x81\xad",   1206, 2 },
    { "\xe3\x81\x8b\xe3\x81\xad\xe3\x81\x93",   1208, 1 },
    { "\xe3\x81\x8b\xe3\x81\xad\xe3\x81\xa4",   1209, 1 },
    { "\xe3\x81\x8b\xe3\x81\xae",   1210, 1 },
    { "\xe3\x81\x8b\xe3\x81\xae\xe3\x81\x86",   1211, 1 },
    { "\xe3\x81\x8b\xe3\x81\xae\xe3\x81\x86\xe3\x81\x9b\xe3\x81\x84",   1212, 1 },
    { "\xe3\x81\x8b\xe3\x81\xae\xe3\x81\x98\xe3\x82\x87",   1213, 1 },
    { "\xe3\x81\x8b\xe3\x81\xae\xe3\x81\x98\xe3\x82\x87\xe3\x81\x98\xe3\x81\x97\xe3\x82\x93",   1214, 1 },
    { "\xe3\x81\x8b\xe3\x81\xb0",   1215, 2 },
    { "\xe3\x81\x8b\xe3\x81\xb0\xe3\x82\x93",   1217, 1 },
    { "\xe3\x81\x8b\xe3\x81\xb2\xe3\x81\xa4",   1218, 1 },
    { "\xe3\x81\x8b\xe3\x81\xb3\xe3\x82\x93",   1219, 1 },
    { "\xe3\x81\x8b\xe3\x81\xb5\xe3\x82\x93\xe3\x81\x97\xe3\x82\x87\xe3\x81\x86",   1220, 1 },
    { "\xe3\x81\x8b\xe3\x81\xb6",   1221, 3 },
    { "\xe3\x81\x8b\xe3\x81\xb6\xe3\x81\x97\xe3\x81\x8d",   1224, 1 },
    { "\xe3\x81\x8b\xe3\x81\xb6\xe3\x81\x97\xe3\x81\x8d\xe3\x81\x8b\xe3\x81\x84\xe3\x81\x97\xe3\x82\x83",   1225, 1 },
    { "\xe3\x81\x8b\xe3\x81\xb6\xe3\x81\x97\xe3\x81\x8d\xe3\x81\x8c\xe3\x81\x84\xe3\x81\x97\xe3\x82\x83",   1226, 1 },
    { "\xe3\x81\x8b\xe3\x81\xb6\xe3\x81\x9d\xe3\x81\x97\xe3\x81\x8d",   1227, 1 },
    { "\xe3\x81\x8b\xe3\x81\xb6\xe3\x81\xa8",   1228, 2 },
    { "\xe3\x81\x8b\xe3\x81\xb9",   1230, 1 },
    { "\xe3\x81\x8b\xe3\x81\xbe",   1231, 5 },
    { "\xe3\x81\x8b\xe3\x81\xbe\xe3\x81\x84\xe3\x81\x97",   1236, 1 },
    { "\xe3\x81\x8b\xe3\x81\xbe\xe3\x81\x8f\xe3\x82\x89",   1237, 1 },
    { "\xe3\x81\x8b\xe3\x81\xbe\xe3\x81\x9f",   1238, 2 },
    { "\xe3\x81\x8b\xe3\x81\xbe\xe3\x81\xa9",   1240, 1 },
    { "\xe3\x81\x8b\xe3\x81\xbf",   1241, 4 },
    { "\xe3\x81\x8b\xe3\x81\xbf\xe3\x81\x99\xe3\x81\x8e",   1245, 1 },
    { "\xe3\x81\x8b\xe3\x81\xbf\xe3\x81\xaa\xe3\x82\x8a",   1246, 1 },
    { "\xe3\x81\x8b\xe3\x81\xbf\xe3\x82\x80\xe3\x82\x89",   1247, 1 },
    { "\xe3\x81\x8b\xe3\x81\xbf\xe3\x82\x84",   1248, 1 },
    { "\xe3\x81\x8b\xe3\x82\x81",   1249, 1 },
    { "\xe3\x81\x8b\xe3\x82\x81\xe3\x81\x84",   1250, 2 },
    { "\xe3\x81\x8b\xe3\x82\x81\xe3\x82\x84\xe3\x81\xbe",   1252, 1 },
    { "\xe3\x81\x8b\xe3\x82\x81\xe3\x82\x93",   1253, 1 },
    { "\xe3\x81\x8b\xe3\x82\x82",   1254, 1 },
    { "\xe3\x81\x8b\xe3\x82\x82\xe3\x81\x8f",   1255, 1 },
    { "\xe3\x81\x8b\xe3\x82\x84",   1256, 3 },
    { "\xe3\x81\x8b\xe3\x82\x86",   1259, 1 },
    { "\xe3\x81\x8b\xe3\x82\x88\xe3\x81\x86",   1260, 1 },
    { "\xe3\x81\x8b\xe3\x82\x88\xe3\x81\x86\xe3\x81\xb3",   1261, 1 },
    { "\xe3\x81\x8b\xe3\x82\x89",   1262, 5 },
    { "\xe3\x81\x8b\xe3\x82\x89\xe3\x81\xa0",   1267, 2 },
    { "\xe3\x81\x8b\xe3\x82\x8a",   1269, 3 },
    { "\xe3\x81\x8b\xe3\x82\x8a\xe3\x81\x86\xe3\x81\xa9",   1272, 1 },
    { "\xe3\x81\x8b\xe3\x82\x8a\xe3\x82\x85\xe3\x81\x86",   1273, 1 },
    { "\xe3\x81\x8b\xe3\x82\x8a\xe3\x82\x87\xe3\x81\x8f",   1274, 1 },
    { "\xe3\x81\x8b\xe3\x82\x8c",   1275, 1 },
    { "\xe3\x81\x8b\xe3\x82\x8c\xe3\x82\x89",   1276, 1 },
    { "\xe3\x81\x8b\xe3\x82\x8f",   1277, 5 },
    { "\xe3\x81\x8b\xe3\x82\x8f\xe3\x81\x84",   1282, 1 },
    { "\xe3\x81\x8b\xe3\x82\x8f\xe3\x81\x86\xe3\x81\xa1",   1283, 1 },
    { "\xe3\x81\x8b\xe3\x82\x8f\xe3\x81\x8b\xe3\x81\xbf",   1284, 1 },
    { "\xe3\x81\x8b\xe3\x82\x8f\xe3\x81\x94\xe3\x81\x88",   1285, 1 },
    { "\xe3\x81\x8b\xe3\x82\x8f\xe3\x81\x95\xe3\x81\x8d",   1286, 1 },
    { "\xe3\x81\x8b\xe3\x82\x8f\xe3\x81\x97\xe3\x81\xbe",   1287, 1 },
    { "\xe3\x81\x8b\xe3\x82\x8f\xe3\x81\x9e\xe3\x81\x88",   1288, 1 },
    { "\xe3\x81\x8b\xe3\x82\x8f\xe3\x81\x9f\xe3\x81\xb3",   1289, 1 },
    { "\xe3\x81\x8b\xe3\x82\x8f\xe3\x81\xa0",   1290, 1 },
    { "\xe3\x81\x8b\xe3\x82\x8f\xe3\x81\xa1\xe3\x82\x84",   1291, 1 },
    { "\xe3\x81\x8b\xe3\x82\x8f\xe3\x81\xaf\xe3\x82\x89",   1292, 1 },
    { "\xe3\x81\x8b\xe3\x82\x8f\xe3\x81\xbe\xe3\x81\x9f",   1293, 1 },
    { "\xe3\x81\x8b\xe3\x82\x8f\xe3\x82\x89",   1294, 2 },
    { "\xe3\x81\x8b\xe3\x82\x93",   1296, 8 },
    { "\xe3\x81\x8b\xe3\x82\x93\xe3\x81\x84",   1304, 1 },
    { "\xe3\x81\x8b\xe3\x82\x93\xe3\x81\x8b\xe3\x81\x8f",   1305, 2 },
    { "\xe3\x81\x8b\xe3\x82\x93\xe3\x81\x8b\xe3\x81\xa4",   1307, 1 },
    { "\xe3\x81\x8b\xe3\x82\x93\xe3\x81\x8c\xe3\x81\x88",   1308, 1 },
    { "\xe3\x81\x8b\xe3\x82\x93\xe3\x81\x8d\xe3\x82\x87\xe3\x81\x86",   1309, 1 },
    { "\xe3\x81\x8b\xe3\x82\x93\xe3\x81\x91\xe3\x81\x84",   1310, 1 },
    { "\xe3\x81\x8b\xe3\x82\x93\xe3\x81\x91\xe3\x81\x84\xe3\x81\x97\xe3\x82\x83",   1311, 1 },
    { "\xe3\x81\x8b\xe3\x82\x93\xe3\x81\x91\xe3\x81\x84\xe3\x81\x9b\xe3\x81\xa4",   1312, 1 },
    { "\xe3\x81\x8b\xe3\x82\x93\xe3\x81\x91\xe3\x81\xa4",   1313, 3 },
    { "\xe3\x81\x8b\xe3\x82\x93\xe3\x81\x91\xe3\x81\xa4\xe3\x81\x8b",   1316, 1 },
    { "\xe3\x81\x8b\xe3\x82\x93\xe3\x81\x92\xe3\x81\x84",   1317, 1 },
    { "\xe3\x81\x8b\xe3\x82\x93\xe3\x81\x92\xe3\x81\x8d",   1318, 1 },
    { "\xe3\x81\x8b\xe3\x82\x93\xe3\x81\x92\xe3\x82\x93",   1319, 1 },
    { "\xe3\x81\x8b\xe3\x82\x93\xe3\x81\x93\xe3\x81\x86",   1320, 3 },
    { "\xe3\x81\x8b\xe3\x82\x93\xe3\x81\x93\xe3\x81\x8f",   1323, 1 },
    { "\xe3\x81\x8b\xe3\x82\x93\xe3\x81\x95\xe3\x81\x84",   1324, 1 },
    { "\xe3\x81\x8b\xe3\x82\x93\xe3\x81\x95\xe3\x81\x84\xe3\x81\xa1\xe3\x81\x8f",   1325, 1 },
    { "\xe3\x81\x8b\xe3\x82\x93\xe3\x81\x95\xe3\x81\x84\xe3\x81\xa1\xe3\x81\xbb\xe3\x81\x86",   1326, 1 },
    { "\xe3\x81\x8b\xe3\x82\x93\xe3\x81\x95\xe3\x81\xa4",   1327, 1 },
    { "\xe3\x81\x8b\xe3\x82\x93\xe3\x81\x97",   1328, 1 },
    { "\xe3\x81\x8b\xe3\x82\x93\xe3\x81\x97\xe3\x82\x83",   1329, 1 },
    { "\xe3\x81\x8b\xe3\x82\x93\xe3\x81\x97\xe3\x82\x85\xe3\x81\x86",   1330, 2 },
    { "\xe3\x81\x8b\xe3\x82\x93\xe3\x81\x97\xe3\x82\x87\xe3\x81\x8f",   1332, 1 },
    { "\xe3\x81\x8b\xe3\x82\x93\xe3\x81\x97\xe3\x82\x93",   1333, 2 },
    { "\xe3\x81\x8b\xe3\x82\x93\xe3\x81\x98",   1335, 2 },
    { "\xe3\x81\x8b\xe3\x82\x93\xe3\x81\x98\xe3\x81\xb8\xe3\x82\x93\xe3\x81\x8b\xe3\x82\x93",   1337, 1 },
    { "\xe3\x81\x8b\xe3\x82\x93\xe3\x81\x98\xe3\x82\x87\xe3\x81\x86",   1338, 2 },
    { "\xe3\x81\x8b\xe3\x82\x93\xe3\x81\x98\xe3\x82\x93",   1340, 1 },
    { "\xe3\x81\x8b\xe3\x82\x93\xe3\x81\x99\xe3\x81\x86",   1341, 1 },
    { "\xe3\x81\x8b\xe3\x82\x93\xe3\x81\x99\xe3\x81\x86\xe3\x81\x8c\xe3\x81\x9f",   1342, 1 },
    { "\xe3\x81\x8b\xe3\x82\x93\xe3\x81\x99\xe3\x81\x86\xe3\x81\x8f\xe3\x81\x86\xe3\x81\x8b\xe3\x82\x93",   1343, 1 },
    { "\xe3\x81\x8b\xe3\x82\x93\xe3\x81\x99\xe3\x81\x86\xe3\x81\xa6\xe3\x81\x8d\xe3\x82\x88\xe3\x81\x86",   1344, 1 },
    { "\xe3\x81\x8b\xe3\x82\x93\xe3\x81\x99\xe3\x81\x86\xe3\x82\x81\xe3\x81\x84",   1345, 1 },
    { "\xe3\x81\x8b\xe3\x82\x93\xe3\x81\x9b\xe3\x81\x84",   1346, 1 },
    { "\xe3\x81\x8b\xe3\x82\x93\xe3\x81\x9b\xe3\x81\xa4",   1347, 2 },
    { "\xe3\x81\x8b\xe3\x82\x93\xe3\x81\x9b\xe3\x81\xa4\xe3\x81\xa6\xe3\x81\x8d",   1349, 1 },
    { "\xe3\x81\x8b\xe3\x82\x93\xe3\x81\x9c\xe3\x82\x93",   1350, 1 },
    { "\xe3\x81\x8b\xe3\x82\x93\xe3\x81\x9d\xe3\x81\x86",   1351, 3 },
    { "\xe3\x81\x8b\xe3\x82\x93\xe3\x81\x9d\xe3\x81\x8f",   1354, 1 },
    { "\xe3\x81\x8b\xe3\x82\x93\xe3\x81\x9d\xe3\x81\x8f\xe3\x81\x98\xe3\x82\x87",   1355, 1 },
    { "\xe3\x81\x8b\xe3\x82\x93\xe3\x81\x9f\xe3\x82\x93",   1356, 1 },
    { "\xe3\x81\x8b\xe3\x82\x93\xe3\x81\x9f\xe3\x82\x93\xe3\x81\x8b",   1357, 1 },
    { "\xe3\x81\x8b\xe3\x82\x93\xe3\x81\xa0",   1358, 1 },
    { "\xe3\x81\x8b\xe3\x82\x93\xe3\x81\xa1",   1359, 2 },
    { "\xe3\x81\x8b\xe3\x82\x93\xe3\x81\xa1\xe3\x82\x87\xe3\x81\x86",   1361, 1 },
    { "\xe3\x81\x8b\xe3\x82\x93\xe3\x81\xa5\xe3\x82\x81",   1362, 1 },
    { "\xe3\x81\x8b\xe3\x82\x93\xe3\x81\xa6\xe3\x82\x93",   1363, 1 },
    { "\xe3\x81\x8b\xe3\x82\x93\xe3\x81\xa8\xe3\x81\x86",   1364, 1 },
    { "\xe3\x81\x8b\xe3\x82\x93\xe3\x81\xa8\xe3\x81\x8f",   1365, 1 },
    { "\xe3\x81\x8b\xe3\x82\x93\xe3\x81\xa9\xe3\x81\x86",   1366, 1 },
    { "\xe3\x81\x8b\xe3\x82\x93\xe3\x81\xaa\xe3\x81\x84",   1367, 1 },
    { "\xe3\x81\x8b\xe3\x82\x93\xe3\x81\xad\xe3\x82\x93",   1368, 1 },
    { "\xe3\x81\x8b\xe3\x82\x93\xe3\x81\xb0\xe3\x82\x93",   1369, 1 },
    { "\xe3\x81\x8b\xe3\x82\x93\xe3\x81\xb9\xe3\x82\x93",   1370, 2 },
    { "\xe3\x81\x8b\xe3\x82\x93\xe3\x81\xba\xe3\x81\x8d",   1372, 1 },
    { "\xe3\x81\x8b\xe3\x82\x93\xe3\x82\x80\xe3\x82\x8a",   1373, 1 },
    { "\xe3\x81\x8b\xe3\x82\x93\xe3\x82\x84\xe3\x81\x8f",   1374, 2 },
    { "\xe3\x81\x8b\xe3\x82\x93\xe3\x82\x84\xe3\x81\x8f\xe3\x82\x8a\xe3\x81\xa4",   1376, 1 },
    { "\xe3\x81\x8b\xe3\x82\x93\xe3\x82\x88",   1377, 1 },
    { "\xe3\x81\x8b\xe3\x82\x93\xe3\x82\x8a",   1378, 1 },
    { "\xe3\x81\x8b\xe3\x82\x93\xe3\x82\x8a\xe3\x81\x97\xe3\x82\x83",   1379, 1 },
    { "\xe3\x81\x8b\xe3\x82\x93\xe3\x82\x8a\xe3\x81\xab\xe3\x82\x93",   1380, 1 },
    { "\xe3\x81\x8b\xe3\x82\x93\xe3\x82\x8a\xe3\x82\x83\xe3\x81\x8f",   1381, 1 },
    { "\xe3\x81\x8b\xe3\x82\x93\xe3\x82\x8a\xe3\x82\x87\xe3\x81\x86",   1382, 1 },
    { "\xe3\x81\x8b\xe3\x82\x93\xe3\x82\x8c\xe3\x81\x8d",   1383, 1 },
    { "\xe3\x81\x8b\xe3\x82\x93\xe3\x82\x8c\xe3\x82\x93",   1384, 1 },
    { "\xe3\x81\x8b\xe3\x82\x93\xe3\x82\x8f\xe3\x81\x8d\xe3\x82\x85\xe3\x81\x86\xe3\x81\xa0\xe3\x81\x84",   1385, 1 },
    { "\xe3\x81\x8c",   1386, 8 },
    { "\xe3\x81\x8c\xe3\x81\x84",   1394, 8 },
    { "\xe3\x81\x8c\xe3\x81\x84\xe3\x81\x8b\xe3\x81\x84",   1402, 1 },
    { "\xe3\x81\x8c\xe3\x81\x84\xe3\x81\x8b\xe3\x82\x93",   1403, 1 },
    { "\xe3\x81\x8c\xe3\x81\x84\xe3\x81\x93\xe3\x81\x8f",   1404, 1 },
    { "\xe3\x81\x8c\xe3\x81\x84\xe3\x81\x93\xe3\x81\x8f\xe3\x81\x94",   1405, 1 },
    { "\xe3\x81\x8c\xe3\x81\x84\xe3\x81\x93\xe3\x81\x8f\xe3\x81\x98\xe3\x82\x93",   1406, 1 },
    { "\xe3\x81\x8c\xe3\x81\x84\xe3\x81\x97\xe3\x82\x83",   1407, 2 },
    { "\xe3\x81\x8c\xe3\x81\x84\xe3\x81\x97\xe3\x82\x85\xe3\x81\xa4",   1409, 1 },
    { "\xe3\x81\x8c\xe3\x81\x84\xe3\x81\x97\xe3\x82\x87\xe3\x81\x86",   1410, 1 },
    { "\xe3\x81\x8c\xe3\x81\x84\xe3\x81\x98",   1411, 1 },
    { "\xe3\x81\x8c\xe3\x81\x84\xe3\x81\x98\xe3\x82\x93",   1412, 1 },
    { "\xe3\x81\x8c\xe3\x81\x84\xe3\x81\x9b\xe3\x81\xa4",   1413, 1 },
    { "\xe3\x81\x8c\xe3\x81\x84\xe3\x81\x9b\xe3\x81\xa4\xe3\x81\xbb\xe3\x81\x86",   1414, 1 },
    { "\xe3\x81\x8c\xe3\x81\x84\xe3\x81\x9b\xe3\x82\x93",   1415, 1 },
    { "\xe3\x81\x8c\xe3\x81\x84\xe3\x81\xa6\xe3\x81\x8d",   1416, 1 },
    { "\xe3\x81\x8c\xe3\x81\x84\xe3\x81\xa8\xe3\x81\x86",   1417, 2 },
    { "\xe3\x81\x8c\xe3\x81\x84\xe3\x81\xad\xe3\x82\x93",   1419, 1 },
    { "\xe3\x81\x8c\xe3\x81\x84\xe3\x81\xad\xe3\x82\x93\xe3\x81\xa6\xe3\x81\x8d",   1420, 1 },
    { "\xe3\x81\x8c\xe3\x81\x84\xe3\x81\xb6",   1421, 1 },
    { "\xe3\x81\x8c\xe3\x81\x84\xe3\x82\x88\xe3\x81\x86",   1422, 1 },
    { "\xe3\x81\x8c\xe3\x81\x84\xe3\x82\x8a\xe3\x82\x83\xe3\x81\x8f",   1423, 1 },
    { "\xe3\x81\x8c\xe3\x81\x84\xe3\x82\x8d",   1424, 1 },
    { "\xe3\x81\x8c\xe3\x81\x84\xe3\x82\x8d\xe3\x81\x98\xe3\x82\x85",   1425, 1 },
    { "\xe3\x81\x8c\xe3\x81\x8b",   1426, 1 },
    { "\xe3\x81\x8c\xe3\x81\x8d",   1427, 1 },
    { "\xe3\x81\x8c\xe3\x81\x8f",   1428, 6 },
    { "\xe3\x81\x8c\xe3\x81\x8f\xe3\x81\x84",   1434, 1 },
    { "\xe3\x81\x8c\xe3\x81\x8f\xe3\x81\x84\xe3\x82\x93",   1435, 1 },
    { "\xe3\x81\x8c\xe3\x81\x8f\xe3\x81\x88\xe3\x82\x93",   1436, 1 },
    { "\xe3\x81\x8c\xe3\x81\x8f\xe3\x81\x8c\xe3\x81\x84",   1437, 1 },
    { "\xe3\x81\x8c\xe3\x81\x8f\xe3\x81\x8e\xe3\x82\x87\xe3\x81\x86",   1438, 1 },
    { "\xe3\x81\x8c\xe3\x81\x8f\xe3\x81\x97",   1439, 1 },
    { "\xe3\x81\x8c\xe3\x81\x8f\xe3\x81\x97\xe3\x82\x83",   1440, 1 },
    { "\xe3\x81\x8c\xe3\x81\x8f\xe3\x81\x97\xe3\x82\x85\xe3\x81\x86",   1441, 1 },
    { "\xe3\x81\x8c\xe3\x81\x8f\xe3\x81\x97\xe3\x82\x85\xe3\x81\x86\xe3\x81\x84\xe3\x82\x93",   1442, 1 },
    { "\xe3\x81\x8c\xe3\x81\x8f\xe3\x81\x97\xe3\x82\x87\xe3\x81\x86",   1443, 1 },
    { "\xe3\x81\x8c\xe3\x81\x8f\xe3\x81\x97\xe3\x82\x93",   1444, 1 },
    { "\xe3\x81\x8c\xe3\x81\x8f\xe3\x81\x98\xe3\x82\x85\xe3\x81\xa4",   1445, 1 },
    { "\xe3\x81\x8c\xe3\x81\x8f\xe3\x81\x98\xe3\x82\x87\xe3\x81\x86\xe3\x82\x82\xe3\x81\x86",   1446, 1 },
    { "\xe3\x81\x8c\xe3\x81\x8f\xe3\x81\x9b\xe3\x81\x84",   1447, 1 },
    { "\xe3\x81\x8c\xe3\x81\x8f\xe3\x81\x9b\xe3\x81\x84\xe3\x81\xb5\xe3\x81\x8f",   1448, 1 },
    { "\xe3\x81\x8c\xe3\x81\x8f\xe3\x81\xa0\xe3\x82\x93",   1449, 1 },
    { "\xe3\x81\x8c\xe3\x81\x8f\xe3\x81\xa1\xe3\x82\x87\xe3\x81\x86",   1450, 1 },
    { "\xe3\x81\x8c\xe3\x81\x8f\xe3\x81\xaa\xe3\x81\x84",   1451, 1 },
    { "\xe3\x81\x8c\xe3\x81\x8f\xe3\x81\xaa\xe3\x81\x84\xe3\x81\xb3\xe3\x82\x93",   1452, 1 },
    { "\xe3\x81\x8c\xe3\x81\x8f\xe3\x81\xad\xe3\x82\x93",   1453, 1 },
    { "\xe3\x81\x8c\xe3\x81\x8f\xe3\x81\xb5",   1454, 1 },
    { "\xe3\x81\x8c\xe3\x81\x8f\xe3\x81\xb6",   1455, 1 },
    { "\xe3\x81\x8c\xe3\x81\x8f\xe3\x81\xbb\xe3\x81\x86",   1456, 1 },
    { "\xe3\x81\x8c\xe3\x81\x8f\xe3\x82\x8c\xe3\x81\x8d",   1457, 1 },
    { "\xe3\x81\x8c\xe3\x81\x8f\xe3\x82\x8f\xe3\x82\x8a",   1458, 1 },
    { "\xe3\x81\x8c\xe3\x81\x97",   1459, 1 },
    { "\xe3\x81\x8c\xe3\x81\x9d",   1460, 1 },
    { "\xe3\x81\x8c\xe3\x81\x9d\xe3\x81\x8b\xe3\x82\x93",   1461, 1 },
    { "\xe3\x81\x8c\xe3\x81\x9d\xe3\x81\x94\xe3\x81\xa8",   1462, 1 },
    { "\xe3\x81\x8c\xe3\x81\x9e\xe3\x81\x86",   1463, 1 },
    { "\xe3\x81\x8c\xe3\x81\x9e\xe3\x81\x86\xe3\x81\x97\xe3\x82\x87\xe3\x82\x8a",   1464, 1 },
    { "\xe3\x81\x8c\xe3\x81\x9e\xe3\x81\x86\xe3\x81\x98\xe3\x82\x87\xe3\x81\x86\xe3\x81\xbb\xe3\x81\x86",   1465, 1 },
    { "\xe3\x81\x8c\xe3\x81\x9f",   1466, 3 },
    { "\xe3\x81\x8c\xe3\x81\xa3",   1469, 1 },
    { "\xe3\x81\x8c\xe3\x81\xa3\xe3\x81\x8b",   1470, 1 },
    { "\xe3\x81\x8c\xe3\x81\xa3\xe3\x81\x8b\xe3\x81\x84",   1471, 1 },
    { "\xe3\x81\x8c\xe3\x81\xa3\xe3\x81\x8b\xe3\x81\x84\xe3\x81\x97",   1472, 1 },
    { "\xe3\x81\x8c\xe3\x81\xa3\xe3\x81\x8d",   1473, 2 },
    { "\xe3\x81\x8c\xe3\x81\xa3\xe3\x81\x93\xe3\x81\x86",   1475, 1 },
    { "\xe3\x81\x8c\xe3\x81\xa3\xe3\x81\x93\xe3\x81\x86\xe3\x81\x8d\xe3\x82\x87\xe3\x81\x86\xe3\x81\x97",   1476, 1 },
    { "\xe3\x81\x8c\xe3\x81\xa3\xe3\x81\x93\xe3\x81\x86\xe3\x81\x9f\xe3\x82\x93\xe3\x81\x84",   1477, 1 },
    { "\xe3\x81\x8c\xe3\x81\xa3\xe3\x81\x97\xe3\x82\x85\xe3\x81\x8f",   1478, 1 },
    { "\xe3\x81\x8c\xe3\x81\xa3\xe3\x81\x97\xe3\x82\x87\xe3\x81\x86",   1479, 1 },
    { "\xe3\x81\x8c\xe3\x81\xa3\xe3\x81\x9d\xe3\x81\x86",   1480, 1 },
    { "\xe3\x81\x8c\xe3\x81\xa3\xe3\x81\xa1",   1481, 1 },
    { "\xe3\x81\x8c\xe3\x81\xa3\xe3\x81\xb4",   1482, 1 },
    { "\xe3\x81\x8c\xe3\x81\xa4",   1483, 1 },
    { "\xe3\x81\x8c\xe3\x81\xb0\xe3\x82\x93",   1484, 1 },
    { "\xe3\x81\x8c\xe3\x81\xbe\xe3\x82\x93",   1485, 1 },
    { "\xe3\x81\x8c\xe3\x81\xbf",   1486, 1 },
    { "\xe3\x81\x8c\xe3\x82\x81\xe3\x82\x93",   1487, 1 },
    { "\xe3\x81\x8c\xe3\x82\x89",   1488, 1 },
    { "\xe3\x81\x8c\xe3\x82\x89\xe3\x81\x99",   1489, 1 },
    { "\xe3\x81\x8c\xe3\x82\x8a\xe3\x82\x85\xe3\x81\x86",   1490, 1 },
    { "\xe3\x81\x8c\xe3\x82\x8f",   1491, 1 },
    { "\xe3\x81\x8c\xe3\x82\x93",   1492, 8 },
    { "\xe3\x81\x8c\xe3\x82\x93\xe3\x81\x9f\xe3\x82\x93",   1500, 1 },
    { "\xe3\x81\x8d",   1501, 8 },
    { "\xe3\x81\x8d\xe3\x81\x82\xe3\x81\xa4",   1509, 1 },
    { "\xe3\x81\x8d\xe3\x81\x84",   1510, 2 },
    { "\xe3\x81\x8d\xe3\x81\x84\xe3\x82\x8d",   1512, 1 },
    { "\xe3\x81\x8d\xe3\x81\x86\xe3\x81\xa1",   1513, 1 },
    { "\xe3\x81\x8d\xe3\x81\x8a\xe3\x81\x8f",   1514, 1 },
    { "\xe3\x81\x8d\xe3\x81\x8a\xe3\x81\x8f\xe3\x81\x9b\xe3\x82\x93\xe3\x82\x81\xe3\x81\x84",   1515, 1 },
    { "\xe3\x81\x8d\xe3\x81\x8a\xe3\x81\x8f\xe3\x81\x9d\xe3\x81\x86\xe3\x81\xa1",   1516, 1 },
    { "\xe3\x81\x8d\xe3\x81\x8a\xe3\x82\x93",   1517, 1 },
    { "\xe3\x81\x8d\xe3\x81\x8b\xe3\x81\x84",   1518, 2 },
    { "\xe3\x81\x8d\xe3\x81\x8b\xe3\x81\x8f",   1520, 2 },
    { "\xe3\x81\x8d\xe3\x81\x8b\xe3\x81\x8f\xe3\x81\xb6",   1522, 1 },
    { "\xe3\x81\x8d\xe3\x81\x8b\xe3\x82\x93",   1523, 4 },
    { "\xe3\x81\x8d\xe3\x81\x8c\xe3\x81\x8f",   1527, 1 },
    { "\xe3\x81\x8d\xe3\x81\x8c\xe3\x82\x8b",   1528, 1 },
    { "\xe3\x81\x8d\xe3\x81\x8d",   1529, 2 },
    { "\xe3\x81\x8d\xe3\x81\x8d\xe3\x82\x87\xe3\x81\x86",   1531, 1 },
    { "\xe3\x81\x8d\xe3\x81\x8e\xe3\x82\x87\xe3\x81\x86",   1532, 1 },
    { "\xe3\x81\x8d\xe3\x81\x8f",   1533, 3 },
    { "\xe3\x81\x8d\xe3\x81\x8f\xe3\x81\xa1",   1536, 2 },
    { "\xe3\x81\x8d\xe3\x81\x90",   1538, 2 },
    { "\xe3\x81\x8d\xe3\x81\x90\xe3\x81\xa1",   1540, 1 },
    { "\xe3\x81\x8d\xe3\x81\x91\xe3\x81\x84\xe3\x81\x97\xe3\x81\x8d",   1541, 1 },
    { "\xe3\x81\x8d\xe3\x81\x91\xe3\x81\xa4",   1542, 1 },
    { "\xe3\x81\x8d\xe3\x81\x91\xe3\x82\x93",   1543, 2 },
    { "\xe3\x81\x8d\xe3\x81\x91\xe3\x82\x93\xe3\x81\xa9",   1545, 1 },
    { "\xe3\x81\x8d\xe3\x81\x92\xe3\x82\x93",   1546, 2 },
    { "\xe3\x81\x8d\xe3\x81\x93\xe3\x81\x86",   1548, 3 },
    { "\xe3\x81\x8d\xe3\x81\x93\xe3\x81\x86\xe3\x81\x9e\xe3\x81\x86",   1551, 1 },
    { "\xe3\x81\x8d\xe3\x81\x93\xe3\x81\x8f",   1552, 1 },
    { "\xe3\x81\x8d\xe3\x81\x94\xe3\x81\x86",   1553, 8 },
    { "\xe3\x81\x8d\xe3\x81\x94\xe3\x81\x86\xe3\x81\x97\xe3\x82\x87\xe3\x82\x8a",   1561, 1 },
    { "\xe3\x81\x8d\xe3\x81\x94\xe3\x81\x86\xe3\x82\x8c\xe3\x81\xa4",   1562, 1 },
    { "\xe3\x81\x8d\xe3\x81\x94\xe3\x81\x86\xe3\x82\x8d\xe3\x82\x93\xe3\x82\x8a\xe3\x81\x8c\xe3\x81\x8f",   1563, 1 },
    { "\xe3\x81\x8d\xe3\x81\x95\xe3\x81\x84",   1564, 1 },
    { "\xe3\x81\x8d\xe3\x81\x95\xe3\x81\xbe",   1565, 1 },
    { "\xe3\x81\x8d\xe3\x81\x96\xe3\x81\x84",   1566, 1 },
    { "\xe3\x81\x8d\xe3\x81\x97",   1567, 1 },
    { "\xe3\x81\x8d\xe3\x81\x97\xe3\x82\x83",   1568, 1 },
    { "\xe3\x81\x8d\xe3\x81\x97\xe3\x82\x85",   1569, 1 },
    { "\xe3\x81\x8d\xe3\x81\x97\xe3\x82\x87\xe3\x81\x8f",   1570, 1 },
    { "\xe3\x81\x8d\xe3\x81\x98",   1571, 1 },
    { "\xe3\x81\x8d\xe3\x81\x98\xe3\x81\x99\xe3\x81\x86",   1572, 1 },
    { "\xe3\x81\x8d\xe3\x81\x98\xe3\x81\x9b\xe3\x82\x93\xe3\x81\x9f\xe3\x81\x8f",   1573, 1 },
    { "\xe3\x81\x8d\xe3\x81\x98\xe3\x81\xa4",   1574, 1 },
    { "\xe3\x81\x8d\xe3\x81\x98\xe3\x82\x85\xe3\x81\xa4",   1575, 1 },
    { "\xe3\x81\x8d\xe3\x81\x98\xe3\x82\x85\xe3\x82\x93",   1576, 1 },
    { "\xe3\x81\x8d\xe3\x81\x99\xe3\x81\x86",   1577, 1 },
    { "\xe3\x81\x8d\xe3\x81\x9a",   1578, 1 },
    { "\xe3\x81\x8d\xe3\x81\x9b\xe3\x81\x84",   1579, 2 },
    { "\xe3\x81\x8d\xe3\x81\x9b\xe3\x81\x8d",   1581, 1 },
    { "\xe3\x81\x8d\xe3\x81\x9b\xe3\x81\xa4",   1582, 1 },
    { "\xe3\x81\x8d\xe3\x81\x9d",   1583, 2 },
    { "\xe3\x81\x8d\xe3\x81\x9d\xe3\x81\x8f",   1585, 1 },
    { "\xe3\x81\x8d\xe3\x81\x9d\xe3\x81\x91\xe3\x82\x93\xe3\x81\x8d\xe3\x82\x85\xe3\x81\x86",   1586, 1 },
    { "\xe3\x81\x8d\xe3\x81\x9d\xe3\x81\x91\xe3\x82\x93\xe3\x81\x8d\xe3\x82\x85\xe3\x81\x86\xe3\x81\xb6",   1587, 1 },
    { "\xe3\x81\x8d\xe3\x81\x9d\xe3\x82\x8a\xe3\x82\x8d\xe3\x82\x93",   1588, 1 },
    { "\xe3\x81\x8d\xe3\x81\x9d\xe3\x82\x8d\xe3\x82\x93",   1589, 1 },
    { "\xe3\x81\x8d\xe3\x81\x9d\xe3\x82\x93",   1590, 1 },
    { "\xe3\x81\x8d\xe3\x81\x9e\xe3\x81\x8f",   1591, 1 },
    { "\xe3\x81\x8d\xe3\x81\x9e\xe3\x82\x93",   1592, 1 },
    { "\xe3\x81\x8d\xe3\x81\x9f",   1593, 1 },
    { "\xe3\x81\x8d\xe3\x81\x9f\xe3\x81\x84",   1594, 1 },
    { "\xe3\x81\x8d\xe3\x81\x9f\xe3\x81\x8b\xe3\x81\x9c",   1595, 1 },
    { "\xe3\x81\x8d\xe3\x81\x9f\xe3\x81\x8f",   1596, 1 },
    { "\xe3\x81\x8d\xe3\x81\x9f\xe3\x81\xaf\xe3\x82\x89",   1597, 1 },
    { "\xe3\x81\x8d\xe3\x81\x9f\xe3\x82\x80\xe3\x82\x89",   1598, 1 },
    { "\xe3\x81\x8d\xe3\x81\xa1",   1599, 2 },
    { "\xe3\x81\x8d\xe3\x81\xa1\xe3\x82\x83\xe3\x81\x8f",   1601, 1 },
    { "\xe3\x81\x8d\xe3\x81\xa1\xe3\x82\x87\xe3\x81\x86",   1602, 1 },
    { "\xe3\x81\x8d\xe3\x81\xa3\xe3\x81\x95",   1603, 1 },
    { "\xe3\x81\x8d\xe3\x81\xa3\xe3\x81\xa6",   1604, 1 },
    { "\xe3\x81\x8d\xe3\x81\xa3\xe3\x81\xb7",   1605, 1 },
    { "\xe3\x81\x8d\xe3\x81\xa4",   1606, 6 },
    { "\xe3\x81\x8d\xe3\x81\xa6\xe3\x81\x84",   1612, 1 },
    { "\xe3\x81\x8d\xe3\x81\xa9",   1613, 1 },
    { "\xe3\x81\x8d\xe3\x81\xa9\xe3\x81\x86",   1614, 1 },
    { "\xe3\x81\x8d\xe3\x81\xaa\xe3\x81\x8c",   1615, 1 },
    { "\xe3\x81\x8d\xe3\x81\xab\xe3\x82\x85\xe3\x81\x86",   1616, 1 },
    { "\xe3\x81\x8d\xe3\x81\xac",   1617, 1 },
    { "\xe3\x81\x8d\xe3\x81\xac\xe3\x81\x9f",   1618, 1 },
    { "\xe3\x81\x8d\xe3\x81\xad",   1619, 1 },
    { "\xe3\x81\x8d\xe3\x81\xad\xe3\x82\x93",   1620, 1 },
    { "\xe3\x81\x8d\xe3\x81\xad\xe3\x82\x93\xe3\x81\x8b\xe3\x81\x84",   1621, 1 },
    { "\xe3\x81\x8d\xe3\x81\xad\xe3\x82\x93\xe3\x81\xb3",   1622, 1 },
    { "\xe3\x81\x8d\xe3\x81\xae\xe3\x81\x86",   1623, 3 },
    { "\xe3\x81\x8d\xe3\x81\xae\xe3\x81\x86\xe3\x81\x8b\xe3\x82\x93",   1626, 1 },
    { "\xe3\x81\x8d\xe3\x81\xae\xe3\x81\x86\xe3\x81\xa6\xe3\x81\x8d",   1627, 1 },
    { "\xe3\x81\x8d\xe3\x81\xae\xe3\x81\x86\xe3\x81\xa6\xe3\x81\x8d\xe3\x81\xa6\xe3\x81\x84\xe3\x81\x8e",   1628, 1 },
    { "\xe3\x81\x8d\xe3\x81\xae\xe3\x81\x86\xe3\x81\xbb\xe3\x81\x86",   1629, 1 },
    { "\xe3\x81\x8d\xe3\x81\xae\xe3\x81\x97\xe3\x81\x9f",   1630, 1 },
    { "\xe3\x81\x8d\xe3\x81\xb0",   1631, 2 },
    { "\xe3\x81\x8d\xe3\x81\xb0\xe3\x82\x93",   1633, 1 },
    { "\xe3\x81\x8d\xe3\x81\xb3",   1634, 1 },
    { "\xe3\x81\x8d\xe3\x81\xb3\xe3\x81\x8d",   1635, 1 },
    { "\xe3\x81\x8d\xe3\x81\xb5",   1636, 1 },
    { "\xe3\x81\x8d\xe3\x81\xb5\xe3\x81\x8d\xe3\x82\x93",   1637, 1 },
    { "\xe3\x81\x8d\xe3\x81\xb6\xe3\x82\x93",   1638, 1 },
    { "\xe3\x81\x8d\xe3\x81\xbb\xe3\x81\x86",   1639, 1 },
    { "\xe3\x81\x8d\xe3\x81\xbb\xe3\x82\x93",   1640, 1 },
    { "\xe3\x81\x8d\xe3\x81\xbb\xe3\x82\x93\xe3\x81\x8c\xe3\x81\x9f",   1641, 1 },
    { "\xe3\x81\x8d\xe3\x81\xbb\xe3\x82\x93\xe3\x81\x8d\xe3\x81\x94\xe3\x81\x86\xe3\x82\x8c\xe3\x81\xa4",   1642, 1 },
    { "\xe3\x81\x8d\xe3\x81\xbb\xe3\x82\x93\xe3\x81\x8d\xe3\x81\xae\xe3\x81\x86",   1643, 1 },
    { "\xe3\x81\x8d\xe3\x81\xbb\xe3\x82\x93\xe3\x81\x97\xe3\x81\x8d",   1644, 1 },
    { "\xe3\x81\x8d\xe3\x81\xbb\xe3\x82\x93\xe3\x81\xa6\xe3\x81\x8d",   1645, 1 },
    { "\xe3\x81\x8d\xe3\x81\xbc",   1646, 1 },
    { "\xe3\x81\x8d\xe3\x81\xbc\xe3\x81\x86",   1647, 1 },
    { "\xe3\x81\x8d\xe3\x81\xbc\xe3\x81\x86\xe3\x81\x97\xe3\x82\x83",   1648, 1 },
    { "\xe3\x81\x8d\xe3\x81\xbe\xe3\x81\xa4",   1649, 1 },
    { "\xe3\x81\x8d\xe3\x81\xbf",   1650, 2 },
    { "\xe3\x81\x8d\xe3\x81\xbf\xe3\x81\xa8\xe3\x81\x97",   1652, 1 },
    { "\xe3\x81\x8d\xe3\x81\xbf\xe3\x82\x87\xe3\x81\x86",   1653, 1 },
    { "\xe3\x81\x8d\xe3\x82\x80\xe3\x82\x89",   1654, 1 },
    { "\xe3\x81\x8d\xe3\x82\x82",   1655, 1 },
    { "\xe3\x81\x8d\xe3\x82\x82\xe3\x81\xa1",   1656, 1 },
    { "\xe3\x81\x8d\xe3\x82\x83\xe3\x81\x8f",   1657, 3 },
    { "\xe3\x81\x8d\xe3\x82\x83\xe3\x81\x8f\xe3\x81\x84\xe3\x82\x93",   1660, 1 },
    { "\xe3\x81\x8d\xe3\x82\x83\xe3\x81\x8f\xe3\x81\xbb\xe3\x82\x93",   1661, 1 },
    { "\xe3\x81\x8d\xe3\x82\x83\xe3\x81\x97\xe3\x82\x83",   1662, 1 },
    { "\xe3\x81\x8d\xe3\x82\x83\xe3\x81\xa3\xe3\x81\x8b\xe3\x82\x93",   1663, 1 },
    { "\xe3\x81\x8d\xe3\x82\x84\xe3\x81\x8f",   1664, 1 },
    { "\xe3\x81\x8d\xe3\x82\x85\xe3\x81\x86",   1665, 8 },
    { "\xe3\x81\x8d\xe3\x82\x85\xe3\x81\x86\xe3\x81\x84\xe3\x82\x93",   1673, 1 },
    { "\xe3\x81\x8d\xe3\x82\x85\xe3\x81\x86\xe3\x81\x8c\xe3\x81\x9f",   1674, 1 },
    { "\xe3\x81\x8d\xe3\x82\x85\xe3\x81\x86\xe3\x81\x8d\xe3\x82\x85\xe3\x81\x86",   1675, 1 },
    { "\xe3\x81\x8d\xe3\x82\x85\xe3\x81\x86\xe3\x81\x8d\xe3\x82\x85\xe3\x81\x86\xe3\x81\x97\xe3\x82\x83",   1676, 1 },
    { "\xe3\x81\x8d\xe3\x82\x85\xe3\x81\x86\xe3\x81\x8d\xe3\x82\x87\xe3\x81\x8f",   1677, 1 },
    { "\xe3\x81\x8d\xe3\x82\x85\xe3\x81\x86\xe3\x81\x8e\xe3\x82\x87\xe3\x81\x86",   1678, 1 },
    { "\xe3\x81\x8d\xe3\x82\x85\xe3\x81\x86\xe3\x81\x91\xe3\x81\x84",   1679, 1 },
    { "\xe3\x81\x8d\xe3\x82\x85\xe3\x81\x86\xe3\x81\x91\xe3\x81\x84\xe3\x81\x98\xe3\x82\x87",   1680, 1 },
    { "\xe3\x81\x8d\xe3\x82\x85\xe3\x81\x86\xe3\x81\x92\xe3\x81\x8d",   1681, 1 },
    { "\xe3\x81\x8d\xe3\x82\x85\xe3\x81\x86\xe3\x81\x93\xe3\x81\x86",   1682, 2 },
    { "\xe3\x81\x8d\xe3\x82\x85\xe3\x81\x86\xe3\x81\x97",   1684, 1 },
    { "\xe3\x81\x8d\xe3\x82\x85\xe3\x81\x86\xe3\x81\x97\xe3\x82\x85\xe3\x81\x86",   1685, 2 },
    { "\xe3\x81\x8d\xe3\x82\x85\xe3\x81\x86\xe3\x81\x97\xe3\x82\x85\xe3\x81\x86\xe3\x81\xa0\xe3\x81\x84",   1687, 1 },
    { "\xe3\x81\x8d\xe3\x82\x85\xe3\x81\x86\xe3\x81\x98\xe3\x81\xa4",   1688, 1 },
    { "\xe3\x81\x8d\xe3\x82\x85\xe3\x81\x86\xe3\x81\x98\xe3\x82\x87\xe3\x81\x86",   1689, 1 },
    { "\xe3\x81\x8d\xe3\x82\x85\xe3\x81\x86\xe3\x81\x98\xe3\x82\x93",   1690, 1 },
    { "\xe3\x81\x8d\xe3\x82\x85\xe3\x81\x86\xe3\x81\x9b\xe3\x81\x84",   1691, 1 },
    { "\xe3\x81\x8d\xe3\x82\x85\xe3\x81\x86\xe3\x81\x9d\xe3\x81\x8f",   1692, 1 },
    { "\xe3\x81\x8d\xe3\x82\x85\xe3\x81\x86\xe3\x81\xa0\xe3\x81\x84",   1693, 1 },
    { "\xe3\x81\x8d\xe3\x82\x85\xe3\x81\x86\xe3\x81\xb3\xe3\x82\x93",   1694, 1 },
    { "\xe3\x81\x8d\xe3\x82\x85\xe3\x81\x86\xe3\x82\x80",   1695, 1 },
    { "\xe3\x81\x8d\xe3\x82\x85\xe3\x81\x86\xe3\x82\x81\xe3\x82\x93",   1696, 1 },
    { "\xe3\x81\x8d\xe3\x82\x85\xe3\x81\x86\xe3\x82\x88\xe3\x81\x86",   1697, 1 },
    { "\xe3\x81\x8d\xe3\x82\x85\xe3\x81\x86\xe3\x82\x8a\xe3\x82\x87\xe3\x81\x86",   1698, 1 },
    { "\xe3\x81\x8d\xe3\x82\x87",   1699, 8 },
    { "\xe3\x81\x8d\xe3\x82\x87\xe3\x81\x86",   1707, 8 },
    { "\xe3\x81\x8d\xe3\x82\x87\xe3\x81\x86\xe3\x81\x82\xe3\x81\x8f",   1715, 1 },
    { "\xe3\x81\x8d\xe3\x82\x87\xe3\x81\x86\xe3\x81\x84\xe3\x81\x8f",   1716, 1 },
    { "\xe3\x81\x8d\xe3\x82\x87\xe3\x81\x86\xe3\x81\x84\xe3\x81\x8f\xe3\x81\x97\xe3\x82\x83",   1717, 1 },
    { "\xe3\x81\x8d\xe3\x82\x87\xe3\x81\x86\xe3\x81\x84\xe3\x81\x8f\xe3\x81\xa6\xe3\x81\x8d",   1718, 1 },
    { "\xe3\x81\x8d\xe3\x82\x87\xe3\x81\x86\xe3\x81\x8b",   1719, 1 },
    { "\xe3\x81\x8d\xe3\x82\x87\xe3\x81\x86\xe3\x81\x8b\xe3\x81\x84",   1720, 3 },
    { "\xe3\x81\x8d\xe3\x82\x87\xe3\x81\x86\xe3\x81\x8b\xe3\x81\x84\xe3\x82\x81\xe3\x82\x93",   1723, 1 },
    { "\xe3\x81\x8d\xe3\x82\x87\xe3\x81\x86\xe3\x81\x8b\xe3\x81\x97\xe3\x82\x87",   1724, 1 },
    { "\xe3\x81\x8d\xe3\x82\x87\xe3\x81\x86\xe3\x81\x8b\xe3\x81\xa4",   1725, 1 },
    { "\xe3\x81\x8d\xe3\x82\x87\xe3\x81\x86\xe3\x81\x8b\xe3\x82\x93",   1726, 2 },
    { "\xe3\x81\x8d\xe3\x82\x87\xe3\x81\x86\xe3\x81\x8d",   1728, 1 },
    { "\xe3\x81\x8d\xe3\x82\x87\xe3\x81\x86\xe3\x81\x8d\xe3\x82\x85\xe3\x81\x86",   1729, 1 },
    { "\xe3\x81\x8d\xe3\x82\x87\xe3\x81\x86\xe3\x81\x8e",   1730, 1 },
    { "\xe3\x81\x8d\xe3\x82\x87\xe3\x81\x86\xe3\x81\x8f\xe3\x82\x93",   1731, 1 },
    { "\xe3\x81\x8d\xe3\x82\x87\xe3\x81\x86\xe3\x81\x93",   1732, 1 },
    { "\xe3\x81\x8d\xe3\x82\x87\xe3\x81\x86\xe3\x81\x93\xe3\x81\x86",   1733, 1 },
    { "\xe3\x81\x8d\xe3\x82\x87\xe3\x81\x86\xe3\x81\x94\xe3\x81\x86",   1734, 1 },
    { "\xe3\x81\x8d\xe3\x82\x87\xe3\x81\x86\xe3\x81\x95\xe3\x81\x84",   1735, 1 },
    { "\xe3\x81\x8d\xe3\x82\x87\xe3\x81\x86\xe3\x81\x96\xe3\x81\x84",   1736, 1 },
    { "\xe3\x81\x8d\xe3\x82\x87\xe3\x81\x86\xe3\x81\x97",   1737, 1 },
    { "\xe3\x81\x8d\xe3\x82\x87\xe3\x81\x86\xe3\x81\x97\xe3\x81\xa4",   1738, 1 },
    { "\xe3\x81\x8d\xe3\x82\x87\xe3\x81\x86\xe3\x81\x97\xe3\x82\x85\xe3\x81\x8f",   1739, 1 },
    { "\xe3\x81\x8d\xe3\x82\x87\xe3\x81\x86\xe3\x81\x98",   1740, 2 },
    { "\xe3\x81\x8d\xe3\x82\x87\xe3\x81\x86\xe3\x81\x98\xe3\x82\x83\xe3\x81\x8f",   1742, 1 },
    { "\xe3\x81\x8d\xe3\x82\x87\xe3\x81\x86\xe3\x81\x98\xe3\x82\x85",   1743, 1 },
    { "\xe3\x81\x8d\xe3\x82\x87\xe3\x81\x86\xe3\x81\x98\xe3\x82\x85\xe3\x81\x97\xe3\x81\xa4",   1744, 1 },
    { "\xe3\x81\x8d\xe3\x82\x87\xe3\x81\x86\xe3\x81\x98\xe3\x82\x93",   1745, 1 },
    { "\xe3\x81\x8d\xe3\x82\x87\xe3\x81\x86\xe3\x81\x9b\xe3\x81\x84",   1746, 1 },
    { "\xe3\x81\x8d\xe3\x82\x87\xe3\x81\x86\xe3\x81\x9b\xe3\x81\x84\xe3\x81\xa6\xe3\x81\x8d",   1747, 1 },
    { "\xe3\x81\x8d\xe3\x82\x87\xe3\x81\x86\xe3\x81\x9d\xe3\x81\x86",   1748, 1 },
    { "\xe3\x81\x8d\xe3\x82\x87\xe3\x81\x86\xe3\x81\x9d\xe3\x81\x86\xe3\x81\x8d\xe3\x82\x87\xe3\x81\x8f",   1749, 1 },
    { "\xe3\x81\x8d\xe3\x82\x87\xe3\x81\x86\xe3\x81\x9e\xe3\x82\x93",   1750, 1 },
    { "\xe3\x81\x8d\xe3\x82\x87\xe3\x81\x86\xe3\x81\xa0\xe3\x81\x84",   1751, 3 },
    { "\xe3\x81\x8d\xe3\x82\x87\xe3\x81\x86\xe3\x81\xa1\xe3\x82\x87\xe3\x81\x86",   1754, 2 },
    { "\xe3\x81\x8d\xe3\x82\x87\xe3\x81\x86\xe3\x81\xa1\xe3\x82\x87\xe3\x81\x86\xe3\x81\x9b\xe3\x81\x84",   1756, 1 },
    { "\xe3\x81\x8d\xe3\x82\x87\xe3\x81\x86\xe3\x81\xa4\xe3\x81\x86",   1757, 1 },
    { "\xe3\x81\x8d\xe3\x82\x87\xe3\x81\x86\xe3\x81\xa4\xe3\x81\x86\xe3\x81\x84\xe3\x81\xa1\xe3\x81\x98",   1758, 1 },
    { "\xe3\x81\x8d\xe3\x82\x87\xe3\x81\x86\xe3\x81\xa6\xe3\x82\x93",   1759, 1 },
    { "\xe3\x81\x8d\xe3\x82\x87\xe3\x81\x86\xe3\x81\xa8",   1760, 1 },
    { "\xe3\x81\x8d\xe3\x82\x87\xe3\x81\x86\xe3\x81\xa8\xe3\x81\x86",   1761, 1 },
    { "\xe3\x81\x8d\xe3\x82\x87\xe3\x81\x86\xe3\x81\xa8\xe3\x81\x97\xe3\x82\x87\xe3\x81\x86",   1762, 1 },
    { "\xe3\x81\x8d\xe3\x82\x87\xe3\x81\x86\xe3\x81\xa8\xe3\x81\xa0\xe3\x81\x84\xe3\x81\x8c\xe3\x81\x8f",   1763, 1 },
    { "\xe3\x81\x8d\xe3\x82\x87\xe3\x81\x86\xe3\x81\xa9",   1764, 1 },
    { "\xe3\x81\x8d\xe3\x82\x87\xe3\x81\x86\xe3\x81\xa9\xe3\x81\x86",   1765, 2 },
    { "\xe3\x81\x8d\xe3\x82\x87\xe3\x81\x86\xe3\x81\xb5",   1767, 1 },
    { "\xe3\x81\x8d\xe3\x82\x87\xe3\x81\x86\xe3\x81\xb8\xe3\x82\x93",   1768, 1 },
    { "\xe3\x81\x8d\xe3\x82\x87\xe3\x81\x86\xe3\x81\xbc\xe3\x81\x86",   1769, 1 },
    { "\xe3\x81\x8d\xe3\x82\x87\xe3\x81\x86\xe3\x81\xbf",   1770, 1 },
    { "\xe3\x81\x8d\xe3\x82\x87\xe3\x81\x86\xe3\x82\x80",   1771, 1 },
    { "\xe3\x81\x8d\xe3\x82\x87\xe3\x81\x86\xe3\x82\x86\xe3\x81\x86",   1772, 1 },
    { "\xe3\x81\x8d\xe3\x82\x87\xe3\x81\x86\xe3\x82\x88\xe3\x81\x86",   1773, 2 },
    { "\xe3\x81\x8d\xe3\x82\x87\xe3\x81\x86\xe3\x82\x88\xe3\x81\x86\xe3\x81\x8c\xe3\x81\x8f\xe3\x81\xb6",   1775, 1 },
    { "\xe3\x81\x8d\xe3\x82\x87\xe3\x81\x86\xe3\x82\x88\xe3\x81\x86\xe3\x81\xb6",   1776, 1 },
    { "\xe3\x81\x8d\xe3\x82\x87\xe3\x81\x86\xe3\x82\x8a\xe3\x81\xa4",   1777, 1 },
    { "\xe3\x81\x8d\xe3\x82\x87\xe3\x81\x86\xe3\x82\x8a\xe3\x82\x87\xe3\x81\x8f",   1778, 2 },
    { "\xe3\x81\x8d\xe3\x82\x87\xe3\x81\x86\xe3\x82\x8c\xe3\x81\xa4",   1780, 1 },
    { "\xe3\x81\x8d\xe3\x82\x87\xe3\x81\x86\xe3\x82\x8f",   1781, 1 },
    { "\xe3\x81\x8d\xe3\x82\x87\xe3\x81\x8b",   1782, 1 },
    { "\xe3\x81\x8d\xe3\x82\x87\xe3\x81\x8f",   1783, 3 },
    { "\xe3\x81\x8d\xe3\x82\x87\xe3\x81\x8f\xe3\x81\x84\xe3\x82\x93",   1786, 1 },
    { "\xe3\x81\x8d\xe3\x82\x87\xe3\x81\x8f\xe3\x81\x97\xe3\x82\x87\xe3\x81\x86",   1787, 1 },
    { "\xe3\x81\x8d\xe3\x82\x87\xe3\x81\x8f\xe3\x81\x97\xe3\x82\x87\xe3\x81\x86\xe3\x81\xa1",   1788, 1 },
    { "\xe3\x81\x8d\xe3\x82\x87\xe3\x81\x8f\xe3\x81\x9b\xe3\x81\xa4",   1789, 1 },
    { "\xe3\x81\x8d\xe3\x82\x87\xe3\x81\x8f\xe3\x81\x9b\xe3\x82\x93",   1790, 1 },
    { "\xe3\x81\x8d\xe3\x82\x87\xe3\x81\x8f\xe3\x81\x9f\xe3\x82\x93",   1791, 1 },
    { "\xe3\x81\x8d\xe3\x82\x87\xe3\x81\x8f\xe3\x81\xa1",   1792, 1 },
    { "\xe3\x81\x8d\xe3\x82\x87\xe3\x81\x8f\xe3\x81\xa1\xe3\x82\x87\xe3\x81\x86",   1793, 1 },
    { "\xe3\x81\x8d\xe3\x82\x87\xe3\x81\x8f\xe3\x81\xb0\xe3\x82\x93",   1794, 1 },
    { "\xe3\x81\x8d\xe3\x82\x87\xe3\x81\x8f\xe3\x82\x81\xe3\x81\x84",   1795, 1 },
    { "\xe3\x81\x8d\xe3\x82\x87\xe3\x81\x8f\xe3\x82\x81\xe3\x82\x93",   1796, 2 },
    { "\xe3\x81\x8d\xe3\x82\x87\xe3\x81\x8f\xe3\x82\x82\xe3\x81\x8f",   1798, 1 },
    { "\xe3\x81\x8d\xe3\x82\x87\xe3\x81\x8f\xe3\x82\x8a\xe3\x81\xa4",   1799, 1 },
    { "\xe3\x81\x8d\xe3\x82\x87\xe3\x81\x8f\xe3\x82\x8a\xe3\x82\x87\xe3\x81\x8f",   1800, 1 },
    { "\xe3\x81\x8d\xe3\x82\x87\xe3\x81\x97\xe3\x81\xa4",   1801, 1 },
    { "\xe3\x81\x8d\xe3\x82\x87\xe3\x81\x98\xe3\x82\x93",   1802, 1 },
    { "\xe3\x81\x8d\xe3\x82\x87\xe3\x81\x9b\xe3\x81\x84",   1803, 1 },
    { "\xe3\x81\x8d\xe3\x82\x87\xe3\x81\x9e\xe3\x81\x86",   1804, 1 },
    { "\xe3\x81\x8d\xe3\x82\x87\xe3\x81\xa0\xe3\x81\x84",   1805, 1 },
    { "\xe3\x81\x8d\xe3\x82\x87\xe3\x81\xad\xe3\x82\x93",   1806, 1 },
    { "\xe3\x81\x8d\xe3\x82\x87\xe3\x81\xb2",   1807, 1 },
    { "\xe3\x81\x8d\xe3\x82\x87\xe3\x82\x88\xe3\x81\x86",   1808, 1 },
    { "\xe3\x81\x8d\xe3\x82\x87\xe3\x82\x8a",   1809, 1 },
    { "\xe3\x81\x8d\xe3\x82\x88",   1810, 1 },
    { "\xe3\x81\x8d\xe3\x82\x88\xe3\x81\x86",   1811, 1 },
    { "\xe3\x81\x8d\xe3\x82\x88\xe3\x81\x97",   1812, 1 },
    { "\xe3\x81\x8d\xe3\x82\x88\xe3\x81\xbf\xe3\x81\x9a",   1813, 1 },
    { "\xe3\x81\x8d\xe3\x82\x89\xe3\x81\x8f",   1814, 1 },
    { "\xe3\x81\x8d\xe3\x82\x8a",   1815, 3 },
    { "\xe3\x81\x8d\xe3\x82\x8a\xe3\x81\x99\xe3\x81\xa8\xe3\x81\x8d\xe3\x82\x87\xe3\x81\x86",   1818, 1 },
    { "\xe3\x81\x8d\xe3\x82\x8a\xe3\x81\xa8\xe3\x82\x8a\xe3\x81\x9b\xe3\x82\x93",   1819, 1 },
    { "\xe3\x81\x8d\xe3\x82\x8a\xe3\x82\x85\xe3\x81\x86",   1820, 1 },
    { "\xe3\x81\x8d\xe3\x82\x8c\xe3\x81\x84",   1821, 1 },
    { "\xe3\x81\x8d\xe3\x82\x8d\xe3\x81\x8f",   1822, 1 },
    { "\xe3\x81\x8d\xe3\x82\x8d\xe3\x82\x81\xe3\x83\xbc\xe3\x81\xa8\xe3\x82\x8b",   1823, 1 },
    { "\xe3\x81\x8d\xe3\x82\x8f",   1824, 1 },
    { "\xe3\x81\x8d\xe3\x82\x93",   1825, 8 },
    { "\xe3\x81\x8d\xe3\x82\x93\xe3\x81\x8c\xe3\x81\x8f",   1833, 1 },
    { "\xe3\x81\x8d\xe3\x82\x93\xe3\x81\x8d",   1834, 1 },
    { "\xe3\x81\x8d\xe3\x82\x93\xe3\x81\x8d\xe3\x82\x85\xe3\x81\x86",   1835, 1 },
    { "\xe3\x81\x8d\xe3\x82\x93\xe3\x81\x8d\xe3\x82\x87\xe3\x81\x86",   1836, 1 },
    { "\xe3\x81\x8d\xe3\x82\x93\xe3\x81\x91\xe3\x82\x93",   1837, 1 },
    { "\xe3\x81\x8d\xe3\x82\x93\xe3\x81\x93",   1838, 1 },
    { "\xe3\x81\x8d\xe3\x82\x93\xe3\x81\x96\xe3\x82\x93",   1839, 1 },
    { "\xe3\x81\x8d\xe3\x82\x93\xe3\x81\x97",   1840, 1 },
    { "\xe3\x81\x8d\xe3\x82\x93\xe3\x81\x97\xe3\x81\xa4",   1841, 1 },
    { "\xe3\x81\x8d\xe3\x82\x93\xe3\x81\x97\xe3\x82\x87\xe3\x81\x86",   1842, 1 },
    { "\xe3\x81\x8d\xe3\x82\x93\xe3\x81\x98",   1843, 1 },
    { "\xe3\x81\x8d\xe3\x82\x93\xe3\x81\x98\xe3\x82\x87",   1844, 1 },
    { "\xe3\x81\x8d\xe3\x82\x93\xe3\x81\x9b\xe3\x82\x93",   1845, 1 },
    { "\xe3\x81\x8d\xe3\x82\x93\xe3\x81\x9e\xe3\x81\x8f",   1846, 1 },
    { "\xe3\x81\x8d\xe3\x82\x93\xe3\x81\xa0\xe3\x81\x84",   1847, 1 },
    { "\xe3\x81\x8d\xe3\x82\x93\xe3\x81\xa1\xe3\x82\x87\xe3\x81\x86",   1848, 1 },
    { "\xe3\x81\x8d\xe3\x82\x93\xe3\x81\xa6\xe3\x81\xa4",   1849, 1 },
    { "\xe3\x81\x8d\xe3\x82\x93\xe3\x81\xab\xe3\x81\x8f",   1850, 1 },
    { "\xe3\x81\x8d\xe3\x82\x93\xe3\x81\xad\xe3\x82\x93",   1851, 1 },
    { "\xe3\x81\x8d\xe3\x82\x93\xe3\x81\xb1\xe3\x81\x8f",   1852, 1 },
    { "\xe3\x81\x8d\xe3\x82\x93\xe3\x81\xba\xe3\x82\x93",   1853, 1 },
    { "\xe3\x81\x8d\xe3\x82\x93\xe3\x81\xbc\xe3\x81\x86",   1854, 1 },
    { "\xe3\x81\x8d\xe3\x82\x93\xe3\x82\x80",   1855, 1 },
    { "\xe3\x81\x8d\xe3\x82\x93\xe3\x82\x88\xe3\x81\x86",   1856, 1 },
    { "\xe3\x81\x8d\xe3\x82\x93\xe3\x82\x88\xe3\x81\x86\xe3\x81\xb3",   1857, 1 },
    { "\xe3\x81\x8d\xe3\x82\x93\xe3\x82\x8a\xe3\x82\x93",   1858, 1 },
    { "\xe3\x81\x8e",   1859, 8 },
    { "\xe3\x81\x8e\xe3\x81\x97",   1867, 1 },
    { "\xe3\x81\x8e\xe3\x81\x98",   1868, 2 },
    { "\xe3\x81\x8e\xe3\x81\x98\xe3\x81\xb8\xe3\x82\x93\xe3\x81\x99\xe3\x81\x86",   1870, 1 },
    { "\xe3\x81\x8e\xe3\x81\x98\xe3\x82\x85\xe3\x81\x8f",   1871, 1 },
    { "\xe3\x81\x8e\xe3\x81\x98\xe3\x82\x85\xe3\x81\xa4",   1872, 1 },
    { "\xe3\x81\x8e\xe3\x81\x98\xe3\x82\x85\xe3\x81\xa4\xe3\x81\x97\xe3\x82\x83",   1873, 1 },
    { "\xe3\x81\x8e\xe3\x81\x98\xe3\x82\x85\xe3\x81\xa4\xe3\x81\xa6\xe3\x81\x8d",   1874, 1 },
    { "\xe3\x81\x8e\xe3\x81\x98\xe3\x82\x85\xe3\x81\xa4\xe3\x81\xbb\xe3\x82\x93\xe3\x81\xb6",   1875, 1 },
    { "\xe3\x81\x8e\xe3\x81\x98\xe3\x82\x8d\xe3\x81\x8f",   1876, 1 },
    { "\xe3\x81\x8e\xe3\x81\x9b\xe3\x81\x84",   1877, 1 },
    { "\xe3\x81\x8e\xe3\x81\x9b\xe3\x81\x84\xe3\x81\x97\xe3\x82\x83",   1878, 1 },
    { "\xe3\x81\x8e\xe3\x81\xa0\xe3\x81\x84",   1879, 1 },
    { "\xe3\x81\x8e\xe3\x81\xa1\xe3\x82\x87\xe3\x81\x86",   1880, 1 },
    { "\xe3\x81\x8e\xe3\x81\xb5",   1881, 1 },
    { "\xe3\x81\x8e\xe3\x81\xbb\xe3\x81\x86",   1882, 1 },
    { "\xe3\x81\x8e\xe3\x81\xbf",   1883, 1 },
    { "\xe3\x81\x8e\xe3\x82\x80",   1884, 1 },
    { "\xe3\x81\x8e\xe3\x82\x82\xe3\x82\x93",   1885, 1 },
    { "\xe3\x81\x8e\xe3\x82\x82\xe3\x82\x93\xe3\x81\x97",   1886, 1 },
    { "\xe3\x81\x8e\xe3\x82\x82\xe3\x82\x93\xe3\x81\xa6\xe3\x82\x93",   1887, 1 },
    { "\xe3\x81\x8e\xe3\x82\x83\xe3\x81\x8f",   1888, 2 },
    { "\xe3\x81\x8e\xe3\x82\x83\xe3\x81\x8f\xe3\x81\x8b\xe3\x82\x93\xe3\x81\x99\xe3\x81\x86",   1890, 1 },
    { "\xe3\x81\x8e\xe3\x82\x83\xe3\x81\x8f\xe3\x81\x97\xe3\x82\x85\xe3\x81\x86",   1891, 1 },
    { "\xe3\x81\x8e\xe3\x82\x83\xe3\x81\x8f\xe3\x81\x98\xe3\x82\x87\xe3\x81\x86",   1892, 1 },
    { "\xe3\x81\x8e\xe3\x82\x83\xe3\x81\xa3\xe3\x81\x93\xe3\x81\x86",   1893, 1 },
    { "\xe3\x81\x8e\xe3\x82\x85\xe3\x81\x86",   1894, 1 },
    { "\xe3\x81\x8e\xe3\x82\x85\xe3\x81\x86\xe3\x81\xab\xe3\x82\x85\xe3\x81\x86",   1895, 1 },
    { "\xe3\x81\x8e\xe3\x82\x87",   1896, 4 },
    { "\xe3\x81\x8e\xe3\x82\x87\xe3\x81\x86",   1900, 7 },
    { "\xe3\x81\x8e\xe3\x82\x87\xe3\x81\x86\xe3\x81\x8b\xe3\x81\x84",   1907, 1 },
    { "\xe3\x81\x8e\xe3\x82\x87\xe3\x81\x86\xe3\x81\x97\xe3\x82\x83",   1908, 1 },
    { "\xe3\x81\x8e\xe3\x82\x87\xe3\x81\x86\xe3\x81\x99\xe3\x81\x86",   1909, 1 },
    { "\xe3\x81\x8e\xe3\x82\x87\xe3\x81\x86\xe3\x81\x9b\xe3\x81\x8d",   1910, 1 },
    { "\xe3\x81\x8e\xe3\x82\x87\xe3\x81\x86\xe3\x82\x80",   1911, 1 },
    { "\xe3\x81\x8e\xe3\x82\x87\xe3\x81\x86\xe3\x82\x81",   1912, 1 },
    { "\xe3\x81\x8e\xe3\x82\x87\xe3\x81\x86\xe3\x82\x8c\xe3\x81\xa4",   1913, 1 },
    { "\xe3\x81\x8e\xe3\x82\x87\xe3\x81\x8f",   1914, 1 },
    { "\xe3\x81\x8e\xe3\x82\x87\xe3\x82\x89\xe3\x81\x84",   1915, 1 },
    { "\xe3\x81\x8e\xe3\x82\x8c\xe3\x81\x84",   1916, 1 },
    { "\xe3\x81\x8e\xe3\x82\x8d\xe3\x82\x93",   1917, 1 },
    { "\xe3\x81\x8e\xe3\x82\x93",   1918, 2 },
    { "\xe3\x81\x8e\xe3\x82\x93\xe3\x81\x8c",   1920, 1 },
    { "\xe3\x81\x8e\xe3\x82\x93\xe3\x81\x8c\xe3\x81\x91\xe3\x81\x84",   1921, 1 },
    { "\xe3\x81\x8e\xe3\x82\x93\xe3\x81\x8c\xe3\x81\xa1\xe3\x81\x9a",   1922, 1 },
    { "\xe3\x81\x8e\xe3\x82\x93\xe3\x81\x93\xe3\x81\x86",   1923, 1 },
    { "\xe3\x81\x8e\xe3\x82\x93\xe3\x81\x96",   1924, 1 },
    { "\xe3\x81\x8f",   1925, 8 },
    { "\xe3\x81\x8f\xe3\x81\x84",   1933, 1 },
    { "\xe3\x81\x8f\xe3\x81\x86",   1934, 1 },
    { "\xe3\x81\x8f\xe3\x81\x86\xe3\x81\x8b\xe3\x82\x93",   1935, 1 },
    { "\xe3\x81\x8f\xe3\x81\x86\xe3\x81\x8b\xe3\x82\x93\xe3\x81\xa1\xe3\x82\x85\xe3\x81\x86",   1936, 1 },
    { "\xe3\x81\x8f\xe3\x81\x86\xe3\x81\x8d",   1937, 1 },
    { "\xe3\x81\x8f\xe3\x81\x86\xe3\x81\x8d\xe3\x82\x87",   1938, 1 },
    { "\xe3\x81\x8f\xe3\x81\x86\xe3\x81\x93\xe3\x81\x86",   1939, 1 },
    { "\xe3\x81\x8f\xe3\x81\x86\xe3\x81\x97\xe3\x82\x85\xe3\x81\x86\xe3\x81\x94\xe3\x81\x86",   1940, 1 },
    { "\xe3\x81\x8f\xe3\x81\x86\xe3\x81\x9b\xe3\x81\x8d",   1941, 1 },
    { "\xe3\x81\x8f\xe3\x81\x86\xe3\x81\xa1\xe3\x82\x87\xe3\x81\x86",   1942, 1 },
    { "\xe3\x81\x8f\xe3\x81\x86\xe3\x81\xaf\xe3\x81\x8f",   1943, 1 },
    { "\xe3\x81\x8f\xe3\x81\x86\xe3\x82\x8c\xe3\x81\xa4",   1944, 1 },
    { "\xe3\x81\x8f\xe3\x81\x8b\xe3\x81\x8f",   1945, 1 },
    { "\xe3\x81\x8f\xe3\x81\x8b\xe3\x82\x93",   1946, 1 },
    { "\xe3\x81\x8f\xe3\x81\x8d",   1947, 1 },
    { "\xe3\x81\x8f\xe3\x81\x8e\xe3\x82\x8a",   1948, 1 },
    { "\xe3\x81\x8f\xe3\x81\x91\xe3\x81\x84",   1949, 1 },
    { "\xe3\x81\x8f\xe3\x81\x95",   1950, 1 },
    { "\xe3\x81\x8f\xe3\x81\x95\xe3\x81\x8b",   1951, 1 },
    { "\xe3\x81\x8f\xe3\x81\x95\xe3\x82\x8a",   1952, 1 },
    { "\xe3\x81\x8f\xe3\x81\x97",   1953, 3 },
    { "\xe3\x81\x8f\xe3\x81\x97\xe3\x82\x8d",   1956, 1 },
    { "\xe3\x81\x8f\xe3\x81\x97\xe3\x82\x93",   1957, 1 },
    { "\xe3\x81\x8f\xe3\x81\x98\xe3\x82\x87\xe3\x81\x86",   1958, 1 },
    { "\xe3\x81\x8f\xe3\x81\x98\xe3\x82\x89",   1959, 1 },
    { "\xe3\x81\x8f\xe3\x81\x99",   1960, 1 },
    { "\xe3\x81\x8f\xe3\x81\x99\xe3\x81\xae\xe3\x81\x8d",   1961, 1 },
    { "\xe3\x81\x8f\xe3\x81\x99\xe3\x82\x8a",   1962, 1 },
    { "\xe3\x81\x8f\xe3\x81\x9a",   1963, 1 },
    { "\xe3\x81\x8f\xe3\x81\x9d",   1964, 1 },
    { "\xe3\x81\x8f\xe3\x81\xa0",   1965, 1 },
    { "\xe3\x81\x8f\xe3\x81\xa0\xe3\x82\x93",   1966, 1 },
    { "\xe3\x81\x8f\xe3\x81\xa1",   1967, 1 },
    { "\xe3\x81\x8f\xe3\x81\xa1\xe3\x81\x90\xe3\x81\xa1",   1968, 1 },
    { "\xe3\x81\x8f\xe3\x81\xa1\xe3\x81\xb3\xe3\x82\x8b",   1969, 1 },
    { "\xe3\x81\x8f\xe3\x81\xa1\xe3\x81\xb6\xe3\x81\x88",   1970, 1 },
    { "\xe3\x81\x8f\xe3\x81\xa1\xe3\x82\x83",   1971, 1 },
    { "\xe3\x81\x8f\xe3\x81\xa1\xe3\x82\x87\xe3\x81\x86",   1972, 1 },
    { "\xe3\x81\x8f\xe3\x81\xa3\xe3\x81\x9b\xe3\x81\xa4",   1973, 1 },
    { "\xe3\x81\x8f\xe3\x81\xa4",   1974, 5 },
    { "\xe3\x81\x8f\xe3\x81\xa4\xe3\x81\x86",   1979, 1 },
    { "\xe3\x81\x8f\xe3\x81\xa4\xe3\x82\x8f",   1980, 1 },
    { "\xe3\x81\x8f\xe3\x81\xa8\xe3\x81\x86\xe3\x81\xa6\xe3\x82\x93",   1981, 1 },
    { "\xe3\x81\x8f\xe3\x81\xa9\xe3\x81\x86",   1982, 2 },
    { "\xe3\x81\x8f\xe3\x81\xa9\xe3\x81\x86\xe3\x82\x8a\xe3\x82\x93",   1984, 1 },
    { "\xe3\x81\x8f\xe3\x81\xab",   1985, 3 },
    { "\xe3\x81\x8f\xe3\x81\xab\xe3\x81\x82\xe3\x81\x8d",   1988, 1 },
    { "\xe3\x81\x8f\xe3\x81\xab\xe3\x82\x88\xe3\x81\x97",   1989, 1 },
    { "\xe3\x81\x8f\xe3\x81\xb3",   1990, 1 },
    { "\xe3\x81\x8f\xe3\x81\xb5\xe3\x81\x86",   1991, 1 },
    { "\xe3\x81\x8f\xe3\x81\xb6\xe3\x82\x93",   1992, 1 },
    { "\xe3\x81\x8f\xe3\x81\xb9\xe3\x81\xa4",   1993, 1 },
    { "\xe3\x81\x8f\xe3\x81\xbc",   1994, 2 },
    { "\xe3\x81\x8f\xe3\x81\xbc\xe3\x81\x9f",   1996, 1 },
    { "\xe3\x81\x8f\xe3\x81\xbe",   1997, 2 },
    { "\xe3\x81\x8f\xe3\x81\xbe\xe3\x81\x8c\xe3\x81\x84",   1999, 1 },
    { "\xe3\x81\x8f\xe3\x81\xbe\xe3\x81\x8c\xe3\x82\x84",   2000, 1 },
    { "\xe3\x81\x8f\xe3\x81\xbe\xe3\x82\x82\xe3\x81\xa8",   2001, 1 },
    { "\xe3\x81\x8f\xe3\x81\xbf",   2002, 1 },
    { "\xe3\x81\x8f\xe3\x81\xbf\xe3\x81\x82\xe3\x81\x84",   2003, 1 },
    { "\xe3\x81\x8f\xe3\x81\xbf\xe3\x81\x93",   2004, 1 },
    { "\xe3\x81\x8f\xe3\x82\x81",   2005, 1 },
    { "\xe3\x81\x8f\xe3\x82\x82",   2006, 2 },
    { "\xe3\x81\x8f\xe3\x82\x82\xe3\x82\x8a",   2008, 1 },
    { "\xe3\x81\x8f\xe3\x82\x89",   2009, 2 },
    { "\xe3\x81\x8f\xe3\x82\x89\xe3\x81\x84",   2011, 1 },
    { "\xe3\x81\x8f\xe3\x82\x89\xe3\x81\x97\xe3\x81\x8d",   2012, 1 },
    { "\xe3\x81\x8f\xe3\x82\x89\xe3\x81\xb6",   2013, 1 },
    { "\xe3\x81\x8f\xe3\x82\x8a",   2014, 2 },
    { "\xe3\x81\x8f\xe3\x82\x8b\xe3\x81\xbe",   2016, 1 },
    { "\xe3\x81\x8f\xe3\x82\x8c\xe3\x81\xaa\xe3\x81\x84",   2017, 1 },
    { "\xe3\x81\x8f\xe3\x82\x8d",   2018, 1 },
    { "\xe3\x81\x8f\xe3\x82\x8d\xe3\x81\x86",   2019, 1 },
    { "\xe3\x81\x8f\xe3\x82\x8d\xe3\x81\x8b\xe3\x81\xbf",   2020, 1 },
    { "\xe3\x81\x8f\xe3\x82\x8d\xe3\x81\x8b\xe3\x82\x8f",   2021, 1 },
    { "\xe3\x81\x8f\xe3\x82\x8d\xe3\x81\x94",   2022, 1 },
    { "\xe3\x81\x8f\xe3\x82\x8d\xe3\x81\x95\xe3\x81\x8b",   2023, 1 },
    { "\xe3\x81\x8f\xe3\x82\x8d\xe3\x81\xbc\xe3\x81\x97",   2024, 1 },
    { "\xe3\x81\x8f\xe3\x82\x8d\xe3\x81\xbe\xe3\x81\xa4",   2025, 1 },
    { "\xe3\x81\x8f\xe3\x82\x8d\xe3\x81\xbe\xe3\x82\x8b",   2026, 2 },
    { "\xe3\x81\x8f\xe3\x82\x8f",   2028, 2 },
    { "\xe3\x81\x8f\xe3\x82\x8f\xe3\x81\xaf\xe3\x82\x89",   2030, 1 },
    { "\xe3\x81\x8f\xe3\x82\x93",   2031, 4 },
    { "\xe3\x81\x8f\xe3\x82\x93\xe3\x82\x8c\xe3\x81\x84\xe3\x81\x97\xe3\x81\x8d",   2035, 1 },
    { "\xe3\x81\x8f\xe3\x82\x93\xe3\x82\x8c\xe3\x82\x93",   2036, 1 },
    { "\xe3\x81\x90",   2037, 4 },
    { "\xe3\x81\x90\xe3\x81\x82\xe3\x81\x84",   2041, 1 },
    { "\xe3\x81\x90\xe3\x81\x86",   2042, 5 },
    { "\xe3\x81\x90\xe3\x81\x86\xe3\x81\x8d",   2047, 1 },
    { "\xe3\x81\x90\xe3\x81\x86\xe3\x81\x8d\xe3\x81\x9b\xe3\x81\x84",   2048, 1 },
    { "\xe3\x81\x90\xe3\x81\x86\xe3\x81\x9c\xe3\x82\x93",   2049, 1 },
    { "\xe3\x81\x90\xe3\x81\x97\xe3\x82\x87\xe3\x81\x86\xe3\x81\x8b",   2050, 1 },
    { "\xe3\x81\x90\xe3\x81\x9f\xe3\x81\x84",   2051, 1 },
    { "\xe3\x81\x90\xe3\x81\x9f\xe3\x81\x84\xe3\x81\xa6\xe3\x81\x8d",   2052, 1 },
    { "\xe3\x81\x90\xe3\x81\x9f\xe3\x81\x84\xe3\x82\x8c\xe3\x81\x84",   2053, 1 },
    { "\xe3\x81\x90\xe3\x81\xa1",   2054, 1 },
    { "\xe3\x81\x90\xe3\x81\xae\xe3\x81\x86",   2055, 1 },
    { "\xe3\x81\x90\xe3\x81\xb3",   2056, 1 },
    { "\xe3\x81\x90\xe3\x81\xbf",   2057, 1 },
    { "\xe3\x81\x90\xe3\x82\x89\xe3\x81\x84",   2058, 1 },
    { "\xe3\x81\x90\xe3\x82\x93",   2059, 3 },
    { "\xe3\x81\x90\xe3\x82\x93\xe3\x81\x98",   2062, 1 },
    { "\xe3\x81\x90\xe3\x82\x93\xe3\x81\x9f\xe3\x81\x84",   2063, 1 },
    { "\xe3\x81\x90\xe3\x82\x93\xe3\x81\xbe",   2064, 1 },
    { "\xe3\x81\x91",   2065, 8 },
    { "\xe3\x81\x91\xe3\x81\x84",   2073, 8 },
    { "\xe3\x81\x91\xe3\x81\x84\xe3\x81\x84",   2081, 2 },
    { "\xe3\x81\x91\xe3\x81\x84\xe3\x81\x88\xe3\x81\x84",   2083, 1 },
    { "\xe3\x81\x91\xe3\x81\x84\xe3\x81\x8a\xe3\x81\x86",   2084, 2 },
    { "\xe3\x81\x91\xe3\x81\x84\xe3\x81\x8a\xe3\x81\x86\xe3\x81\xa0\xe3\x81\x84",   2086, 1 },
    { "\xe3\x81\x91\xe3\x81\x84\xe3\x81\x8b",   2087, 1 },
    { "\xe3\x81\x91\xe3\x81\x84\xe3\x81\x8b\xe3\x81\x84",   2088, 1 },
    { "\xe3\x81\x91\xe3\x81\x84\xe3\x81\x8b\xe3\x81\x8f",   2089, 1 },
    { "\xe3\x81\x91\xe3\x81\x84\xe3\x81\x8b\xe3\x82\x93",   2090, 1 },
    { "\xe3\x81\x91\xe3\x81\x84\xe3\x81\x90",   2091, 1 },
    { "\xe3\x81\x91\xe3\x81\x84\xe3\x81\x91\xe3\x82\x93",   2092, 1 },
    { "\xe3\x81\x91\xe3\x81\x84\xe3\x81\x92\xe3\x82\x93",   2093, 1 },
    { "\xe3\x81\x91\xe3\x81\x84\xe3\x81\x93",   2094, 1 },
    { "\xe3\x81\x91\xe3\x81\x84\xe3\x81\x93\xe3\x81\x86",   2095, 1 },
    { "\xe3\x81\x91\xe3\x81\x84\xe3\x81\x93\xe3\x81\x8f",   2096, 1 },
    { "\xe3\x81\x91\xe3\x81\x84\xe3\x81\x95\xe3\x81\x84",   2097, 1 },
    { "\xe3\x81\x91\xe3\x81\x84\xe3\x81\x95\xe3\x81\xa4",   2098, 1 },
    { "\xe3\x81\x91\xe3\x81\x84\xe3\x81\x95\xe3\x82\x93",   2099, 1 },
    { "\xe3\x81\x91\xe3\x81\x84\xe3\x81\x95\xe3\x82\x93\xe3\x81\x8d",   2100, 1 },
    { "\xe3\x81\x91\xe3\x81\x84\xe3\x81\x95\xe3\x82\x93\xe3\x81\x8d\xe3\x81\x8b\xe3\x81\x8c\xe3\x81\x8f",   2101, 1 },
    { "\xe3\x81\x91\xe3\x81\x84\xe3\x81\x95\xe3\x82\x93\xe3\x81\x8d\xe3\x81\x97\xe3\x81\xa4",   2102, 1 },
    { "\xe3\x81\x91\xe3\x81\x84\xe3\x81\x95\xe3\x82\x93\xe3\x81\x8d\xe3\x81\x9d\xe3\x81\x8f",   2103, 1 },
    { "\xe3\x81\x91\xe3\x81\x84\xe3\x81\x95\xe3\x82\x93\xe3\x81\x91\xe3\x81\xa3\xe3\x81\x8b",   2104, 1 },
    { "\xe3\x81\x91\xe3\x81\x84\xe3\x81\x95\xe3\x82\x93\xe3\x81\xbb\xe3\x81\x86",   2105, 1 },
    { "\xe3\x81\x91\xe3\x81\x84\xe3\x81\x95\xe3\x82\x93\xe3\x81\xbb\xe3\x81\x86\xe3\x81\xbb\xe3\x81\x86",   2106, 1 },
    { "\xe3\x81\x91\xe3\x81\x84\xe3\x81\x95\xe3\x82\x93\xe3\x82\x8a\xe3\x82\x87\xe3\x81\x86",   2107, 1 },
    { "\xe3\x81\x91\xe3\x81\x84\xe3\x81\x96\xe3\x81\x84",   2108, 1 },
    { "\xe3\x81\x91\xe3\x81\x84\xe3\x81\x97\xe3\x81\x8d",   2109, 1 },
    { "\xe3\x81\x91\xe3\x81\x84\xe3\x81\x97\xe3\x81\x8d\xe3\x81\x8b",   2110, 1 },
    { "\xe3\x81\x91\xe3\x81\x84\xe3\x81\x97\xe3\x81\x8d\xe3\x81\xa6\xe3\x81\x8d",   2111, 1 },
    { "\xe3\x81\x91\xe3\x81\x84\xe3\x81\x97\xe3\x82\x83",   2112, 1 },
    { "\xe3\x81\x91\xe3\x81\x84\xe3\x81\x97\xe3\x82\x87\xe3\x81\x86",   2113, 2 },
    { "\xe3\x81\x91\xe3\x81\x84\xe3\x81\x98",   2115, 3 },
    { "\xe3\x81\x91\xe3\x81\x84\xe3\x81\x98\xe3\x81\xa9\xe3\x81\x86\xe3\x81\x97\xe3\x82\x83",   2118, 1 },
    { "\xe3\x81\x91\xe3\x81\x84\xe3\x81\x98\xe3\x81\xb0\xe3\x82\x93",   2119, 1 },
    { "\xe3\x81\x91\xe3\x81\x84\xe3\x81\x98\xe3\x82\x85",   2120, 1 },
    { "\xe3\x81\x91\xe3\x81\x84\xe3\x81\x98\xe3\x82\x87\xe3\x81\x86",   2121, 1 },
    { "\xe3\x81\x91\xe3\x81\x84\xe3\x81\x99\xe3\x81\x86",   2122, 1 },
    { "\xe3\x81\x91\xe3\x81\x84\xe3\x81\x9b\xe3\x81\x84",   2123, 1 },
    { "\xe3\x81\x91\xe3\x81\x84\xe3\x81\x9b\xe3\x81\x8d",   2124, 1 },
    { "\xe3\x81\x91\xe3\x81\x84\xe3\x81\x9b\xe3\x82\x93",   2125, 8 },
    { "\xe3\x81\x91\xe3\x81\x84\xe3\x81\x9d\xe3\x81\x86",   2133, 1 },
    { "\xe3\x81\x91\xe3\x81\x84\xe3\x81\x9d\xe3\x81\x8f",   2134, 1 },
    { "\xe3\x81\x91\xe3\x81\x84\xe3\x81\x9e\xe3\x81\x86",   2135, 1 },
    { "\xe3\x81\x91\xe3\x81\x84\xe3\x81\x9e\xe3\x81\x8f",   2136, 1 },
    { "\xe3\x81\x91\xe3\x81\x84\xe3\x81\x9e\xe3\x81\x8f\xe3\x81\xa6\xe3\x81\x8d",   2137, 1 },
    { "\xe3\x81\x91\xe3\x81\x84\xe3\x81\x9f\xe3\x81\x84",   2138, 1 },
    { "\xe3\x81\x91\xe3\x81\x84\xe3\x81\xa0\xe3\x81\x84",   2139, 1 },
    { "\xe3\x81\x91\xe3\x81\x84\xe3\x81\xa8\xe3\x81\x86",   2140, 1 },
    { "\xe3\x81\x91\xe3\x81\x84\xe3\x81\xa8\xe3\x81\x86\xe3\x81\xa6\xe3\x81\x8d",   2141, 1 },
    { "\xe3\x81\x91\xe3\x81\x84\xe3\x81\xb2",   2142, 1 },
    { "\xe3\x81\x91\xe3\x81\x84\xe3\x81\xb2\xe3\x82\x93",   2143, 1 },
    { "\xe3\x81\x91\xe3\x81\x84\xe3\x82\x82\xe3\x81\x86",   2144, 1 },
    { "\xe3\x81\x91\xe3\x81\x84\xe3\x82\x84\xe3\x81\x8f",   2145, 1 },
    { "\xe3\x81\x91\xe3\x81\x84\xe3\x82\x84\xe3\x81\x8f\xe3\x81\x97\xe3\x82\x87",   2146, 1 },
    { "\xe3\x81\x91\xe3\x81\x84\xe3\x82\x86",   2147, 1 },
    { "\xe3\x81\x91\xe3\x81\x84\xe3\x82\x88\xe3\x81\x86",   2148, 1 },
    { "\xe3\x81\x91\xe3\x81\x84\xe3\x82\x8a",   2149, 1 },
    { "\xe3\x81\x91\xe3\x81\x84\xe3\x82\x8a\xe3\x82\x87\xe3\x81\x86",   2150, 1 },
    { "\xe3\x81\x91\xe3\x81\x84\xe3\x82\x8a\xe3\x82\x87\xe3\x81\x86\xe3\x81\xa6\xe3\x81\x8d",   2151, 1 },
    { "\xe3\x81\x91\xe3\x81\x84\xe3\x82\x8c\xe3\x81\x8d",   2152, 1 },
    { "\xe3\x81\x91\xe3\x81\x84\xe3\x82\x8c\xe3\x81\xa4",   2153, 1 },
    { "\xe3\x81\x91\xe3\x81\x84\xe3\x82\x8c\xe3\x82\x93",   2154, 1 },
    { "\xe3\x81\x91\xe3\x81\x84\xe3\x82\x8d",   2155, 1 },
    { "\xe3\x81\x91\xe3\x81\x8c",   2156, 1 },
    { "\xe3\x81\x91\xe3\x81\x95",   2157, 2 },
    { "\xe3\x81\x91\xe3\x81\x97\xe3\x81\x8d",   2159, 1 },
    { "\xe3\x81\x91\xe3\x81\x97\xe3\x82\x87\xe3\x81\x86",   2160, 1 },
    { "\xe3\x81\x91\xe3\x81\x97\xe3\x82\x87\xe3\x81\x86\xe3\x81\xb0\xe3\x81\x93",   2161, 1 },
    { "\xe3\x81\x91\xe3\x81\x97\xe3\x82\x93",   2162, 1 },
    { "\xe3\x81\x91\xe3\x81\x9f",   2163, 1 },
    { "\xe3\x81\x91\xe3\x81\xa3\xe3\x81\x8b",   2164, 1 },
    { "\xe3\x81\x91\xe3\x81\xa3\xe3\x81\x8b\xe3\x82\x93",   2165, 1 },
    { "\xe3\x81\x91\xe3\x81\xa3\xe3\x81\x8d\xe3\x82\x87\xe3\x81\x8f",   2166, 1 },
    { "\xe3\x81\x91\xe3\x81\xa3\xe3\x81\x93\xe3\x81\x86",   2167, 1 },
    { "\xe3\x81\x91\xe3\x81\xa3\xe3\x81\x93\xe3\x82\x93",   2168, 1 },
    { "\xe3\x81\x91\xe3\x81\xa3\xe3\x81\x93\xe3\x82\x93\xe3\x81\x97\xe3\x81\x8d",   2169, 1 },
    { "\xe3\x81\x91\xe3\x81\xa3\xe3\x81\x95\xe3\x81\x8f",   2170, 1 },
    { "\xe3\x81\x91\xe3\x81\xa3\xe3\x81\x97\xe3\x82\x93",   2171, 1 },
    { "\xe3\x81\x91\xe3\x81\xa3\xe3\x81\x9b\xe3\x81\x8d",   2172, 1 },
    { "\xe3\x81\x91\xe3\x81\xa3\xe3\x81\x9b\xe3\x81\x8d\xe3\x81\xab\xe3\x81\xa3\xe3\x81\x99\xe3\x81\x86",   2173, 1 },
    { "\xe3\x81\x91\xe3\x81\xa3\xe3\x81\x9d\xe3\x82\x93",   2174, 1 },
    { "\xe3\x81\x91\xe3\x81\xa3\xe3\x81\xa1\xe3\x82\x83\xe3\x81\x8f",   2175, 1 },
    { "\xe3\x81\x91\xe3\x81\xa3\xe3\x81\xa6\xe3\x81\x84",   2176, 1 },
    { "\xe3\x81\x91\xe3\x81\xa3\xe3\x81\xa6\xe3\x82\x93",   2177, 1 },
    { "\xe3\x81\x91\xe3\x81\xa3\xe3\x81\xb1\xe3\x81\x8f",   2178, 1 },
    { "\xe3\x81\x91\xe3\x81\xa4",   2179, 8 },
    { "\xe3\x81\x91\xe3\x81\xa4\xe3\x81\x82\xe3\x81\xa4",   2187, 1 },
    { "\xe3\x81\x91\xe3\x81\xa4\xe3\x81\x94",   2188, 1 },
    { "\xe3\x81\x91\xe3\x81\xa4\xe3\x81\x94\xe3\x81\x86",   2189, 1 },
    { "\xe3\x81\x91\xe3\x81\xa4\xe3\x81\x94\xe3\x81\x86\xe3\x81\xbb\xe3\x81\x86\xe3\x81\x9d\xe3\x81\x8f",   2190, 1 },
    { "\xe3\x81\x91\xe3\x81\xa4\xe3\x81\x98\xe3\x82\x87",   2191, 1 },
    { "\xe3\x81\x91\xe3\x81\xa4\xe3\x82\x8d\xe3\x82\x93",   2192, 1 },
    { "\xe3\x81\x91\xe3\x81\xaf\xe3\x81\x84",   2193, 1 },
    { "\xe3\x81\x91\xe3\x81\xbf\xe3\x81\x8c\xe3\x82\x8f",   2194, 1 },
    { "\xe3\x81\x91\xe3\x82\x80",   2195, 1 },
    { "\xe3\x81\x91\xe3\x82\x80\xe3\x82\x8a",   2196, 1 },
    { "\xe3\x81\x91\xe3\x82\x82\xe3\x81\xae",   2197, 1 },
    { "\xe3\x81\x91\xe3\x82\x93",   2198, 8 },
    { "\xe3\x81\x91\xe3\x82\x93\xe3\x81\x82\xe3\x82\x93",   2206, 1 },
    { "\xe3\x81\x91\xe3\x82\x93\xe3\x81\x84",   2207, 1 },
    { "\xe3\x81\x91\xe3\x82\x93\xe3\x81\x84\xe3\x81\xa1",   2208, 1 },
    { "\xe3\x81\x91\xe3\x82\x93\xe3\x81\x8b",   2209, 1 },
    { "\xe3\x81\x91\xe3\x82\x93\xe3\x81\x8b\xe3\x81\x84",   2210, 1 },
    { "\xe3\x81\x91\xe3\x82\x93\xe3\x81\x8b\xe3\x81\x98\xe3\x82\x87\xe3\x81\x86\xe3\x81\x9a",   2211, 1 },
    { "\xe3\x81\x91\xe3\x82\x93\xe3\x81\x8c\xe3\x81\x8f",   2212, 1 },
    { "\xe3\x81\x91\xe3\x82\x93\xe3\x81\x8d\xe3\x82\x85\xe3\x81\x86",   2213, 1 },
    { "\xe3\x81\x91\xe3\x82\x93\xe3\x81\x8d\xe3\x82\x85\xe3\x81\x86\xe3\x81\x84\xe3\x82\x93",   2214, 1 },
    { "\xe3\x81\x91\xe3\x82\x93\xe3\x81\x8d\xe3\x82\x85\xe3\x81\x86\xe3\x81\x8b",   2215, 1 },
    { "\xe3\x81\x91\xe3\x82\x93\xe3\x81\x8d\xe3\x82\x85\xe3\x81\x86\xe3\x81\x8b\xe3\x81\x84",   2216, 1 },
    { "\xe3\x81\x91\xe3\x82\x93\xe3\x81\x8d\xe3\x82\x85\xe3\x81\x86\xe3\x81\x97\xe3\x81\xa4",   2217, 1 },
    { "\xe3\x81\x91\xe3\x82\x93\xe3\x81\x8d\xe3\x82\x85\xe3\x81\x86\xe3\x81\x97\xe3\x82\x83",   2218, 1 },
    { "\xe3\x81\x91\xe3\x82\x93\xe3\x81\x8d\xe3\x82\x85\xe3\x81\x86\xe3\x81\x97\xe3\x82\x87",   2219, 1 },
    { "\xe3\x81\x91\xe3\x82\x93\xe3\x81\x8d\xe3\x82\x85\xe3\x81\x86\xe3\x81\x98\xe3\x82\x87",   2220, 1 },
    { "\xe3\x81\x91\xe3\x82\x93\xe3\x81\x8d\xe3\x82\x85\xe3\x81\x86\xe3\x81\xb2",   2221, 1 },
    { "\xe3\x81\x91\xe3\x82\x93\xe3\x81\x92\xe3\x82\x93",   2222, 1 },
    { "\xe3\x81\x91\xe3\x82\x93\xe3\x81\x93\xe3\x81\x86",   2223, 1 },
    { "\xe3\x81\x91\xe3\x82\x93\xe3\x81\x93\xe3\x81\x86\xe3\x81\x97\xe3\x82\x93\xe3\x81\xa0\xe3\x82\x93",   2224, 1 },
    { "\xe3\x81\x91\xe3\x82\x93\xe3\x81\x95",   2225, 1 },
    { "\xe3\x81\x91\xe3\x82\x93\xe3\x81\x95\xe3\x81\x8f",   2226, 1 },
    { "\xe3\x81\x91\xe3\x82\x93\xe3\x81\x97",   2227, 1 },
    { "\xe3\x81\x91\xe3\x82\x93\xe3\x81\x97\xe3\x82\x85\xe3\x81\x86",   2228, 1 },
    { "\xe3\x81\x91\xe3\x82\x93\xe3\x81\x97\xe3\x82\x85\xe3\x81\x86\xe3\x81\x9b\xe3\x81\x84",   2229, 1 },
    { "\xe3\x81\x91\xe3\x82\x93\xe3\x81\x97\xe3\x82\x85\xe3\x81\xa4",   2230, 1 },
    { "\xe3\x81\x91\xe3\x82\x93\xe3\x81\x97\xe3\x82\x87\xe3\x81\x86",   2231, 1 },
    { "\xe3\x81\x91\xe3\x82\x93\xe3\x81\x97\xe3\x82\x87\xe3\x81\x86\xe3\x81\x91\xe3\x81\x84",   2232, 1 },
    { "\xe3\x81\x91\xe3\x82\x93\xe3\x81\x98",   2233, 1 },
    { "\xe3\x81\x91\xe3\x82\x93\xe3\x81\x98\xe3\x82\x87\xe3\x81\x86",   2234, 1 },
    { "\xe3\x81\x91\xe3\x82\x93\xe3\x81\x98\xe3\x82\x87\xe3\x81\x86\xe3\x81\x94",   2235, 1 },
    { "\xe3\x81\x91\xe3\x82\x93\xe3\x81\x9b\xe3\x81\xa4",   2236, 1 },
    { "\xe3\x81\x91\xe3\x82\x93\xe3\x81\x9b\xe3\x81\xa4\xe3\x81\xa6\xe3\x81\x8d",   2237, 1 },
    { "\xe3\x81\x91\xe3\x82\x93\xe3\x81\x9d\xe3\x81\x86",   2238, 1 },
    { "\xe3\x81\x91\xe3\x82\x93\xe3\x81\x9e\xe3\x81\x86\xe3\x81\xb6\xe3\x81\xa4",   2239, 1 },
    { "\xe3\x81\x91\xe3\x82\x93\xe3\x81\x9f\xe3\x82\x8d\xe3\x81\x86",   2240, 1 },
    { "\xe3\x81\x91\xe3\x82\x93\xe3\x81\xa1",   2241, 2 },
    { "\xe3\x81\x91\xe3\x82\x93\xe3\x81\xa1\xe3\x81\x8f",   2243, 1 },
    { "\xe3\x81\x91\xe3\x82\x93\xe3\x81\xa1\xe3\x82\x87",   2244, 1 },
    { "\xe3\x81\x91\xe3\x82\x93\xe3\x81\xa8\xe3\x81\x86",   2245, 2 },
    { "\xe3\x81\x91\xe3\x82\x93\xe3\x81\xa8\xe3\x81\x86\xe3\x81\xa1\xe3\x82\x85\xe3\x81\x86",   2247, 1 },
    { "\xe3\x81\x91\xe3\x82\x93\xe3\x81\xaa\xe3\x81\x84",   2248, 1 },
    { "\xe3\x81\x91\xe3\x82\x93\xe3\x81\xab\xe3\x82\x93",   2249, 1 },
    { "\xe3\x81\x91\xe3\x82\x93\xe3\x81\xb3\xe3\x81\x8d\xe3\x82\x87\xe3\x81\x86",   2250, 1 },
    { "\xe3\x81\x91\xe3\x82\x93\xe3\x81\xb6\xe3\x81\xa4",   2251, 1 },
    { "\xe3\x81\x91\xe3\x82\x93\xe3\x81\xbf\xe3\x82\x93",   2252, 1 },
    { "\xe3\x81\x91\xe3\x82\x93\xe3\x82\x80",   2253, 1 },
    { "\xe3\x81\x91\xe3\x82\x93\xe3\x82\x81\xe3\x81\x84",   2254, 2 },
    { "\xe3\x81\x91\xe3\x82\x93\xe3\x82\x8a",   2256, 1 },
    { "\xe3\x81\x91\xe3\x82\x93\xe3\x82\x8d\xe3\x82\x93",   2257, 1 },
    { "\xe3\x81\x92",   2258, 3 },
    { "\xe3\x81\x92\xe3\x81\x84",   2261, 4 },
    { "\xe3\x81\x92\xe3\x81\x84\xe3\x81\x8b",   2265, 1 },
    { "\xe3\x81\x92\xe3\x81\x84\xe3\x81\x98\xe3\x82\x85\xe3\x81\xa4",   2266, 1 },
    { "\xe3\x81\x92\xe3\x81\x8d",   2267, 5 },
    { "\xe3\x81\x92\xe3\x81\x8d\xe3\x81\x98\xe3\x82\x87\xe3\x81\x86",   2272, 1 },
    { "\xe3\x81\x92\xe3\x81\x8d\xe3\x81\xa6\xe3\x81\x8d",   2273, 1 },
    { "\xe3\x81\x92\xe3\x81\x8d\xe3\x81\xa8\xe3\x81\xa4",   2274, 1 },
    { "\xe3\x81\x92\xe3\x81\x8d\xe3\x81\xaf",   2275, 1 },
    { "\xe3\x81\x92\xe3\x81\x97\xe3\x82\x83",   2276, 1 },
    { "\xe3\x81\x92\xe3\x81\x97\xe3\x82\x85\xe3\x81\x8f",   2277, 1 },
    { "\xe3\x81\x92\xe3\x81\x98\xe3\x82\x85\xe3\x82\x93",   2278, 1 },
    { "\xe3\x81\x92\xe3\x81\xa3\xe3\x81\x8b\xe3\x82\x93",   2279, 1 },
    { "\xe3\x81\x92\xe3\x81\xa3\xe3\x81\x93\xe3\x81\x86",   2280, 1 },
    { "\xe3\x81\x92\xe3\x81\xa3\xe3\x81\xbd",   2281, 1 },
    { "\xe3\x81\x92\xe3\x81\xa4",   2282, 1 },
    { "\xe3\x81\x92\xe3\x81\xa4\xe3\x82\x88\xe3\x81\x86",   2283, 1 },
    { "\xe3\x81\x92\xe3\x81\xa4\xe3\x82\x88\xe3\x81\x86\xe3\x81\xb3",   2284, 1 },
    { "\xe3\x81\x92\xe3\x82\x93",   2285, 8 },
    { "\xe3\x81\x92\xe3\x82\x93\xe3\x81\x82\xe3\x82\x93",   2293, 1 },
    { "\xe3\x81\x92\xe3\x82\x93\xe3\x81\x84\xe3\x82\x93",   2294, 1 },
    { "\xe3\x81\x92\xe3\x82\x93\xe3\x81\x84\xe3\x82\x93\xe3\x81\xb5\xe3\x82\x81\xe3\x81\x84",   2295, 1 },
    { "\xe3\x81\x92\xe3\x82\x93\xe3\x81\x8b\xe3\x81\x84",   2296, 1 },
    { "\xe3\x81\x92\xe3\x82\x93\xe3\x81\x8d",   2297, 1 },
    { "\xe3\x81\x92\xe3\x82\x93\xe3\x81\x8d\xe3\x82\x85\xe3\x81\x86",   2298, 1 },
    { "\xe3\x81\x92\xe3\x82\x93\xe3\x81\x8d\xe3\x82\x87\xe3\x81\x86",   2299, 1 },
    { "\xe3\x81\x92\xe3\x82\x93\xe3\x81\x8d\xe3\x82\x93",   2300, 1 },
    { "\xe3\x81\x92\xe3\x82\x93\xe3\x81\x93\xe3\x81\x86",   2301, 2 },
    { "\xe3\x81\x92\xe3\x82\x93\xe3\x81\x94",   2303, 1 },
    { "\xe3\x81\x92\xe3\x82\x93\xe3\x81\x95\xe3\x81\x8f",   2304, 1 },
    { "\xe3\x81\x92\xe3\x82\x93\xe3\x81\x96\xe3\x81\x84",   2305, 1 },
    { "\xe3\x81\x92\xe3\x82\x93\xe3\x81\x96\xe3\x81\x84\xe3\x81\x84\xe3\x81\xa1",   2306, 1 },
    { "\xe3\x81\x92\xe3\x82\x93\xe3\x81\x97",   2307, 1 },
    { "\xe3\x81\x92\xe3\x82\x93\xe3\x81\x97\xe3\x81\x8b\xe3\x81\x8f",   2308, 1 },
    { "\xe3\x81\x92\xe3\x82\x93\xe3\x81\x97\xe3\x82\x85",   2309, 1 },
    { "\xe3\x81\x92\xe3\x82\x93\xe3\x81\x97\xe3\x82\x87",   2310, 1 },
    { "\xe3\x81\x92\xe3\x82\x93\xe3\x81\x97\xe3\x82\x87\xe3\x81\x86",   2311, 2 },
    { "\xe3\x81\x92\xe3\x82\x93\xe3\x81\x97\xe3\x82\x8a\xe3\x82\x87\xe3\x81\x8f",   2313, 1 },
    { "\xe3\x81\x92\xe3\x82\x93\xe3\x81\x98\xe3\x81\xa4",   2314, 1 },
    { "\xe3\x81\x92\xe3\x82\x93\xe3\x81\x98\xe3\x81\xa4\xe3\x81\xa6\xe3\x81\x8d",   2315, 1 },
    { "\xe3\x81\x92\xe3\x82\x93\xe3\x81\x98\xe3\x81\xa6\xe3\x82\x93",   2316, 1 },
    { "\xe3\x81\x92\xe3\x82\x93\xe3\x81\x98\xe3\x82\x85\xe3\x81\x86",   2317, 1 },
    { "\xe3\x81\x92\xe3\x82\x93\xe3\x81\x98\xe3\x82\x87\xe3\x81\x86",   2318, 2 },
    { "\xe3\x81\x92\xe3\x82\x93\xe3\x81\x9d\xe3\x81\x8f",   2320, 1 },
    { "\xe3\x81\x92\xe3\x82\x93\xe3\x81\x9e\xe3\x82\x93",   2321, 1 },
    { "\xe3\x81\x92\xe3\x82\x93\xe3\x81\xa0\xe3\x81\x84",   2322, 1 },
    { "\xe3\x81\x92\xe3\x82\x93\xe3\x81\xa1",   2323, 1 },
    { "\xe3\x81\x92\xe3\x82\x93\xe3\x81\xa1\xe3\x82\x87",   2324, 1 },
    { "\xe3\x81\x92\xe3\x82\x93\xe3\x81\xa6\xe3\x81\x84",   2325, 1 },
    { "\xe3\x81\x92\xe3\x82\x93\xe3\x81\xa6\xe3\x82\x93",   2326, 1 },
    { "\xe3\x81\x92\xe3\x82\x93\xe3\x81\xa9",   2327, 1 },
    { "\xe3\x81\x92\xe3\x82\x93\xe3\x81\xb0",   2328, 1 },
    { "\xe3\x81\x92\xe3\x82\x93\xe3\x81\xb1\xe3\x81\xa4",   2329, 1 },
    { "\xe3\x81\x92\xe3\x82\x93\xe3\x81\xb6\xe3\x82\x93",   2330, 1 },
    { "\xe3\x81\x92\xe3\x82\x93\xe3\x81\xba\xe3\x81\x84",   2331, 1 },
    { "\xe3\x81\x92\xe3\x82\x93\xe3\x81\xbd\xe3\x82\x93",   2332, 1 },
    { "\xe3\x81\x92\xe3\x82\x93\xe3\x81\xbe\xe3\x81\x84",   2333, 1 },
    { "\xe3\x81\x92\xe3\x82\x93\xe3\x81\xbf\xe3\x81\xa4",   2334, 1 },
    { "\xe3\x81\x92\xe3\x82\x93\xe3\x82\x8a",   2335, 1 },
    { "\xe3\x81\x92\xe3\x82\x93\xe3\x82\x8a\xe3\x81\xa6\xe3\x81\x8d",   2336, 1 },
    { "\xe3\x81\x92\xe3\x82\x93\xe3\x82\x8a\xe3\x82\x87\xe3\x81\x86",   2337, 1 },
    { "\xe3\x81\x93",   2338, 8 },
    { "\xe3\x81\x93\xe3\x81\x82\xe3\x81\xbf",   2346, 1 },
    { "\xe3\x81\x93\xe3\x81\x84",   2347, 3 },
    { "\xe3\x81\x93\xe3\x81\x84\xe3\x81\x97",   2350, 1 },
    { "\xe3\x81\x93\xe3\x81\x84\xe3\x81\xb3\xe3\x81\xa8",   2351, 1 },
    { "\xe3\x81\x93\xe3\x81\x86",   2352, 8 },
    { "\xe3\x81\x93\xe3\x81\x86\xe3\x81\x82\xe3\x82\x93",   2360, 1 },
    { "\xe3\x81\x93\xe3\x81\x86\xe3\x81\x84",   2361, 2 },
    { "\xe3\x81\x93\xe3\x81\x86\xe3\x81\x84\xe3\x81\x8d",   2363, 1 },
    { "\xe3\x81\x93\xe3\x81\x86\xe3\x81\x84\xe3\x81\x97\xe3\x82\x87\xe3\x81\x86",   2364, 1 },
    { "\xe3\x81\x93\xe3\x81\x86\xe3\x81\x84\xe3\x81\xa1",   2365, 3 },
    { "\xe3\x81\x93\xe3\x81\x86\xe3\x81\x86\xe3\x82\x93",   2368, 1 },
    { "\xe3\x81\x93\xe3\x81\x86\xe3\x81\x88\xe3\x82\x93",   2369, 3 },
    { "\xe3\x81\x93\xe3\x81\x86\xe3\x81\x88\xe3\x82\x93\xe3\x81\x8b\xe3\x81\x84",   2372, 1 },
    { "\xe3\x81\x93\xe3\x81\x86\xe3\x81\x88\xe3\x82\x93\xe3\x81\x98",   2373, 1 },
    { "\xe3\x81\x93\xe3\x81\x86\xe3\x81\x8b",   2374, 3 },
    { "\xe3\x81\x93\xe3\x81\x86\xe3\x81\x8b\xe3\x81\x84",   2377, 3 },
    { "\xe3\x81\x93\xe3\x81\x86\xe3\x81\x8b\xe3\x81\x84\xe3\x82\x8d\xe3\x82\x93\xe3\x82\x8a",   2380, 1 },
    { "\xe3\x81\x93\xe3\x81\x86\xe3\x81\x8b\xe3\x81\x8d\xe3\x81\x8b\xe3\x81\x88",   2381, 1 },
    { "\xe3\x81\x93\xe3\x81\x86\xe3\x81\x8b\xe3\x81\x9b\xe3\x82\x93\xe3\x82\x8d",   2382, 1 },
    { "\xe3\x81\x93\xe3\x81\x86\xe3\x81\x8b\xe3\x82\x93",   2383, 1 },
    { "\xe3\x81\x93\xe3\x81\x86\xe3\x81\x8b\xe3\x82\x93\xe3\x81\x91\xe3\x81\x84",   2384, 1 },
    { "\xe3\x81\x93\xe3\x81\x86\xe3\x81\x8c\xe3\x81\x84",   2385, 1 },
    { "\xe3\x81\x93\xe3\x81\x86\xe3\x81\x8c\xe3\x81\x8f",   2386, 1 },
    { "\xe3\x81\x93\xe3\x81\x86\xe3\x81\x8c\xe3\x81\x8f\xe3\x81\x8b",   2387, 1 },
    { "\xe3\x81\x93\xe3\x81\x86\xe3\x81\x8c\xe3\x81\x8f\xe3\x81\xaf\xe3\x81\x8b\xe3\x81\x9b",   2388, 1 },
    { "\xe3\x81\x93\xe3\x81\x86\xe3\x81\x8c\xe3\x81\x8f\xe3\x81\xb6",   2389, 1 },
    { "\xe3\x81\x93\xe3\x81\x86\xe3\x81\x8c\xe3\x81\xa3\xe3\x81\x8b",   2390, 1 },
    { "\xe3\x81\x93\xe3\x81\x86\xe3\x81\x8d",   2391, 2 },
    { "\xe3\x81\x93\xe3\x81\x86\xe3\x81\x8d\xe3\x81\x97\xe3\x82\x93",   2393, 1 },
    { "\xe3\x81\x93\xe3\x81\x86\xe3\x81\x8d\xe3\x81\xa1",   2394, 1 },
    { "\xe3\x81\x93\xe3\x81\x86\xe3\x81\x8d\xe3\x82\x85\xe3\x81\x86",   2395, 1 },
    { "\xe3\x81\x93\xe3\x81\x86\xe3\x81\x8d\xe3\x82\x87\xe3\x81\x86",   2396, 2 },
    { "\xe3\x81\x93\xe3\x81\x86\xe3\x81\x8d\xe3\x82\x87\xe3\x81\x86\xe3\x81\x8d\xe3\x82\x87\xe3\x81\x8f",   2398, 1 },
    { "\xe3\x81\x93\xe3\x81\x86\xe3\x81\x8e",   2399, 2 },
    { "\xe3\x81\x93\xe3\x81\x86\xe3\x81\x8e\xe3\x82\x87\xe3\x81\x86",   2401, 2 },
    { "\xe3\x81\x93\xe3\x81\x86\xe3\x81\x8f\xe3\x81\x86",   2403, 1 },
    { "\xe3\x81\x93\xe3\x81\x86\xe3\x81\x90",   2404, 1 },
    { "\xe3\x81\x93\xe3\x81\x86\xe3\x81\x91\xe3\x81\x84",   2405, 1 },
    { "\xe3\x81\x93\xe3\x81\x86\xe3\x81\x91\xe3\x81\x84\xe3\x81\x97\xe3\x82\x83",   2406, 1 },
    { "\xe3\x81\x93\xe3\x81\x86\xe3\x81\x91\xe3\x82\x93",   2407, 1 },
    { "\xe3\x81\x93\xe3\x81\x86\xe3\x81\x92\xe3\x81\x8d",   2408, 1 },
    { "\xe3\x81\x93\xe3\x81\x86\xe3\x81\x93\xe3\x81\x86",   2409, 2 },
    { "\xe3\x81\x93\xe3\x81\x86\xe3\x81\x93\xe3\x81\x86\xe3\x81\x9b\xe3\x81\x84",   2411, 1 },
    { "\xe3\x81\x93\xe3\x81\x86\xe3\x81\x93\xe3\x81\x8f",   2412, 1 },
    { "\xe3\x81\x93\xe3\x81\x86\xe3\x81\x94",   2413, 1 },
    { "\xe3\x81\x93\xe3\x81\x86\xe3\x81\x94\xe3\x81\x86",   2414, 1 },
    { "\xe3\x81\x93\xe3\x81\x86\xe3\x81\x95",   2415, 1 },
    { "\xe3\x81\x93\xe3\x81\x86\xe3\x81\x95\xe3\x81\x8f",   2416, 1 },
    { "\xe3\x81\x93\xe3\x81\x86\xe3\x81\x95\xe3\x81\xa4",   2417, 1 },
    { "\xe3\x81\x93\xe3\x81\x86\xe3\x81\x96",   2418, 2 },
    { "\xe3\x81\x93\xe3\x81\x86\xe3\x81\x96\xe3\x82\x93",   2420, 1 },
    { "\xe3\x81\x93\xe3\x81\x86\xe3\x81\x97",   2421, 3 },
    { "\xe3\x81\x93\xe3\x81\x86\xe3\x81\x97\xe3\x81\x8d",   2424, 1 },
    { "\xe3\x81\x93\xe3\x81\x86\xe3\x81\x97\xe3\x81\x8e\xe3\x82\x87\xe3\x82\x89\xe3\x81\x84",   2425, 1 },
    { "\xe3\x81\x93\xe3\x81\x86\xe3\x81\x97\xe3\x81\xa4",   2426, 1 },
    { "\xe3\x81\x93\xe3\x81\x86\xe3\x81\x97\xe3\x81\xa6\xe3\x82\x93",   2427, 1 },
    { "\xe3\x81\x93\xe3\x81\x86\xe3\x81\x97\xe3\x82\x83",   2428, 3 },
    { "\xe3\x81\x93\xe3\x81\x86\xe3\x81\x97\xe3\x82\x85\xe3\x81\x86",   2431, 2 },
    { "\xe3\x81\x93\xe3\x81\x86\xe3\x81\x97\xe3\x82\x85\xe3\x81\x86\xe3\x81\x8b\xe3\x81\x84",   2433, 1 },
    { "\xe3\x81\x93\xe3\x81\x86\xe3\x81\x97\xe3\x82\x87\xe3\x81\x86",   2434, 1 },
    { "\xe3\x81\x93\xe3\x81\x86\xe3\x81\x97\xe3\x82\x93",   2435, 2 },
    { "\xe3\x81\x93\xe3\x81\x86\xe3\x81\x98",   2437, 4 },
    { "\xe3\x81\x93\xe3\x81\x86\xe3\x81\x98\xe3\x81\xa4",   2441, 1 },
    { "\xe3\x81\x93\xe3\x81\x86\xe3\x81\x98\xe3\x82\x85\xe3\x81\xa4",   2442, 1 },
    { "\xe3\x81\x93\xe3\x81\x86\xe3\x81\x98\xe3\x82\x87\xe3\x81\x86",   2443, 2 },
    { "\xe3\x81\x93\xe3\x81\x86\xe3\x81\x99\xe3\x81\x84\xe3\x81\x84",   2445, 1 },
    { "\xe3\x81\x93\xe3\x81\x86\xe3\x81\x99\xe3\x81\x86",   2446, 1 },
    { "\xe3\x81\x93\xe3\x81\x86\xe3\x81\x9a",   2447, 1 },
    { "\xe3\x81\x93\xe3\x81\x86\xe3\x81\x9b\xe3\x81\x84",   2448, 5 },
    { "\xe3\x81\x93\xe3\x81\x86\xe3\x81\x9b\xe3\x81\x84\xe3\x81\x8d\xe3\x81\x9d\xe3\x81\x8f",   2453, 1 },
    { "\xe3\x81\x93\xe3\x81\x86\xe3\x81\x9b\xe3\x81\x84\xe3\x81\x91\xe3\x81\x84",   2454, 1 },
    { "\xe3\x81\x93\xe3\x81\x86\xe3\x81\x9b\xe3\x81\x84\xe3\x81\x97",   2455, 1 },
    { "\xe3\x81\x93\xe3\x81\x86\xe3\x81\x9b\xe3\x81\x84\xe3\x81\xa6\xe3\x81\x8d",   2456, 1 },
    { "\xe3\x81\x93\xe3\x81\x86\xe3\x81\x9b\xe3\x81\x84\xe3\x81\xae\xe3\x81\x86",   2457, 1 },
    { "\xe3\x81\x93\xe3\x81\x86\xe3\x81\x9b\xe3\x81\x84\xe3\x82\x88\xe3\x81\x86\xe3\x81\x9d",   2458, 1 },
    { "\xe3\x81\x93\xe3\x81\x86\xe3\x81\x9b\xe3\x82\x93",   2459, 2 },
    { "\xe3\x81\x93\xe3\x81\x86\xe3\x81\x9d\xe3\x81\x86",   2461, 1 },
    { "\xe3\x81\x93\xe3\x81\x86\xe3\x81\x9d\xe3\x81\x8f",   2462, 2 },
    { "\xe3\x81\x93\xe3\x81\x86\xe3\x81\x9d\xe3\x81\x8f\xe3\x81\x8b",   2464, 1 },
    { "\xe3\x81\x93\xe3\x81\x86\xe3\x81\x9e\xe3\x81\x86",   2465, 1 },
    { "\xe3\x81\x93\xe3\x81\x86\xe3\x81\x9e\xe3\x81\x86\xe3\x81\x9f\xe3\x81\x84",   2466, 1 },
    { "\xe3\x81\x93\xe3\x81\x86\xe3\x81\x9e\xe3\x81\x86\xe3\x81\xa6\xe3\x81\x8d",   2467, 1 },
    { "\xe3\x81\x93\xe3\x81\x86\xe3\x81\x9f",   2468, 1 },
    { "\xe3\x81\x93\xe3\x81\x86\xe3\x81\x9f\xe3\x81\x84",   2469, 1 },
    { "\xe3\x81\x93\xe3\x81\x86\xe3\x81\xa0\xe3\x81\x84",   2470, 1 },
    { "\xe3\x81\x93\xe3\x81\x86\xe3\x81\xa0\xe3\x82\x93\xe3\x81\x97\xe3\x82\x83",   2471, 1 },
    { "\xe3\x81\x93\xe3\x81\x86\xe3\x81\xa1",   2472, 1 },
    { "\xe3\x81\x93\xe3\x81\x86\xe3\x81\xa1\xe3\x81\x8f",   2473, 1 },
    { "\xe3\x81\x93\xe3\x81\x86\xe3\x81\xa1\xe3\x82\x83",   2474, 1 },
    { "\xe3\x81\x93\xe3\x81\x86\xe3\x81\xa1\xe3\x82\x87\xe3\x81\x86",   2475, 2 },
    { "\xe3\x81\x93\xe3\x81\x86\xe3\x81\xa1\xe3\x82\x87\xe3\x81\x86\xe3\x81\x97\xe3\x81\xa4",   2477, 1 },
    { "\xe3\x81\x93\xe3\x81\x86\xe3\x81\xa4\xe3\x81\x86",   2478, 1 },
    { "\xe3\x81\x93\xe3\x81\x86\xe3\x81\xa4\xe3\x81\x86\xe3\x81\x93\xe3\x81\x86\xe3\x81\x97\xe3\x82\x83",   2479, 1 },
    { "\xe3\x81\x93\xe3\x81\x86\xe3\x81\xa4\xe3\x81\x86\xe3\x81\xb2",   2480, 1 },
    { "\xe3\x81\x93\xe3\x81\x86\xe3\x81\xa4\xe3\x81\x94\xe3\x81\x86",   2481, 1 },
    { "\xe3\x81\x93\xe3\x81\x86\xe3\x81\xa6\xe3\x81\x84",   2482, 3 },
    { "\xe3\x81\x93\xe3\x81\x86\xe3\x81\xa6\xe3\x82\x93",   2485, 1 },
    { "\xe3\x81\x93\xe3\x81\x86\xe3\x81\xa7\xe3\x82\x93",   2486, 1 },
    { "\xe3\x81\x93\xe3\x81\x86\xe3\x81\xa8\xe3\x81\x86",   2487, 3 },
    { "\xe3\x81\x93\xe3\x81\x86\xe3\x81\xa8\xe3\x81\x86\xe3\x81\x8f",   2490, 1 },
    { "\xe3\x81\x93\xe3\x81\x86\xe3\x81\xa8\xe3\x81\x86\xe3\x81\xb6",   2491, 1 },
    { "\xe3\x81\x93\xe3\x81\x86\xe3\x81\xa9",   2492, 1 },
    { "\xe3\x81\x93\xe3\x81\x86\xe3\x81\xa9\xe3\x81\x86",   2493, 2 },
    { "\xe3\x81\x93\xe3\x81\x86\xe3\x81\xa9\xe3\x81\x8f",   2495, 1 },
    { "\xe3\x81\x93\xe3\x81\x86\xe3\x81\xab\xe3\x82\x85\xe3\x81\x86",   2496, 1 },
    { "\xe3\x81\x93\xe3\x81\x86\xe3\x81\xae",   2497, 1 },
    { "\xe3\x81\x93\xe3\x81\x86\xe3\x81\xaf\xe3\x81\x84",   2498, 2 },
    { "\xe3\x81\x93\xe3\x81\x86\xe3\x81\xaf\xe3\x81\x8f",   2500, 1 },
    { "\xe3\x81\x93\xe3\x81\x86\xe3\x81\xaf\xe3\x82\x93",   2501, 1 },
    { "\xe3\x81\x93\xe3\x81\x86\xe3\x81\xb0\xe3\x81\x84",   2502, 1 },
    { "\xe3\x81\x93\xe3\x81\x86\xe3\x81\xb2",   2503, 1 },
    { "\xe3\x81\x93\xe3\x81\x86\xe3\x81\xb2\xe3\x82\x87\xe3\x81\x86",   2504, 3 },
    { "\xe3\x81\x93\xe3\x81\x86\xe3\x81\xb5",   2507, 2 },
    { "\xe3\x81\x93\xe3\x81\x86\xe3\x81\xb5\xe3\x81\x8f",   2509, 1 },
    { "\xe3\x81\x93\xe3\x81\x86\xe3\x81\xb5\xe3\x81\x97",   2510, 1 },
    { "\xe3\x81\x93\xe3\x81\x86\xe3\x81\xb6\xe3\x82\x93",   2511, 1 },
    { "\xe3\x81\x93\xe3\x81\x86\xe3\x81\xb6\xe3\x82\x93\xe3\x81\x8d\xe3\x81\x9d\xe3\x81\x8f",   2512, 1 },
    { "\xe3\x81\x93\xe3\x81\x86\xe3\x81\xb6\xe3\x82\x93\xe3\x81\x97",   2513, 1 },
    { "\xe3\x81\x93\xe3\x81\x86\xe3\x81\xb6\xe3\x82\x93\xe3\x82\x8d\xe3\x82\x93",   2514, 1 },
    { "\xe3\x81\x93\xe3\x81\x86\xe3\x81\xb8\xe3\x81\x84",   2515, 1 },
    { "\xe3\x81\x93\xe3\x81\x86\xe3\x81\xb9",   2516, 2 },
    { "\xe3\x81\x93\xe3\x81\x86\xe3\x81\xbb",   2518, 1 },
    { "\xe3\x81\x93\xe3\x81\x86\xe3\x81\xbb\xe3\x81\x86",   2519, 1 },
    { "\xe3\x81\x93\xe3\x81\x86\xe3\x81\xbb\xe3\x81\x97\xe3\x82\x83",   2520, 1 },
    { "\xe3\x81\x93\xe3\x81\x86\xe3\x81\xbc",   2521, 1 },
    { "\xe3\x81\x93\xe3\x81\x86\xe3\x81\xbf\xe3\x82\x87\xe3\x81\x86",   2522, 1 },
    { "\xe3\x81\x93\xe3\x81\x86\xe3\x82\x80",   2523, 1 },
    { "\xe3\x81\x93\xe3\x81\x86\xe3\x82\x80\xe3\x81\x84\xe3\x82\x93",   2524, 1 },
    { "\xe3\x81\x93\xe3\x81\x86\xe3\x82\x82\xe3\x81\x8f",   2525, 1 },
    { "\xe3\x81\x93\xe3\x81\x86\xe3\x82\x84",   2526, 1 },
    { "\xe3\x81\x93\xe3\x81\x86\xe3\x82\x88\xe3\x81\x86",   2527, 2 },
    { "\xe3\x81\x93\xe3\x81\x86\xe3\x82\x89\xe3\x81\x8f\xe3\x81\x88\xe3\x82\x93",   2529, 1 },
    { "\xe3\x81\x93\xe3\x81\x86\xe3\x82\x8a",   2530, 1 },
    { "\xe3\x81\x93\xe3\x81\x86\xe3\x82\x8a\xe3\x81\x91\xe3\x81\x84",   2531, 1 },
    { "\xe3\x81\x93\xe3\x81\x86\xe3\x82\x8a\xe3\x81\xa4",   2532, 1 },
    { "\xe3\x81\x93\xe3\x81\x86\xe3\x82\x8a\xe3\x81\xa4\xe3\x81\xa6\xe3\x81\x8d",   2533, 1 },
    { "\xe3\x81\x93\xe3\x81\x86\xe3\x82\x8a\xe3\x82\x85\xe3\x81\x86",   2534, 1 },
    { "\xe3\x81\x93\xe3\x81\x86\xe3\x82\x8a\xe3\x82\x87",   2535, 1 },
    { "\xe3\x81\x93\xe3\x81\x86\xe3\x82\x8a\xe3\x82\x87\xe3\x81\x86",   2536, 1 },
    { "\xe3\x81\x93\xe3\x81\x86\xe3\x82\x8d",   2537, 1 },
    { "\xe3\x81\x93\xe3\x81\x88",   2538, 3 },
    { "\xe3\x81\x93\xe3\x81\x8a\xe3\x82\x8a",   2541, 1 },
    { "\xe3\x81\x93\xe3\x81\x8c\xe3\x81\x9f",   2542, 1 },
    { "\xe3\x81\x93\xe3\x81\x8d\xe3\x82\x85\xe3\x81\x86",   2543, 1 },
    { "\xe3\x81\x93\xe3\x81\x8d\xe3\x82\x85\xe3\x81\x86\xe3\x81\x8a\xe3\x82\x93",   2544, 1 },
    { "\xe3\x81\x93\xe3\x81\x8f",   2545, 8 },
    { "\xe3\x81\x93\xe3\x81\x8f\xe3\x81\x8a\xe3\x81\x86",   2553, 1 },
    { "\xe3\x81\x93\xe3\x81\x8f\xe3\x81\x93\xe3\x81\x86\xe3\x82\x8a\xe3\x81\xa4",   2554, 1 },
    { "\xe3\x81\x93\xe3\x81\x8f\xe3\x81\x94",   2555, 1 },
    { "\xe3\x81\x93\xe3\x81\x8f\xe3\x81\x94\xe3\x81\x98\xe3\x81\xa6\xe3\x82\x93",   2556, 1 },
    { "\xe3\x81\x93\xe3\x81\x8f\xe3\x81\x95\xe3\x81\x84",   2557, 1 },
    { "\xe3\x81\x93\xe3\x81\x8f\xe3\x81\x95\xe3\x81\x84\xe3\x81\x8b\xe3\x81\x84\xe3\x81\x8e",   2558, 1 },
    { "\xe3\x81\x93\xe3\x81\x8f\xe3\x81\x95\xe3\x81\x84\xe3\x81\x91\xe3\x82\x93",   2559, 1 },
    { "\xe3\x81\x93\xe3\x81\x8f\xe3\x81\x95\xe3\x81\x84\xe3\x81\x97\xe3\x82\x87\xe3\x81\x8f",   2560, 1 },
    { "\xe3\x81\x93\xe3\x81\x8f\xe3\x81\xa6\xe3\x81\xa4",   2561, 1 },
    { "\xe3\x81\x93\xe3\x81\x8f\xe3\x81\xa9\xe3\x81\x86",   2562, 1 },
    { "\xe3\x81\x93\xe3\x81\x8f\xe3\x81\xaa\xe3\x81\x84",   2563, 1 },
    { "\xe3\x81\x93\xe3\x81\x8f\xe3\x81\xb0\xe3\x82\x93",   2564, 1 },
    { "\xe3\x81\x93\xe3\x81\x8f\xe3\x81\xb3\xe3\x82\x83\xe3\x81\x8f",   2565, 1 },
    { "\xe3\x81\x93\xe3\x81\x8f\xe3\x81\xb6\xe3\x82\x93\xe3\x81\xa1\xe3\x82\x87\xe3\x81\x86",   2566, 1 },
    { "\xe3\x81\x93\xe3\x81\x8f\xe3\x81\xbf\xe3\x82\x93",   2567, 1 },
    { "\xe3\x81\x93\xe3\x81\x8f\xe3\x82\x8a\xe3\x81\xa4",   2568, 1 },
    { "\xe3\x81\x93\xe3\x81\x93",   2569, 1 },
    { "\xe3\x81\x93\xe3\x81\x93\xe3\x81\xa1",   2570, 1 },
    { "\xe3\x81\x93\xe3\x81\x93\xe3\x81\xae",   2571, 1 },
    { "\xe3\x81\x93\xe3\x81\x93\xe3\x82\x8d",   2572, 1 },
    { "\xe3\x81\x93\xe3\x81\x93\xe3\x82\x8d\xe3\x81\x96\xe3\x81\x97",   2573, 1 },
    { "\xe3\x81\x93\xe3\x81\x93\xe3\x82\x93",   2574, 1 },
    { "\xe3\x81\x93\xe3\x81\x94\xe3\x81\x88",   2575, 1 },
    { "\xe3\x81\x93\xe3\x81\x95\xe3\x82\x81",   2576, 1 },
    { "\xe3\x81\x93\xe3\x81\x97",   2577, 1 },
    { "\xe3\x81\x93\xe3\x81\x97\xe3\x81\x8d",   2578, 1 },
    { "\xe3\x81\x93\xe3\x81\x97\xe3\x81\xa4",   2579, 1 },
    { "\xe3\x81\x93\xe3\x81\x97\xe3\x82\x87\xe3\x81\x86",   2580, 1 },
    { "\xe3\x81\x93\xe3\x81\x97\xe3\x82\x87\xe3\x81\x86\xe3\x81\xa1\xe3\x82\x85\xe3\x81\x86",   2581, 1 },
    { "\xe3\x81\x93\xe3\x81\x98",   2582, 1 },
    { "\xe3\x81\x93\xe3\x81\x98\xe3\x81\xbe",   2583, 2 },
    { "\xe3\x81\x93\xe3\x81\x98\xe3\x82\x93",   2585, 1 },
    { "\xe3\x81\x93\xe3\x81\x98\xe3\x82\x93\xe3\x81\x98\xe3\x82\x87\xe3\x81\x86\xe3\x81\xbb\xe3\x81\x86",   2586, 1 },
    { "\xe3\x81\x93\xe3\x81\x98\xe3\x82\x93\xe3\x81\xa6\xe3\x81\x8d",   2587, 1 },
    { "\xe3\x81\x93\xe3\x81\x99\xe3\x81\x86",   2588, 1 },
    { "\xe3\x81\x93\xe3\x81\x9b\xe3\x81\x84",   2589, 1 },
    { "\xe3\x81\x93\xe3\x81\x9b\xe3\x81\x8d",   2590, 1 },
    { "\xe3\x81\x93\xe3\x81\x9b\xe3\x81\x8d\xe3\x81\xa8\xe3\x81\x86\xe3\x81\xbb\xe3\x82\x93",   2591, 1 },
    { "\xe3\x81\x93\xe3\x81\x9c\xe3\x81\xab",   2592, 1 },
    { "\xe3\x81\x93\xe3\x81\x9f\xe3\x81\x88",   2593, 1 },
    { "\xe3\x81\x93\xe3\x81\x9f\xe3\x81\xa4",   2594, 1 },
    { "\xe3\x81\x93\xe3\x81\x9f\xe3\x81\xab",   2595, 1 },
    { "\xe3\x81\x93\xe3\x81\xa3\xe3\x81\x8b",   2596, 4 },
    { "\xe3\x81\x93\xe3\x81\xa4",   2600, 3 },
    { "\xe3\x81\x93\xe3\x81\xa6\xe3\x81\x84",   2603, 1 },
    { "\xe3\x81\x93\xe3\x81\xa6\xe3\x81\x84\xe3\x81\xa6\xe3\x81\x8d",   2604, 1 },
    { "\xe3\x81\x93\xe3\x81\xa8",   2605, 5 },
    { "\xe3\x81\x93\xe3\x81\xa8\xe3\x81\x8c\xe3\x82\x89",   2610, 1 },
    { "\xe3\x81\x93\xe3\x81\xa8\xe3\x81\x97",   2611, 1 },
    { "\xe3\x81\x93\xe3\x81\xa8\xe3\x81\xb0",   2612, 1 },
    { "\xe3\x81\x93\xe3\x81\xa8\xe3\x81\xb6\xe3\x81\x8d",   2613, 1 },
    { "\xe3\x81\x93\xe3\x81\xa8\xe3\x82\x8a",   2614, 1 },
    { "\xe3\x81\x93\xe3\x81\xa9\xe3\x82\x82",   2615, 2 },
    { "\xe3\x81\x93\xe3\x81\xaa",   2617, 1 },
    { "\xe3\x81\x93\xe3\x81\xaf\xe3\x81\x8f",   2618, 1 },
    { "\xe3\x81\x93\xe3\x81\xaf\xe3\x82\x8b",   2619, 1 },
    { "\xe3\x81\x93\xe3\x81\xb0\xe3\x81\x97",   2620, 1 },
    { "\xe3\x81\x93\xe3\x81\xb0\xe3\x82\x84\xe3\x81\x97",   2621, 1 },
    { "\xe3\x81\x93\xe3\x81\xb6\xe3\x81\x97",   2622, 1 },
    { "\xe3\x81\x93\xe3\x81\xb9\xe3\x81\xa4",   2623, 1 },
    { "\xe3\x81\x93\xe3\x81\xbe",   2624, 3 },
    { "\xe3\x81\x93\xe3\x81\xbe\xe3\x81\x84\xe3\x81\xac",   2627, 1 },
    { "\xe3\x81\x93\xe3\x81\xbe\xe3\x81\x94\xe3\x82\x81",   2628, 1 },
    { "\xe3\x81\x93\xe3\x81\xbe\xe3\x81\x96\xe3\x82\x8f",   2629, 1 },
    { "\xe3\x81\x93\xe3\x81\xbe\xe3\x81\xa4",   2630, 1 },
    { "\xe3\x81\x93\xe3\x81\xbe\xe3\x81\xa4\xe3\x81\xa0",   2631, 1 },
    { "\xe3\x81\x93\xe3\x81\xbe\xe3\x81\xa4\xe3\x81\xb0\xe3\x82\x89",   2632, 1 },
    { "\xe3\x81\x93\xe3\x81\xbe\xe3\x81\xb0",   2633, 1 },
    { "\xe3\x81\x93\xe3\x81\xbe\xe3\x82\x81",   2634, 1 },
    { "\xe3\x81\x93\xe3\x81\xbf",   2635, 1 },
    { "\xe3\x81\x93\xe3\x82\x80",   2636, 1 },
    { "\xe3\x81\x93\xe3\x82\x80\xe3\x82\x89",   2637, 1 },
    { "\xe3\x81\x93\xe3\x82\x81",   2638, 1 },
    { "\xe3\x81\x93\xe3\x82\x82\xe3\x81\x98",   2639, 1 },
    { "\xe3\x81\x93\xe3\x82\x82\xe3\x82\x93",   2640, 1 },
    { "\xe3\x81\x93\xe3\x82\x84\xe3\x81\xbe",   2641, 1 },
    { "\xe3\x81\x93\xe3\x82\x86\xe3\x81\x86",   2642, 2 },
    { "\xe3\x81\x93\xe3\x82\x88\xe3\x81\xbf",   2644, 1 },
    { "\xe3\x81\x93\xe3\x82\x8c",   2645, 1 },
    { "\xe3\x81\x93\xe3\x82\x8d",   2646, 1 },
    { "\xe3\x81\x93\xe3\x82\x8d\xe3\x82\x82",   2647, 1 },
    { "\xe3\x81\x93\xe3\x82\x8f",   2648, 1 },
    { "\xe3\x81\x93\xe3\x82\x8f\xe3\x81\xad",   2649, 1 },
    { "\xe3\x81\x93\xe3\x82\x93",   2650, 8 },
    { "\xe3\x81\x93\xe3\x82\x93\xe3\x81\x8b\xe3\x81\x84",   2658, 1 },
    { "\xe3\x81\x93\xe3\x82\x93\xe3\x81\x8d",   2659, 1 },
    { "\xe3\x81\x93\xe3\x82\x93\xe3\x81\x8d\xe3\x82\x87",   2660, 1 },
    { "\xe3\x81\x93\xe3\x82\x93\xe3\x81\x92\xe3\x81\xa4",   2661, 1 },
    { "\xe3\x81\x93\xe3\x82\x93\xe3\x81\x92\xe3\x81\xa4\xe3\x81\x94\xe3\x81\x86",   2662, 1 },
    { "\xe3\x81\x93\xe3\x82\x93\xe3\x81\x92\xe3\x81\xa4\xe3\x81\xa1\xe3\x82\x85\xe3\x81\x86",   2663, 1 },
    { "\xe3\x81\x93\xe3\x82\x93\xe3\x81\x92\xe3\x82\x93",   2664, 1 },
    { "\xe3\x81\x93\xe3\x82\x93\xe3\x81\x94",   2665, 1 },
    { "\xe3\x81\x93\xe3\x82\x93\xe3\x81\x96\xe3\x81\x84",   2666, 1 },
    { "\xe3\x81\x93\xe3\x82\x93\xe3\x81\x96\xe3\x81\xa4",   2667, 1 },
    { "\xe3\x81\x93\xe3\x82\x93\xe3\x81\x97\xe3\x82\x85\xe3\x81\x86",   2668, 1 },
    { "\xe3\x81\x93\xe3\x82\x93\xe3\x81\x97\xe3\x82\x93",   2669, 1 },
    { "\xe3\x81\x93\xe3\x82\x93\xe3\x81\x98\xe3\x82\x87\xe3\x81\x86",   2670, 1 },
    { "\xe3\x81\x93\xe3\x82\x93\xe3\x81\x9b\xe3\x81\x84",   2671, 1 },
    { "\xe3\x81\x93\xe3\x82\x93\xe3\x81\xa0\xe3\x82\x93\xe3\x81\x8b\xe3\x81\x84",   2672, 1 },
    { "\xe3\x81\x93\xe3\x82\x93\xe3\x81\xa9",   2673, 1 },
    { "\xe3\x81\x93\xe3\x82\x93\xe3\x81\xa9\xe3\x81\x86",   2674, 1 },
    { "\xe3\x81\x93\xe3\x82\x93\xe3\x81\xaa\xe3\x82\x93",   2675, 1 },
    { "\xe3\x81\x93\xe3\x82\x93\xe3\x81\xab\xe3\x81\xa1",   2676, 1 },
    { "\xe3\x81\x93\xe3\x82\x93\xe3\x81\xad\xe3\x82\x93",   2677, 1 },
    { "\xe3\x81\x93\xe3\x82\x93\xe3\x81\xad\xe3\x82\x93\xe3\x81\xa9",   2678, 1 },
    { "\xe3\x81\x93\xe3\x82\x93\xe3\x81\xb0\xe3\x82\x93",   2679, 1 },
    { "\xe3\x81\x93\xe3\x82\x93\xe3\x81\xbd\xe3\x82\x93",   2680, 1 },
    { "\xe3\x81\x93\xe3\x82\x93\xe3\x82\x84",   2681, 1 },
    { "\xe3\x81\x93\xe3\x82\x93\xe3\x82\x89\xe3\x82\x93",   2682, 1 },
    { "\xe3\x81\x93\xe3\x82\x93\xe3\x82\x8f\xe3\x81\x8f",   2683, 1 },
    { "\xe3\x81\x94",   2684, 8 },
    { "\xe3\x81\x94\xe3\x81\x82\xe3\x82\x93\xe3\x81\xaa\xe3\x81\x84",   2692, 1 },
    { "\xe3\x81\x94\xe3\x81\x84",   2693, 1 },
    { "\xe3\x81\x94\xe3\x81\x84\xe3\x81\x91\xe3\x82\x93",   2694, 1 },
    { "\xe3\x81\x94\xe3\x81\x86",   2695, 8 },
    { "\xe3\x81\x94\xe3\x81\x86\xe3\x81\x84",   2703, 1 },
    { "\xe3\x81\x94\xe3\x81\x86\xe3\x81\x84\xe3\x82\x93",   2704, 1 },
    { "\xe3\x81\x94\xe3\x81\x86\xe3\x81\x8b\xe3\x81\x8f",   2705, 1 },
    { "\xe3\x81\x94\xe3\x81\x86\xe3\x81\x8b\xe3\x82\x93",   2706, 1 },
    { "\xe3\x81\x94\xe3\x81\x86\xe3\x81\x91\xe3\x81\x84",   2707, 1 },
    { "\xe3\x81\x94\xe3\x81\x86\xe3\x81\x97\xe3\x81\xa4",   2708, 1 },
    { "\xe3\x81\x94\xe3\x81\x86\xe3\x81\x9b\xe3\x81\x84",   2709, 1 },
    { "\xe3\x81\x94\xe3\x81\x86\xe3\x81\xa8\xe3\x81\x86",   2710, 1 },
    { "\xe3\x81\x94\xe3\x81\x86\xe3\x81\xa9\xe3\x81\x86",   2711, 1 },
    { "\xe3\x81\x94\xe3\x81\x86\xe3\x81\xbe\xe3\x82\x93",   2712, 1 },
    { "\xe3\x81\x94\xe3\x81\x86\xe3\x82\x8a\xe3\x81\x8b",   2713, 1 },
    { "\xe3\x81\x94\xe3\x81\x86\xe3\x82\x8a\xe3\x82\x85\xe3\x81\x86",   2714, 1 },
    { "\xe3\x81\x94\xe3\x81\x88",   2715, 1 },
    { "\xe3\x81\x94\xe3\x81\x8b\xe3\x81\x84",   2716, 1 },
    { "\xe3\x81\x94\xe3\x81\x8b\xe3\x82\x93",   2717, 1 },
    { "\xe3\x81\x94\xe3\x81\x8b\xe3\x82\x93\xe3\x81\x9b\xe3\x81\x84",   2718, 1 },
    { "\xe3\x81\x94\xe3\x81\x8c\xe3\x81\x8f",   2719, 1 },
    { "\xe3\x81\x94\xe3\x81\x8f",   2720, 2 },
    { "\xe3\x81\x94\xe3\x81\x8f\xe3\x81\xb2",   2722, 1 },
    { "\xe3\x81\x94\xe3\x81\x8f\xe3\x82\x8d\xe3\x81\x86",   2723, 1 },
    { "\xe3\x81\x94\xe3\x81\x94",   2724, 1 },
    { "\xe3\x81\x94\xe3\x81\x97\xe3\x82\x85\xe3\x81\xa3\xe3\x81\x9b\xe3\x81\x8d",   2725, 1 },
    { "\xe3\x81\x94\xe3\x81\x97\xe3\x82\x87\xe3\x81\x8f",   2726, 1 },
    { "\xe3\x81\x94\xe3\x81\x98\xe3\x81\xa4",   2727, 1 },
    { "\xe3\x81\x94\xe3\x81\x98\xe3\x82\x85\xe3\x82\x93",   2728, 1 },
    { "\xe3\x81\x94\xe3\x81\x98\xe3\x82\x87",   2729, 1 },
    { "\xe3\x81\x94\xe3\x81\x98\xe3\x82\x87\xe3\x81\x92\xe3\x82\x93",   2730, 1 },
    { "\xe3\x81\x94\xe3\x81\x9c\xe3\x82\x93",   2731, 1 },
    { "\xe3\x81\x94\xe3\x81\x9c\xe3\x82\x93\xe3\x81\xa1\xe3\x82\x85\xe3\x81\x86",   2732, 1 },
    { "\xe3\x81\x94\xe3\x81\x9e\xe3\x82\x93\xe3\x81\x98",   2733, 1 },
    { "\xe3\x81\x94\xe3\x81\xa8",   2734, 1 },
    { "\xe3\x81\x94\xe3\x81\xa8\xe3\x81\x86",   2735, 1 },
    { "\xe3\x81\x94\xe3\x81\xaf\xe3\x82\x93",   2736, 1 },
    { "\xe3\x81\x94\xe3\x81\xb5\xe3\x81\x8f",   2737, 1 },
    { "\xe3\x81\x94\xe3\x81\xb6\xe3\x81\x95\xe3\x81\x9f",   2738, 1 },
    { "\xe3\x81\x94\xe3\x81\xb8\xe3\x82\x93\xe3\x81\x98",   2739, 1 },
    { "\xe3\x81\x94\xe3\x82\x81\xe3\x81\x84\xe3\x82\x8f\xe3\x81\x8f",   2740, 1 },
    { "\xe3\x81\x94\xe3\x82\x81\xe3\x82\x93",   2741, 1 },
    { "\xe3\x81\x94\xe3\x82\x88\xe3\x81\x86",   2742, 1 },
    { "\xe3\x81\x94\xe3\x82\x88\xe3\x81\x86\xe3\x81\xbc\xe3\x81\x86",   2743, 1 },
    { "\xe3\x81\x94\xe3\x82\x89\xe3\x81\x8f",   2744, 1 },
    { "\xe3\x81\x94\xe3\x82\x89\xe3\x82\x93",   2745, 1 },
    { "\xe3\x81\x94\xe3\x82\x8a\xe3\x82\x87\xe3\x81\x86",   2746, 1 },
    { "\xe3\x81\x94\xe3\x82\x8d",   2747, 2 },
    { "\xe3\x81\x94\xe3\x82\x93",   2749, 2 },
    { "\xe3\x81\x94\xe3\x82\x93\xe3\x81\x94",   2751, 1 },
    { "\xe3\x81\x94\xe3\x82\x93\xe3\x81\x94\xe3\x81\xa9\xe3\x81\x86\xe3\x81\xa0\xe3\x82\x93",   2752, 1 },
    { "\xe3\x81\x95",   2753, 8 },
    { "\xe3\x81\x95\xe3\x81\x84",   2761, 8 },
    { "\xe3\x81\x95\xe3\x81\x84\xe3\x81\x82\xe3\x81\x8f",   2769, 1 },
    { "\xe3\x81\x95\xe3\x81\x84\xe3\x81\x8b\xe3\x81\x84",   2770, 2 },
    { "\xe3\x81\x95\xe3\x81\x84\xe3\x81\x8c\xe3\x81\x84",   2772, 1 },
    { "\xe3\x81\x95\xe3\x81\x84\xe3\x81\x8d",   2773, 1 },
    { "\xe3\x81\x95\xe3\x81\x84\xe3\x81\x8d\xe3\x81\xa6\xe3\x81\x8d",   2774, 1 },
    { "\xe3\x81\x95\xe3\x81\x84\xe3\x81\x8d\xe3\x82\x87\xe3\x81\x86",   2775, 1 },
    { "\xe3\x81\x95\xe3\x81\x84\xe3\x81\x8d\xe3\x82\x93",   2776, 2 },
    { "\xe3\x81\x95\xe3\x81\x84\xe3\x81\x8f",   2778, 1 },
    { "\xe3\x81\x95\xe3\x81\x84\xe3\x81\x91\xe3\x82\x93",   2779, 1 },
    { "\xe3\x81\x95\xe3\x81\x84\xe3\x81\x91\xe3\x82\x93\xe3\x81\x95",   2780, 1 },
    { "\xe3\x81\x95\xe3\x81\x84\xe3\x81\x92\xe3\x82\x93",   2781, 1 },
    { "\xe3\x81\x95\xe3\x81\x84\xe3\x81\x93\xe3\x81\x86",   2782, 2 },
    { "\xe3\x81\x95\xe3\x81\x84\xe3\x81\x93\xe3\x81\x86\xe3\x81\x9b\xe3\x81\x84",   2784, 1 },
    { "\xe3\x81\x95\xe3\x81\x84\xe3\x81\x94",   2785, 1 },
    { "\xe3\x81\x95\xe3\x81\x84\xe3\x81\x97\xe3\x82\x85\xe3\x81\x86",   2786, 1 },
    { "\xe3\x81\x95\xe3\x81\x84\xe3\x81\x97\xe3\x82\x85\xe3\x81\x86\xe3\x81\x8b\xe3\x81\x84",   2787, 1 },
    { "\xe3\x81\x95\xe3\x81\x84\xe3\x81\x97\xe3\x82\x85\xe3\x81\x86\xe3\x81\xa6\xe3\x81\x8d",   2788, 1 },
    { "\xe3\x81\x95\xe3\x81\x84\xe3\x81\x97\xe3\x82\x87",   2789, 1 },
    { "\xe3\x81\x95\xe3\x81\x84\xe3\x81\x97\xe3\x82\x87\xe3\x81\x86",   2790, 2 },
    { "\xe3\x81\x95\xe3\x81\x84\xe3\x81\x97\xe3\x82\x87\xe3\x81\x86\xe3\x81\x92\xe3\x82\x93",   2792, 1 },
    { "\xe3\x81\x95\xe3\x81\x84\xe3\x81\x97\xe3\x82\x87\xe3\x81\x86\xe3\x81\xa1",   2793, 1 },
    { "\xe3\x81\x95\xe3\x81\x84\xe3\x81\x97\xe3\x82\x87\xe3\x81\x8f",   2794, 1 },
    { "\xe3\x81\x95\xe3\x81\x84\xe3\x81\x97\xe3\x82\x93",   2795, 2 },
    { "\xe3\x81\x95\xe3\x81\x84\xe3\x81\x97\xe3\x82\x93\xe3\x81\x88\xe3\x81\x84",   2797, 1 },
    { "\xe3\x81\x95\xe3\x81\x84\xe3\x81\x97\xe3\x82\x93\xe3\x81\xb0\xe3\x82\x93",   2798, 1 },
    { "\xe3\x81\x95\xe3\x81\x84\xe3\x81\x98\xe3\x81\xa4",   2799, 1 },
    { "\xe3\x81\x95\xe3\x81\x84\xe3\x81\x98\xe3\x82\x87\xe3\x81\x86",   2800, 1 },
    { "\xe3\x81\x95\xe3\x81\x84\xe3\x81\x98\xe3\x82\x87\xe3\x81\x86\xe3\x81\x84",   2801, 1 },
    { "\xe3\x81\x95\xe3\x81\x84\xe3\x81\x9b\xe3\x81\x84",   2802, 1 },
    { "\xe3\x81\x95\xe3\x81\x84\xe3\x81\x9b\xe3\x82\x93",   2803, 1 },
    { "\xe3\x81\x95\xe3\x81\x84\xe3\x81\x9b\xe3\x82\x93\xe3\x81\x8b",   2804, 1 },
    { "\xe3\x81\x95\xe3\x81\x84\xe3\x81\x9c\xe3\x82\x93",   2805, 1 },
    { "\xe3\x81\x95\xe3\x81\x84\xe3\x81\x9d\xe3\x81\x86",   2806, 1 },
    { "\xe3\x81\x95\xe3\x81\x84\xe3\x81\x9d\xe3\x81\x8f",   2807, 1 },
    { "\xe3\x81\x95\xe3\x81\x84\xe3\x81\x9f\xe3\x81\xbe",   2808, 1 },
    { "\xe3\x81\x95\xe3\x81\x84\xe3\x81\x9f\xe3\x82\x93",   2809, 1 },
    { "\xe3\x81\x95\xe3\x81\x84\xe3\x81\xa0\xe3\x81\x84",   2810, 1 },
    { "\xe3\x81\x95\xe3\x81\x84\xe3\x81\xa0\xe3\x81\x84\xe3\x81\x92\xe3\x82\x93",   2811, 1 },
    { "\xe3\x81\x95\xe3\x81\x84\xe3\x81\xa0\xe3\x81\x84\xe3\x81\xa1",   2812, 1 },
    { "\xe3\x81\x95\xe3\x81\x84\xe3\x81\xa1\xe3\x82\x85\xe3\x81\x86",   2813, 1 },
    { "\xe3\x81\x95\xe3\x81\x84\xe3\x81\xa6\xe3\x81\x84",   2814, 1 },
    { "\xe3\x81\x95\xe3\x81\x84\xe3\x81\xa6\xe3\x81\x84\xe3\x81\x92\xe3\x82\x93",   2815, 1 },
    { "\xe3\x81\x95\xe3\x81\x84\xe3\x81\xa6\xe3\x81\x8d",   2816, 1 },
    { "\xe3\x81\x95\xe3\x81\x84\xe3\x81\xa6\xe3\x81\x8d\xe3\x81\x8b",   2817, 1 },
    { "\xe3\x81\x95\xe3\x81\x84\xe3\x81\xa6\xe3\x82\x93",   2818, 1 },
    { "\xe3\x81\x95\xe3\x81\x84\xe3\x81\xa8\xe3\x81\x86",   2819, 3 },
    { "\xe3\x81\x95\xe3\x81\x84\xe3\x81\xa9",   2822, 1 },
    { "\xe3\x81\x95\xe3\x81\x84\xe3\x81\xaf\xe3\x81\x84\xe3\x81\xb5",   2823, 1 },
    { "\xe3\x81\x95\xe3\x81\x84\xe3\x81\xaf\xe3\x81\xa4",   2824, 1 },
    { "\xe3\x81\x95\xe3\x81\x84\xe3\x81\xb5",   2825, 1 },
    { "\xe3\x81\x95\xe3\x81\x84\xe3\x81\xb6",   2826, 1 },
    { "\xe3\x81\x95\xe3\x81\x84\xe3\x81\xb6\xe3\x82\x93",   2827, 1 },
    { "\xe3\x81\x95\xe3\x81\x84\xe3\x81\xbc\xe3\x81\x86",   2828, 1 },
    { "\xe3\x81\x95\xe3\x81\x84\xe3\x82\x86\xe3\x81\x86\xe3\x81\x9b\xe3\x82\x93",   2829, 1 },
    { "\xe3\x81\x95\xe3\x81\x84\xe3\x82\x88\xe3\x81\x86",   2830, 1 },
    { "\xe3\x81\x95\xe3\x81\x84\xe3\x82\x8a\xe3\x82\x87\xe3\x81\x86",   2831, 1 },
    { "\xe3\x81\x95\xe3\x81\x84\xe3\x82\x8a\xe3\x82\x88\xe3\x81\x86",   2832, 1 },
    { "\xe3\x81\x95\xe3\x81\x8a",   2833, 1 },
    { "\xe3\x81\x95\xe3\x81\x8b",   2834, 4 },
    { "\xe3\x81\x95\xe3\x81\x8b\xe3\x81\x84",   2838, 4 },
    { "\xe3\x81\x95\xe3\x81\x8b\xe3\x81\x88",   2842, 1 },
    { "\xe3\x81\x95\xe3\x81\x8b\xe3\x81\x8a",   2843, 1 },
    { "\xe3\x81\x95\xe3\x81\x8b\xe3\x81\x8d",   2844, 1 },
    { "\xe3\x81\x95\xe3\x81\x8b\xe3\x81\x8d\xe3\x81\xb0\xe3\x82\x89",   2845, 1 },
    { "\xe3\x81\x95\xe3\x81\x8b\xe3\x81\x95",   2846, 1 },
    { "\xe3\x81\x95\xe3\x81\x8b\xe3\x81\x9a\xe3\x81\x8d",   2847, 1 },
    { "\xe3\x81\x95\xe3\x81\x8b\xe3\x81\x9f",   2848, 1 },
    { "\xe3\x81\x95\xe3\x81\x8b\xe3\x81\xaa",   2849, 2 },
    { "\xe3\x81\x95\xe3\x81\x8b\xe3\x82\x80\xe3\x82\x89",   2851, 1 },
    { "\xe3\x81\x95\xe3\x81\x8b\xe3\x82\x82\xe3\x81\xa8",   2852, 1 },
    { "\xe3\x81\x95\xe3\x81\x8b\xe3\x82\x84",   2853, 1 },
    { "\xe3\x81\x95\xe3\x81\x8c",   2854, 3 },
    { "\xe3\x81\x95\xe3\x81\x8c\xe3\x81\xbf\xe3\x81\xaf\xe3\x82\x89",   2857, 1 },
    { "\xe3\x81\x95\xe3\x81\x8c\xe3\x82\x8f",   2858, 1 },
    { "\xe3\x81\x95\xe3\x81\x8c\xe3\x82\x8f\xe3\x81\x8d\xe3\x82\x85\xe3\x81\x86\xe3\x81\xb3\xe3\x82\x93",   2859, 1 },
    { "\xe3\x81\x95\xe3\x81\x8d",   2860, 6 },
    { "\xe3\x81\x95\xe3\x81\x8d\xe3\x81\x94\xe3\x82\x8d",   2866, 1 },
    { "\xe3\x81\x95\xe3\x81\x8d\xe3\x81\xbb\xe3\x81\xa9",   2867, 1 },
    { "\xe3\x81\x95\xe3\x81\x8d\xe3\x82\x87\xe3\x81\x86",   2868, 1 },
    { "\xe3\x81\x95\xe3\x81\x8e",   2869, 1 },
    { "\xe3\x81\x95\xe3\x81\x8e\xe3\x82\x87\xe3\x81\x86",   2870, 1 },
    { "\xe3\x81\x95\xe3\x81\x8f",   2871, 8 },
    { "\xe3\x81\x95\xe3\x81\x8f\xe3\x81\x84\xe3\x82\x93",   2879, 1 },
    { "\xe3\x81\x95\xe3\x81\x8f\xe3\x81\x94",   2880, 1 },
    { "\xe3\x81\x95\xe3\x81\x8f\xe3\x81\x97",   2881, 2 },
    { "\xe3\x81\x95\xe3\x81\x8f\xe3\x81\x97\xe3\x82\x83",   2883, 1 },
    { "\xe3\x81\x95\xe3\x81\x8f\xe3\x81\x98\xe3\x81\xa4",   2884, 1 },
    { "\xe3\x81\x95\xe3\x81\x8f\xe3\x81\x98\xe3\x82\x87",   2885, 1 },
    { "\xe3\x81\x95\xe3\x81\x8f\xe3\x81\x9b\xe3\x81\x84",   2886, 1 },
    { "\xe3\x81\x95\xe3\x81\x8f\xe3\x81\x9b\xe3\x81\x84\xe3\x81\x97\xe3\x82\x83",   2887, 1 },
    { "\xe3\x81\x95\xe3\x81\x8f\xe3\x81\x9b\xe3\x81\x84\xe3\x81\xb3",   2888, 1 },
    { "\xe3\x81\x95\xe3\x81\x8f\xe3\x81\x9d\xe3\x81\x86",   2889, 1 },
    { "\xe3\x81\x95\xe3\x81\x8f\xe3\x81\xad\xe3\x82\x93",   2890, 1 },
    { "\xe3\x81\x95\xe3\x81\x8f\xe3\x81\xb0\xe3\x82\x93",   2891, 1 },
    { "\xe3\x81\x95\xe3\x81\x8f\xe3\x81\xb2\xe3\x82\x93",   2892, 1 },
    { "\xe3\x81\x95\xe3\x81\x8f\xe3\x81\xb5",   2893, 1 },
    { "\xe3\x81\x95\xe3\x81\x8f\xe3\x81\xb5\xe3\x81\x97\xe3\x82\x83",   2894, 1 },
    { "\xe3\x81\x95\xe3\x81\x8f\xe3\x81\xbe",   2895, 1 },
    { "\xe3\x81\x95\xe3\x81\x8f\xe3\x82\x84",   2896, 1 },
    { "\xe3\x81\x95\xe3\x81\x8f\xe3\x82\x89",   2897, 1 },
    { "\xe3\x81\x95\xe3\x81\x8f\xe3\x82\x89\xe3\x81\x84",   2898, 1 },
    { "\xe3\x81\x95\xe3\x81\x91",   2899, 2 },
    { "\xe3\x81\x95\xe3\x81\x93",   2901, 1 },
    { "\xe3\x81\x95\xe3\x81\x93\xe3\x81\x86",   2902, 1 },
    { "\xe3\x81\x95\xe3\x81\x95",   2903, 1 },
    { "\xe3\x81\x95\xe3\x81\x95\xe3\x81\x84",   2904, 1 },
    { "\xe3\x81\x95\xe3\x81\x95\xe3\x81\x8d",   2905, 1 },
    { "\xe3\x81\x95\xe3\x81\x97\xe3\x81\xa0\xe3\x81\x97\xe3\x81\xab\xe3\x82\x93",   2906, 1 },
    { "\xe3\x81\x95\xe3\x81\x98",   2907, 1 },
    { "\xe3\x81\x95\xe3\x81\x9f",   2908, 1 },
    { "\xe3\x81\x95\xe3\x81\xa0",   2909, 1 },
    { "\xe3\x81\x95\xe3\x81\xa0\xe3\x81\x8b\xe3\x81\x9f",   2910, 1 },
    { "\xe3\x81\x95\xe3\x81\xa1",   2911, 1 },
    { "\xe3\x81\x95\xe3\x81\xa3",   2912, 1 },
    { "\xe3\x81\x95\xe3\x81\xa3\xe3\x81\x8b",   2913, 1 },
    { "\xe3\x81\x95\xe3\x81\xa3\xe3\x81\x8d",   2914, 1 },
    { "\xe3\x81\x95\xe3\x81\xa3\xe3\x81\x8d\xe3\x82\x87\xe3\x81\x8f",   2915, 1 },
    { "\xe3\x81\x95\xe3\x81\xa3\xe3\x81\x8d\xe3\x82\x93",   2916, 1 },
    { "\xe3\x81\x95\xe3\x81\xa3\xe3\x81\x9d\xe3\x81\x8f",   2917, 1 },
    { "\xe3\x81\x95\xe3\x81\xa3\xe3\x81\xa1",   2918, 1 },
    { "\xe3\x81\x95\xe3\x81\xa3\xe3\x81\xbd\xe3\x82\x8d",   2919, 1 },
    { "\xe3\x81\x95\xe3\x81\xa4",   2920, 8 },
    { "\xe3\x81\x95\xe3\x81\xa4\xe3\x81\x8d",   2928, 1 },
    { "\xe3\x81\x95\xe3\x81\xa4\xe3\x81\x9f\xe3\x81\xb0",   2929, 1 },
    { "\xe3\x81\x95\xe3\x81\xa8",   2930, 2 },
    { "\xe3\x81\x95\xe3\x81\xa8\xe3\x81\x86",   2932, 2 },
    { "\xe3\x81\x95\xe3\x81\xa8\xe3\x81\x97",   2934, 1 },
    { "\xe3\x81\x95\xe3\x81\xa8\xe3\x82\x8b",   2935, 1 },
    { "\xe3\x81\x95\xe3\x81\xa9\xe3\x81\x86",   2936, 1 },
    { "\xe3\x81\x95\xe3\x81\xa9\xe3\x81\x86\xe3\x81\xa1\xe3\x82\x85\xe3\x81\x86",   2937, 1 },
    { "\xe3\x81\x95\xe3\x81\xa9\xe3\x81\x8f",   2938, 1 },
    { "\xe3\x81\x95\xe3\x81\xaf\xe3\x82\x93\xe3\x81\x98",   2939, 1 },
    { "\xe3\x81\x95\xe3\x81\xb0",   2940, 1 },
    { "\xe3\x81\x95\xe3\x81\xb3",   2941, 2 },
    { "\xe3\x81\x95\xe3\x81\xb6\xe3\x82\x93",   2943, 1 },
    { "\xe3\x81\x95\xe3\x81\xb8\xe3\x82\x93",   2944, 1 },
    { "\xe3\x81\x95\xe3\x81\xbb\xe3\x81\x86",   2945, 1 },
    { "\xe3\x81\x95\xe3\x81\xbe",   2946, 1 },
    { "\xe3\x81\x95\xe3\x81\xbe\xe3\x81\x96\xe3\x81\xbe",   2947, 1 },
    { "\xe3\x81\x95\xe3\x82\x80\xe3\x82\x89\xe3\x81\x84",   2948, 2 },
    { "\xe3\x81\x95\xe3\x82\x81",   2950, 1 },
    { "\xe3\x81\x95\xe3\x82\x86\xe3\x81\x86",   2951, 1 },
    { "\xe3\x81\x95\xe3\x82\x86\xe3\x81\x86\xe3\x81\x9f\xe3\x81\x84\xe3\x81\x97\xe3\x82\x87\xe3\x81\x86",   2952, 1 },
    { "\xe3\x81\x95\xe3\x82\x88\xe3\x81\x86",   2953, 1 },
    { "\xe3\x81\x95\xe3\x82\x89",   2954, 2 },
    { "\xe3\x81\x95\xe3\x82\x89\xe3\x81\x99",   2956, 1 },
    { "\xe3\x81\x95\xe3\x82\x8b",   2957, 1 },
    { "\xe3\x81\x95\xe3\x82\x8f",   2958, 2 },
    { "\xe3\x81\x95\xe3\x82\x8f\xe3\x81\xa0",   2960, 1 },
    { "\xe3\x81\x95\xe3\x82\x8f\xe3\x82\x80\xe3\x82\x89",   2961, 1 },
    { "\xe3\x81\x95\xe3\x82\x93",   2962, 8 },
    { "\xe3\x81\x95\xe3\x82\x93\xe3\x81\x8b",   2970, 1 },
    { "\xe3\x81\x95\xe3\x82\x93\xe3\x81\x8b\xe3\x81\x84",   2971, 1 },
    { "\xe3\x81\x95\xe3\x82\x93\xe3\x81\x8b\xe3\x81\x8f",   2972, 1 },
    { "\xe3\x81\x95\xe3\x82\x93\xe3\x81\x8b\xe3\x81\x97\xe3\x82\x83",   2973, 1 },
    { "\xe3\x81\x95\xe3\x82\x93\xe3\x81\x8c\xe3\x81\xa4",   2974, 1 },
    { "\xe3\x81\x95\xe3\x82\x93\xe3\x81\x8e\xe3\x82\x87\xe3\x81\x86",   2975, 1 },
    { "\xe3\x81\x95\xe3\x82\x93\xe3\x81\x92\xe3\x82\x93\xe3\x81\xa2\xe3\x82\x83\xe3\x82\x84",   2976, 1 },
    { "\xe3\x81\x95\xe3\x82\x93\xe3\x81\x93\xe3\x81\x86",   2977, 1 },
    { "\xe3\x81\x95\xe3\x82\x93\xe3\x81\x93\xe3\x81\x86\xe3\x81\x97\xe3\x82\x8a\xe3\x82\x87\xe3\x81\x86",   2978, 1 },
    { "\xe3\x81\x95\xe3\x82\x93\xe3\x81\x93\xe3\x81\x86\xe3\x81\xb6\xe3\x82\x93\xe3\x81\x91\xe3\x82\x93",   2979, 1 },
    { "\xe3\x81\x95\xe3\x82\x93\xe3\x81\x94",   2980, 1 },
    { "\xe3\x81\x95\xe3\x82\x93\xe3\x81\x97\xe3\x82\x83",   2981, 1 },
    { "\xe3\x81\x95\xe3\x82\x93\xe3\x81\x97\xe3\x82\x87\xe3\x81\x86",   2982, 1 },
    { "\xe3\x81\x95\xe3\x82\x93\xe3\x81\x98",   2983, 1 },
    { "\xe3\x81\x95\xe3\x82\x93\xe3\x81\x98\xe3\x82\x85\xe3\x81\x86\xe3\x81\x97",   2984, 1 },
    { "\xe3\x81\x95\xe3\x82\x93\xe3\x81\x98\xe3\x82\x85\xe3\x81\xa4",   2985, 1 },
    { "\xe3\x81\x95\xe3\x82\x93\xe3\x81\x99\xe3\x81\x86",   2986, 1 },
    { "\xe3\x81\x95\xe3\x82\x93\xe3\x81\x9b\xe3\x81\x84",   2987, 1 },
    { "\xe3\x81\x95\xe3\x82\x93\xe3\x81\xa1\xe3\x82\x87\xe3\x81\x86",   2988, 1 },
    { "\xe3\x81\x95\xe3\x82\x93\xe3\x81\xab\xe3\x82\x85\xe3\x81\x86",   2989, 1 },
    { "\xe3\x81\x95\xe3\x82\x93\xe3\x81\xab\xe3\x82\x93\xe3\x81\x90\xe3\x81\xbf",   2990, 1 },
    { "\xe3\x81\x95\xe3\x82\x93\xe3\x81\xad\xe3\x82\x93",   2991, 1 },
    { "\xe3\x81\x95\xe3\x82\x93\xe3\x81\xae\xe3\x81\x86",   2992, 1 },
    { "\xe3\x81\x95\xe3\x82\x93\xe3\x81\xb0\xe3\x82\x93\xe3\x81\xa1\xe3\x82\x87\xe3\x81\x86",   2993, 1 },
    { "\xe3\x81\x95\xe3\x82\x93\xe3\x81\xb1\xe3\x81\x8f",   2994, 1 },
    { "\xe3\x81\x95\xe3\x82\x93\xe3\x81\xb1\xe3\x81\xa4",   2995, 2 },
    { "\xe3\x81\x95\xe3\x82\x93\xe3\x81\xb6",   2997, 1 },
    { "\xe3\x81\x95\xe3\x82\x93\xe3\x81\xb7",   2998, 1 },
    { "\xe3\x81\x95\xe3\x82\x93\xe3\x81\xbd",   2999, 1 },
    { "\xe3\x81\x95\xe3\x82\x93\xe3\x81\xbd\xe3\x81\x86",   3000, 1 },
    { "\xe3\x81\x95\xe3\x82\x93\xe3\x82\x81\xe3\x81\x84",   3001, 1 },
    { "\xe3\x81\x95\xe3\x82\x93\xe3\x82\x88",   3002, 1 },
    { "\xe3\x81\x95\xe3\x82\x93\xe3\x82\x8a\xe3\x81\x8f",   3003, 1 },
    { "\xe3\x81\x95\xe3\x82\x93\xe3\x82\x8d\xe3\x81\x8f",   3004, 1 },
    { "\xe3\x81\x96",   3005, 3 },
    { "\xe3\x81\x96\xe3\x81\x84",   3008, 6 },
    { "\xe3\x81\x96\xe3\x81\x84\xe3\x81\x8c\xe3\x81\x8f",   3014, 1 },
    { "\xe3\x81\x96\xe3\x81\x84\xe3\x81\x91\xe3\x81\x84",   3015, 1 },
    { "\xe3\x81\x96\xe3\x81\x84\xe3\x81\x93",   3016, 1 },
    { "\xe3\x81\x96\xe3\x81\x84\xe3\x81\x95\xe3\x82\x93",   3017, 1 },
    { "\xe3\x81\x96\xe3\x81\x84\xe3\x81\x97\xe3\x82\x87\xe3\x81\x8f",   3018, 1 },
    { "\xe3\x81\x96\xe3\x81\x84\xe3\x81\x9b\xe3\x81\x8d",   3019, 1 },
    { "\xe3\x81\x96\xe3\x81\x84\xe3\x81\xa0\xe3\x82\x93",   3020, 1 },
    { "\xe3\x81\x96\xe3\x81\x84\xe3\x81\xa0\xe3\x82\x93\xe3\x81\xbb\xe3\x81\x86\xe3\x81\x98\xe3\x82\x93",   3021, 1 },
    { "\xe3\x81\x96\xe3\x81\x84\xe3\x82\x80",   3022, 1 },
    { "\xe3\x81\x96\xe3\x81\x84\xe3\x82\x8a\xe3\x82\x87\xe3\x81\x86",   3023, 1 },
    { "\xe3\x81\x96\xe3\x81\x8d",   3024, 1 },
    { "\xe3\x81\x96\xe3\x81\x9f",   3025, 1 },
    { "\xe3\x81\x96\xe3\x81\xa1\xe3\x82\x87\xe3\x81\x86",   3026, 1 },
    { "\xe3\x81\x96\xe3\x81\xa3\xe3\x81\x97",   3027, 1 },
    { "\xe3\x81\x96\xe3\x81\xa3\xe3\x81\x9d\xe3\x81\x86",   3028, 1 },
    { "\xe3\x81\x96\xe3\x81\xa3\xe3\x81\xa8\xe3\x81\x86",   3029, 1 },
    { "\xe3\x81\x96\xe3\x81\xa3\xe3\x81\xb1",   3030, 1 },
    { "\xe3\x81\x96\xe3\x81\xa4",   3031, 1 },
    { "\xe3\x81\x96\xe3\x81\xa4\xe3\x81\x8a\xe3\x82\x93",   3032, 1 },
    { "\xe3\x81\x96\xe3\x81\xa4\xe3\x82\x88\xe3\x81\x86",   3033, 1 },
    { "\xe3\x81\x96\xe3\x81\xb2\xe3\x82\x87\xe3\x81\x86",   3034, 1 },
    { "\xe3\x81\x96\xe3\x81\xb2\xe3\x82\x87\xe3\x81\x86\xe3\x81\x91\xe3\x81\x84",   3035, 1 },
    { "\xe3\x81\x96\xe3\x81\xb2\xe3\x82\x87\xe3\x81\x86\xe3\x81\xb8\xe3\x82\x93\xe3\x81\x8b\xe3\x82\x93",   3036, 1 },
    { "\xe3\x81\x96\xe3\x82\x8f",   3037, 1 },
    { "\xe3\x81\x96\xe3\x82\x93",   3038, 3 },
    { "\xe3\x81\x96\xe3\x82\x93\xe3\x81\x8c\xe3\x81\x84",   3041, 1 },
    { "\xe3\x81\x96\xe3\x82\x93\xe3\x81\x8c\xe3\x81\x8f",   3042, 1 },
    { "\xe3\x81\x96\xe3\x82\x93\xe3\x81\x8e\xe3\x82\x87\xe3\x81\x86",   3043, 1 },
    { "\xe3\x81\x96\xe3\x82\x93\xe3\x81\x97\xe3\x82\x87",   3044, 1 },
    { "\xe3\x81\x96\xe3\x82\x93\xe3\x81\xa0\xe3\x82\x93\xe3\x81\x99\xe3\x81\x86",   3045, 1 },
    { "\xe3\x81\x96\xe3\x82\x93\xe3\x81\xa6\xe3\x81\x84",   3046, 1 },
    { "\xe3\x81\x96\xe3\x82\x93\xe3\x81\xad\xe3\x82\x93",   3047, 1 },
    { "\xe3\x81\x96\xe3\x82\x93\xe3\x82\x8a\xe3\x82\x87\xe3\x81\x86",   3048, 1 },
    { "\xe3\x81\x97",   3049, 8 },
    { "\xe3\x81\x97\xe3\x81\x82\xe3\x81\x84",   3057, 1 },
    { "\xe3\x81\x97\xe3\x81\x82\xe3\x81\x92",   3058, 1 },
    { "\xe3\x81\x97\xe3\x81\x82\xe3\x82\x93",   3059, 2 },
    { "\xe3\x81\x97\xe3\x81\x84",   3061, 1 },
    { "\xe3\x81\x97\xe3\x81\x84\xe3\x81\xaa",   3062, 1 },
    { "\xe3\x81\x97\xe3\x81\x84\xe3\x81\xae",   3063, 1 },
    { "\xe3\x81\x97\xe3\x81\x84\xe3\x82\x93",   3064, 1 },
    { "\xe3\x81\x97\xe3\x81\x88\xe3\x82\x93",   3065, 1 },
    { "\xe3\x81\x97\xe3\x81\x88\xe3\x82\x93\xe3\x81\x91\xe3\x81\x84",   3066, 1 },
    { "\xe3\x81\x97\xe3\x81\x8a",   3067, 3 },
    { "\xe3\x81\x97\xe3\x81\x8a\xe3\x81\x8b\xe3\x81\x9c",   3070, 2 },
    { "\xe3\x81\x97\xe3\x81\x8a\xe3\x81\x9f",   3072, 1 },
    { "\xe3\x81\x97\xe3\x81\x8b",   3073, 2 },
    { "\xe3\x81\x97\xe3\x81\x8b\xe3\x81\x84",   3075, 1 },
    { "\xe3\x81\x97\xe3\x81\x8b\xe3\x81\x84\xe3\x81\x97\xe3\x82\x83",   3076, 1 },
    { "\xe3\x81\x97\xe3\x81\x8b\xe3\x81\x8f",   3077, 5 },
    { "\xe3\x81\x97\xe3\x81\x8b\xe3\x81\x91",   3082, 1 },
    { "\xe3\x81\x97\xe3\x81\x8b\xe3\x81\x9f",   3083, 1 },
    { "\xe3\x81\x97\xe3\x81\x8b\xe3\x82\x93",   3084, 1 },
    { "\xe3\x81\x97\xe3\x81\x8c\xe3\x81\x84",   3085, 1 },
    { "\xe3\x81\x97\xe3\x81\x8c\xe3\x81\x8f\xe3\x81\xb6",   3086, 1 },
    { "\xe3\x81\x97\xe3\x81\x8c\xe3\x82\x93",   3087, 1 },
    { "\xe3\x81\x97\xe3\x81\x8d",   3088, 7 },
    { "\xe3\x81\x97\xe3\x81\x8d\xe3\x81\x98\xe3\x82\x87\xe3\x81\x86",   3095, 1 },
    { "\xe3\x81\x97\xe3\x81\x8d\xe3\x81\xb9\xe3\x81\xa4",   3096, 1 },
    { "\xe3\x81\x97\xe3\x81\x8d\xe3\x81\xb9\xe3\x81\xa4\xe3\x81\x97",   3097, 1 },
    { "\xe3\x81\x97\xe3\x81\x8d\xe3\x82\x85\xe3\x81\x86",   3098, 2 },
    { "\xe3\x81\x97\xe3\x81\x8e",   3100, 1 },
    { "\xe3\x81\x97\xe3\x81\x91\xe3\x82\x93",   3101, 2 },
    { "\xe3\x81\x97\xe3\x81\x92",   3103, 3 },
    { "\xe3\x81\x97\xe3\x81\x92\xe3\x81\x8d",   3106, 3 },
    { "\xe3\x81\x97\xe3\x81\x92\xe3\x82\x8b",   3109, 2 },
    { "\xe3\x81\x97\xe3\x81\x92\xe3\x82\x93",   3111, 1 },
    { "\xe3\x81\x97\xe3\x81\x93\xe3\x81\x86",   3112, 3 },
    { "\xe3\x81\x97\xe3\x81\x93\xe3\x81\x8f",   3115, 1 },
    { "\xe3\x81\x97\xe3\x81\x94",   3116, 1 },
    { "\xe3\x81\x97\xe3\x81\x94\xe3\x81\xa8",   3117, 1 },
    { "\xe3\x81\x97\xe3\x81\x95\xe3\x81\x8f",   3118, 1 },
    { "\xe3\x81\x97\xe3\x81\x95\xe3\x81\xa4",   3119, 1 },
    { "\xe3\x81\x97\xe3\x81\x95\xe3\x82\x93",   3120, 1 },
    { "\xe3\x81\x97\xe3\x81\x95\xe3\x82\x93\xe3\x81\x8b",   3121, 1 },
    { "\xe3\x81\x97\xe3\x81\x97",   3122, 1 },
    { "\xe3\x81\x97\xe3\x81\x97\xe3\x81\xa4",   3123, 1 },
    { "\xe3\x81\x97\xe3\x81\x97\xe3\x82\x83",   3124, 2 },
    { "\xe3\x81\x97\xe3\x81\x97\xe3\x82\x87",   3126, 1 },
    { "\xe3\x81\x97\xe3\x81\x97\xe3\x82\x87\xe3\x81\x86",   3127, 1 },
    { "\xe3\x81\x97\xe3\x81\x97\xe3\x82\x87\xe3\x81\xb0\xe3\x81\x93",   3128, 1 },
    { "\xe3\x81\x97\xe3\x81\x97\xe3\x82\x93",   3129, 2 },
    { "\xe3\x81\x97\xe3\x81\x98",   3131, 2 },
    { "\xe3\x81\x97\xe3\x81\x98\xe3\x82\x87\xe3\x81\x86",   3133, 2 },
    { "\xe3\x81\x97\xe3\x81\x98\xe3\x82\x93",   3135, 1 },
    { "\xe3\x81\x97\xe3\x81\x99\xe3\x81\x86",   3136, 1 },
    { "\xe3\x81\x97\xe3\x81\x9a",   3137, 1 },
    { "\xe3\x81\x97\xe3\x81\x9a\xe3\x81\x8a",   3138, 1 },
    { "\xe3\x81\x97\xe3\x81\x9a\xe3\x81\x8a\xe3\x81\x8b",   3139, 1 },
    { "\xe3\x81\x97\xe3\x81\x9a\xe3\x81\x8a\xe3\x81\x8b\xe3\x81\xa0\xe3\x81\x84",   3140, 1 },
    { "\xe3\x81\x97\xe3\x81\x9a\xe3\x81\x8a\xe3\x81\x8b\xe3\x81\xa0\xe3\x81\x84\xe3\x81\x8c\xe3\x81\x8f",   3141, 1 },
    { "\xe3\x81\x97\xe3\x81\x9a\xe3\x81\x8b",   3142, 1 },
    { "\xe3\x81\x97\xe3\x81\x9a\xe3\x81\x8f",   3143, 2 },
    { "\xe3\x81\x97\xe3\x81\x9a\xe3\x82\x84",   3145, 1 },
    { "\xe3\x81\x97\xe3\x81\x9b\xe3\x81\x84",   3146, 1 },
    { "\xe3\x81\x97\xe3\x81\x9b\xe3\x81\xa4",   3147, 1 },
    { "\xe3\x81\x97\xe3\x81\x9c\xe3\x82\x93",   3148, 1 },
    { "\xe3\x81\x97\xe3\x81\x9c\xe3\x82\x93\xe3\x81\x99\xe3\x81\x86",   3149, 1 },
    { "\xe3\x81\x97\xe3\x81\x9c\xe3\x82\x93\xe3\x81\x99\xe3\x81\x86\xe3\x81\x97\xe3\x81\x8d",   3150, 1 },
    { "\xe3\x81\x97\xe3\x81\x9d\xe3\x81\x86",   3151, 1 },
    { "\xe3\x81\x97\xe3\x81\x9d\xe3\x81\x8f",   3152, 1 },
    { "\xe3\x81\x97\xe3\x81\x9f",   3153, 3 },
    { "\xe3\x81\x97\xe3\x81\x9f\xe3\x81\x84",   3156, 1 },
    { "\xe3\x81\x97\xe3\x81\x9f\xe3\x81\xbf",   3157, 1 },
    { "\xe3\x81\x97\xe3\x81\xa0\xe3\x81\x84",   3158, 1 },
    { "\xe3\x81\x97\xe3\x81\xa1",   3159, 2 },
    { "\xe3\x81\x97\xe3\x81\xa1\xe3\x82\x87\xe3\x81\x86\xe3\x81\x8b\xe3\x81\x8f",   3161, 1 },
    { "\xe3\x81\x97\xe3\x81\xa3\xe3\x81\xb1\xe3\x81\x84",   3162, 1 },
    { "\xe3\x81\x97\xe3\x81\xa3\xe3\x81\xb4\xe3\x81\xa4",   3163, 1 },
    { "\xe3\x81\x97\xe3\x81\xa4",   3164, 8 },
    { "\xe3\x81\x97\xe3\x81\xa4\xe3\x81\xa1\xe3\x82\x87\xe3\x81\x86",   3172, 1 },
    { "\xe3\x81\x97\xe3\x81\xa4\xe3\x81\xaa\xe3\x81\x84",   3173, 1 },
    { "\xe3\x81\x97\xe3\x81\xa4\xe3\x81\xbc\xe3\x81\x86",   3174, 1 },
    { "\xe3\x81\x97\xe3\x81\xa4\xe3\x82\x82\xe3\x82\x93",   3175, 1 },
    { "\xe3\x81\x97\xe3\x81\xa4\xe3\x82\x82\xe3\x82\x93\xe3\x81\x97\xe3\x82\x83",   3176, 1 },
    { "\xe3\x81\x97\xe3\x81\xa4\xe3\x82\x8c\xe3\x81\x84",   3177, 1 },
    { "\xe3\x81\x97\xe3\x81\xa4\xe3\x82\x8c\xe3\x82\x93",   3178, 1 },
    { "\xe3\x81\x97\xe3\x81\xa6\xe3\x81\x84",   3179, 1 },
    { "\xe3\x81\x97\xe3\x81\xa6\xe3\x81\x8d",   3180, 2 },
    { "\xe3\x81\x97\xe3\x81\xa6\xe3\x81\xa4",   3182, 1 },
    { "\xe3\x81\x97\xe3\x81\xa6\xe3\x82\x93",   3183, 3 },
    { "\xe3\x81\x97\xe3\x81\xa8\xe3\x81\xbf",   3186, 1 },
    { "\xe3\x81\x97\xe3\x81\xa9\xe3\x81\x86",   3187, 1 },
    { "\xe3\x81\x97\xe3\x81\xa9\xe3\x81\x86\xe3\x81\x84\xe3\x82\x93",   3188, 1 },
    { "\xe3\x81\x97\xe3\x81\xa9\xe3\x81\x86\xe3\x81\x8d\xe3\x82\x87\xe3\x81\x86\xe3\x81\x8b\xe3\x82\x93",   3189, 1 },
    { "\xe3\x81\x97\xe3\x81\xa9\xe3\x81\x86\xe3\x81\x97\xe3\x82\x83",   3190, 1 },
    { "\xe3\x81\x97\xe3\x81\xaa",   3191, 3 },
    { "\xe3\x81\x97\xe3\x81\xaa\xe3\x81\x84",   3194, 1 },
    { "\xe3\x81\x97\xe3\x81\xaa\xe3\x81\x8c\xe3\x82\x8f",   3195, 1 },
    { "\xe3\x81\x97\xe3\x81\xaa\xe3\x82\x82\xe3\x81\xae",   3196, 1 },
    { "\xe3\x81\x97\xe3\x81\xaa\xe3\x82\x93",   3197, 1 },
    { "\xe3\x81\x97\xe3\x81\xae",   3198, 2 },
    { "\xe3\x81\x97\xe3\x81\xae\xe3\x81\xb0\xe3\x81\x9a",   3200, 1 },
    { "\xe3\x81\x97\xe3\x81\xaf\xe3\x81\x84",   3201, 1 },
    { "\xe3\x81\x97\xe3\x81\xb0",   3202, 2 },
    { "\xe3\x81\x97\xe3\x81\xb0\xe3\x81\x86\xe3\x82\x89",   3204, 1 },
    { "\xe3\x81\x97\xe3\x81\xb0\xe3\x81\x93\xe3\x81\x86\xe3\x81\x88\xe3\x82\x93",   3205, 1 },
    { "\xe3\x81\x97\xe3\x81\xb0\xe3\x81\x97\xe3\x81\xb0",   3206, 1 },
    { "\xe3\x81\x97\xe3\x81\xb0\xe3\x81\x9f",   3207, 1 },
    { "\xe3\x81\x97\xe3\x81\xb0\xe3\x82\x84\xe3\x81\xbe",   3208, 1 },
    { "\xe3\x81\x97\xe3\x81\xb2",   3209, 1 },
    { "\xe3\x81\x97\xe3\x81\xb6",   3210, 2 },
    { "\xe3\x81\x97\xe3\x81\xb6\xe3\x82\x84",   3212, 1 },
    { "\xe3\x81\x97\xe3\x81\xb8\xe3\x81\x84",   3213, 1 },
    { "\xe3\x81\x97\xe3\x81\xb9",   3214, 1 },
    { "\xe3\x81\x97\xe3\x81\xbb\xe3\x81\x86",   3215, 1 },
    { "\xe3\x81\x97\xe3\x81\xbb\xe3\x82\x93",   3216, 1 },
    { "\xe3\x81\x97\xe3\x81\xbc\xe3\x81\x86",   3217, 2 },
    { "\xe3\x81\x97\xe3\x81\xbc\xe3\x81\x86\xe3\x81\x95\xe3\x81\x84\xe3\x81\xbc\xe3\x81\x86",   3219, 1 },
    { "\xe3\x81\x97\xe3\x81\xbe",   3220, 3 },
    { "\xe3\x81\x97\xe3\x81\xbe\xe3\x81\x84",   3223, 1 },
    { "\xe3\x81\x97\xe3\x81\xbe\xe3\x81\x86\xe3\x81\xa1",   3224, 1 },
    { "\xe3\x81\x97\xe3\x81\xbe\xe3\x81\xa0",   3225, 1 },
    { "\xe3\x81\x97\xe3\x81\xbe\xe3\x81\xad",   3226, 1 },
    { "\xe3\x81\x97\xe3\x81\xbe\xe3\x82\x80\xe3\x82\x89",   3227, 1 },
    { "\xe3\x81\x97\xe3\x81\xbf\xe3\x81\x9a",   3228, 1 },
    { "\xe3\x81\x97\xe3\x82\x81\xe3\x81\x84",   3229, 1 },
    { "\xe3\x81\x97\xe3\x82\x81\xe3\x81\x8d\xe3\x82\x8a",   3230, 1 },
    { "\xe3\x81\x97\xe3\x82\x82",   3231, 2 },
    { "\xe3\x81\x97\xe3\x82\x82\xe3\x81\x8d\xe3\x81\x9f",   3233, 1 },
    { "\xe3\x81\x97\xe3\x82\x82\xe3\x81\xa0",   3234, 1 },
    { "\xe3\x81\x97\xe3\x82\x82\xe3\x81\xa0\xe3\x81\x84\xe3\x82\x89",   3235, 1 },
    { "\xe3\x81\x97\xe3\x82\x82\xe3\x81\xa6",   3236, 1 },
    { "\xe3\x81\x97\xe3\x82\x83",   3237, 8 },
    { "\xe3\x81\x97\xe3\x82\x83\xe3\x81\x84\xe3\x82\x93",   3245, 1 },
    { "\xe3\x81\x97\xe3\x82\x83\xe3\x81\x8b\xe3\x81\x84",   3246, 1 },
    { "\xe3\x81\x97\xe3\x82\x83\xe3\x81\x8c\xe3\x81\x84",   3247, 1 },
    { "\xe3\x81\x97\xe3\x82\x83\xe3\x81\x8d\xe3\x82\x93",   3248, 1 },
    { "\xe3\x81\x97\xe3\x82\x83\xe3\x81\x8f",   3249, 8 },
    { "\xe3\x81\x97\xe3\x82\x83\xe3\x81\x8f\xe3\x81\x9c\xe3\x82\x93",   3257, 1 },
    { "\xe3\x81\x97\xe3\x82\x83\xe3\x81\x8f\xe3\x81\xb6\xe3\x81\x8f",   3258, 1 },
    { "\xe3\x81\x97\xe3\x82\x83\xe3\x81\x8f\xe3\x82\x88\xe3\x81\x86",   3259, 1 },
    { "\xe3\x81\x97\xe3\x82\x83\xe3\x81\x8f\xe3\x82\x88\xe3\x81\x86\xe3\x81\x97\xe3\x82\x87",   3260, 1 },
    { "\xe3\x81\x97\xe3\x82\x83\xe3\x81\x92\xe3\x81\x8d",   3261, 1 },
    { "\xe3\x81\x97\xe3\x82\x83\xe3\x81\x97\xe3\x82\x87\xe3\x81\x86",   3262, 2 },
    { "\xe3\x81\x97\xe3\x82\x83\xe3\x81\x97\xe3\x82\x87\xe3\x81\x8f",   3264, 1 },
    { "\xe3\x81\x97\xe3\x82\x83\xe3\x81\x97\xe3\x82\x93",   3265, 1 },
    { "\xe3\x81\x97\xe3\x82\x83\xe3\x81\x98",   3266, 1 },
    { "\xe3\x81\x97\xe3\x82\x83\xe3\x81\x9e\xe3\x81\x86",   3267, 1 },
    { "\xe3\x81\x97\xe3\x82\x83\xe3\x81\xa0\xe3\x82\x93",   3268, 1 },
    { "\xe3\x81\x97\xe3\x82\x83\xe3\x81\xa1\xe3\x82\x87\xe3\x81\x86",   3269, 1 },
    { "\xe3\x81\x97\xe3\x82\x83\xe3\x81\xaa\xe3\x81\x84",   3270, 1 },
    { "\xe3\x81\x97\xe3\x82\x83\xe3\x82\x8a\xe3\x82\x87\xe3\x81\x86",   3271, 1 },
    { "\xe3\x81\x97\xe3\x82\x83\xe3\x82\x93\xe3\x81\xaf\xe3\x81\x84",   3272, 1 },
    { "\xe3\x81\x97\xe3\x82\x85",   3273, 8 },
    { "\xe3\x81\x97\xe3\x82\x85\xe3\x81\x86",   3281, 8 },
    { "\xe3\x81\x97\xe3\x82\x85\xe3\x81\x86\xe3\x81\x84",   3289, 1 },
    { "\xe3\x81\x97\xe3\x82\x85\xe3\x81\x86\xe3\x81\x88\xe3\x81\x84\xe3\x81\x97\xe3\x82\x83",   3290, 1 },
    { "\xe3\x81\x97\xe3\x82\x85\xe3\x81\x86\xe3\x81\x8b\xe3\x81\x84",   3291, 1 },
    { "\xe3\x81\x97\xe3\x82\x85\xe3\x81\x86\xe3\x81\x8b\xe3\x82\x93",   3292, 1 },
    { "\xe3\x81\x97\xe3\x82\x85\xe3\x81\x86\xe3\x81\x8d\xe3\x82\x87\xe3\x81\x86",   3293, 1 },
    { "\xe3\x81\x97\xe3\x82\x85\xe3\x81\x86\xe3\x81\x8e",   3294, 1 },
    { "\xe3\x81\x97\xe3\x82\x85\xe3\x81\x86\xe3\x81\x91\xe3\x81\x84",   3295, 1 },
    { "\xe3\x81\x97\xe3\x82\x85\xe3\x81\x86\xe3\x81\x91\xe3\x81\xa4",   3296, 1 },
    { "\xe3\x81\x97\xe3\x82\x85\xe3\x81\x86\xe3\x81\x94\xe3\x81\x86",   3297, 1 },
    { "\xe3\x81\x97\xe3\x82\x85\xe3\x81\x86\xe3\x81\x94\xe3\x81\x86\xe3\x81\x8b\xe3\x81\x9f",   3298, 1 },
    { "\xe3\x81\x97\xe3\x82\x85\xe3\x81\x86\xe3\x81\x94\xe3\x81\x86\xe3\x81\xb0\xe3\x81\x97\xe3\x82\x87",   3299, 1 },
    { "\xe3\x81\x97\xe3\x82\x85\xe3\x81\x86\xe3\x81\x94\xe3\x81\x86\xe3\x82\x8d\xe3\x82\x93",   3300, 1 },
    { "\xe3\x81\x97\xe3\x82\x85\xe3\x81\x86\xe3\x81\x97",   3301, 1 },
    { "\xe3\x81\x97\xe3\x82\x85\xe3\x81\x86\xe3\x81\x97\xe3\x81\x8b\xe3\x81\xa6\xe3\x81\x84",   3302, 1 },
    { "\xe3\x81\x97\xe3\x82\x85\xe3\x81\x86\xe3\x81\x97\xe3\x82\x85\xe3\x81\x86",   3303, 2 },
    { "\xe3\x81\x97\xe3\x82\x85\xe3\x81\x86\xe3\x81\x97\xe3\x82\x87\xe3\x81\x8f",   3305, 1 },
    { "\xe3\x81\x97\xe3\x82\x85\xe3\x81\x86\xe3\x81\x97\xe3\x82\x8d\xe3\x82\x93\xe3\x81\xb6\xe3\x82\x93",   3306, 1 },
    { "\xe3\x81\x97\xe3\x82\x85\xe3\x81\x86\xe3\x81\x98\xe3\x81\xa4",   3307, 1 },
    { "\xe3\x81\x97\xe3\x82\x85\xe3\x81\x86\xe3\x81\x9b\xe3\x81\x84",   3308, 1 },
    { "\xe3\x81\x97\xe3\x82\x85\xe3\x81\x86\xe3\x81\x9b\xe3\x81\x8d",   3309, 1 },
    { "\xe3\x81\x97\xe3\x82\x85\xe3\x81\x86\xe3\x81\x9d\xe3\x81\x8f",   3310, 1 },
    { "\xe3\x81\x97\xe3\x82\x85\xe3\x81\x86\xe3\x81\xa0\xe3\x82\x93",   3311, 1 },
    { "\xe3\x81\x97\xe3\x82\x85\xe3\x81\x86\xe3\x81\xa1",   3312, 1 },
    { "\xe3\x81\x97\xe3\x82\x85\xe3\x81\x86\xe3\x81\xa1\xe3\x82\x83\xe3\x81\x8f",   3313, 1 },
    { "\xe3\x81\x97\xe3\x82\x85\xe3\x81\x86\xe3\x81\xa1\xe3\x82\x85\xe3\x81\x86",   3314, 1 },
    { "\xe3\x81\x97\xe3\x82\x85\xe3\x81\x86\xe3\x81\xa1\xe3\x82\x87\xe3\x81\x86",   3315, 1 },
    { "\xe3\x81\x97\xe3\x82\x85\xe3\x81\x86\xe3\x81\xa6\xe3\x82\x93",   3316, 1 },
    { "\xe3\x81\x97\xe3\x82\x85\xe3\x81\x86\xe3\x81\xa8\xe3\x81\x8f",   3317, 1 },
    { "\xe3\x81\x97\xe3\x82\x85\xe3\x81\x86\xe3\x81\xab\xe3\x82\x85\xe3\x81\x86",   3318, 1 },
    { "\xe3\x81\x97\xe3\x82\x85\xe3\x81\x86\xe3\x81\xad\xe3\x82\x93",   3319, 2 },
    { "\xe3\x81\x97\xe3\x82\x85\xe3\x81\x86\xe3\x81\xae\xe3\x81\x86",   3321, 1 },
    { "\xe3\x81\x97\xe3\x82\x85\xe3\x81\x86\xe3\x81\xaf",   3322, 1 },
    { "\xe3\x81\x97\xe3\x82\x85\xe3\x81\x86\xe3\x81\xaf\xe3\x81\x84",   3323, 1 },
    { "\xe3\x81\x97\xe3\x82\x85\xe3\x81\x86\xe3\x81\xaf\xe3\x81\x99\xe3\x81\x86",   3324, 1 },
    { "\xe3\x81\x97\xe3\x82\x85\xe3\x81\x86\xe3\x81\xb5\xe3\x81\x8f",   3325, 1 },
    { "\xe3\x81\x97\xe3\x82\x85\xe3\x81\x86\xe3\x81\xb6\xe3\x82\x93",   3326, 1 },
    { "\xe3\x81\x97\xe3\x82\x85\xe3\x81\x86\xe3\x81\xb8\xe3\x82\x93",   3327, 1 },
    { "\xe3\x81\x97\xe3\x82\x85\xe3\x81\x86\xe3\x81\xb8\xe3\x82\x93\xe3\x81\x8d\xe3\x81\x8d",   3328, 1 },
    { "\xe3\x81\x97\xe3\x82\x85\xe3\x81\x86\xe3\x81\xb8\xe3\x82\x93\xe3\x81\x9d\xe3\x81\x86\xe3\x81\xa1",   3329, 1 },
    { "\xe3\x81\x97\xe3\x82\x85\xe3\x81\x86\xe3\x81\xbb\xe3\x81\x86",   3330, 1 },
    { "\xe3\x81\x97\xe3\x82\x85\xe3\x81\x86\xe3\x81\xbe\xe3\x81\xa4",   3331, 1 },
    { "\xe3\x81\x97\xe3\x82\x85\xe3\x81\x86\xe3\x82\x82\xe3\x81\x8f",   3332, 1 },
    { "\xe3\x81\x97\xe3\x82\x85\xe3\x81\x86\xe3\x82\x84\xe3\x81\x8f",   3333, 1 },
    { "\xe3\x81\x97\xe3\x82\x85\xe3\x81\x86\xe3\x82\x8a",   3334, 1 },
    { "\xe3\x81\x97\xe3\x82\x85\xe3\x81\x86\xe3\x82\x8a\xe3\x81\xa1\xe3\x82\x85\xe3\x81\x86",   3335, 1 },
    { "\xe3\x81\x97\xe3\x82\x85\xe3\x81\x86\xe3\x82\x8a\xe3\x82\x87\xe3\x81\x86",   3336, 2 },
    { "\xe3\x81\x97\xe3\x82\x85\xe3\x81\x86\xe3\x82\x8d\xe3\x81\x8f",   3338, 1 },
    { "\xe3\x81\x97\xe3\x82\x85\xe3\x81\x86\xe3\x82\x8d\xe3\x82\x93",   3339, 1 },
    { "\xe3\x81\x97\xe3\x82\x85\xe3\x81\x86\xe3\x82\x8f",   3340, 1 },
    { "\xe3\x81\x97\xe3\x82\x85\xe3\x81\x8b\xe3\x82\x93",   3341, 2 },
    { "\xe3\x81\x97\xe3\x82\x85\xe3\x81\x8d\xe3\x81\x8a\xe3\x81\x8f",   3343, 1 },
    { "\xe3\x81\x97\xe3\x82\x85\xe3\x81\x8d\xe3\x81\x8a\xe3\x81\x8f\xe3\x81\x9d\xe3\x81\x86\xe3\x81\xa1",   3344, 1 },
    { "\xe3\x81\x97\xe3\x82\x85\xe3\x81\x8e",   3345, 1 },
    { "\xe3\x81\x97\xe3\x82\x85\xe3\x81\x8e\xe3\x82\x87\xe3\x81\x86",   3346, 1 },
    { "\xe3\x81\x97\xe3\x82\x85\xe3\x81\x8f",   3347, 7 },
    { "\xe3\x81\x97\xe3\x82\x85\xe3\x81\x8f\xe3\x81\x8c",   3354, 1 },
    { "\xe3\x81\x97\xe3\x82\x85\xe3\x81\x8f\xe3\x81\x97\xe3\x82\x83",   3355, 1 },
    { "\xe3\x81\x97\xe3\x82\x85\xe3\x81\x8f\xe3\x81\x97\xe3\x82\x87\xe3\x81\x86",   3356, 1 },
    { "\xe3\x81\x97\xe3\x82\x85\xe3\x81\x8f\xe3\x81\xa0\xe3\x81\x84",   3357, 1 },
    { "\xe3\x81\x97\xe3\x82\x85\xe3\x81\x8f\xe3\x81\xaf\xe3\x81\x8f",   3358, 1 },
    { "\xe3\x81\x97\xe3\x82\x85\xe3\x81\x8f\xe3\x82\x81\xe3\x81\x84",   3359, 1 },
    { "\xe3\x81\x97\xe3\x82\x85\xe3\x81\x94",   3360, 1 },
    { "\xe3\x81\x97\xe3\x82\x85\xe3\x81\x95",   3361, 1 },
    { "\xe3\x81\x97\xe3\x82\x85\xe3\x81\x95\xe3\x81\x84",   3362, 1 },
    { "\xe3\x81\x97\xe3\x82\x85\xe3\x81\x97",   3363, 2 },
    { "\xe3\x81\x97\xe3\x82\x85\xe3\x81\x97\xe3\x82\x83",   3365, 1 },
    { "\xe3\x81\x97\xe3\x82\x85\xe3\x81\x97\xe3\x82\x85",   3366, 1 },
    { "\xe3\x81\x97\xe3\x82\x85\xe3\x81\x98",   3367, 1 },
    { "\xe3\x81\x97\xe3\x82\x85\xe3\x81\x98\xe3\x82\x93",   3368, 1 },
    { "\xe3\x81\x97\xe3\x82\x85\xe3\x81\x98\xe3\x82\x93\xe3\x81\x93\xe3\x81\x86",   3369, 1 },
    { "\xe3\x81\x97\xe3\x82\x85\xe3\x81\x9b\xe3\x81\x8d",   3370, 1 },
    { "\xe3\x81\x97\xe3\x82\x85\xe3\x81\x9f\xe3\x81\x84",   3371, 1 },
    { "\xe3\x81\x97\xe3\x82\x85\xe3\x81\xa0\xe3\x81\x84",   3372, 1 },
    { "\xe3\x81\x97\xe3\x82\x85\xe3\x81\xa0\xe3\x81\x84\xe3\x81\x8b",   3373, 1 },
    { "\xe3\x81\x97\xe3\x82\x85\xe3\x81\xa0\xe3\x82\x93",   3374, 1 },
    { "\xe3\x81\x97\xe3\x82\x85\xe3\x81\xa1\xe3\x82\x87\xe3\x81\x86",   3375, 1 },
    { "\xe3\x81\x97\xe3\x82\x85\xe3\x81\xa3\xe3\x81\x8b",   3376, 1 },
    { "\xe3\x81\x97\xe3\x82\x85\xe3\x81\xa3\xe3\x81\x8d\xe3\x82\x93",   3377, 1 },
    { "\xe3\x81\x97\xe3\x82\x85\xe3\x81\xa3\xe3\x81\x91\xe3\x81\xa4",   3378, 1 },
    { "\xe3\x81\x97\xe3\x82\x85\xe3\x81\xa3\xe3\x81\x93\xe3\x81\x86",   3379, 2 },
    { "\xe3\x81\x97\xe3\x82\x85\xe3\x81\xa3\xe3\x81\x97\xe3\x82\x83",   3381, 1 },
    { "\xe3\x81\x97\xe3\x82\x85\xe3\x81\xa3\xe3\x81\x97\xe3\x82\x87",   3382, 1 },
    { "\xe3\x81\x97\xe3\x82\x85\xe3\x81\xa3\xe3\x81\x97\xe3\x82\x93",   3383, 1 },
    { "\xe3\x81\x97\xe3\x82\x85\xe3\x81\xa3\xe3\x81\x99\xe3\x81\x84",   3384, 1 },
    { "\xe3\x81\x97\xe3\x82\x85\xe3\x81\xa3\xe3\x81\x9b",   3385, 1 },
    { "\xe3\x81\x97\xe3\x82\x85\xe3\x81\xa3\xe3\x81\x9b\xe3\x81\x84",   3386, 1 },
    { "\xe3\x81\x97\xe3\x82\x85\xe3\x81\xa3\xe3\x81\x9b\xe3\x81\x8d",   3387, 1 },
    { "\xe3\x81\x97\xe3\x82\x85\xe3\x81\xa3\xe3\x81\x9f\xe3\x81\x84\xe3\x81\x8d\xe3\x82\x93",   3388, 1 },
    { "\xe3\x81\x97\xe3\x82\x85\xe3\x81\xa3\xe3\x81\xa1\xe3\x82\x87\xe3\x81\x86",   3389, 1 },
    { "\xe3\x81\x97\xe3\x82\x85\xe3\x81\xa3\xe3\x81\xa6\xe3\x82\x93",   3390, 2 },
    { "\xe3\x81\x97\xe3\x82\x85\xe3\x81\xa3\xe3\x81\xb1\xe3\x81\xa4",   3392, 1 },
    { "\xe3\x81\x97\xe3\x82\x85\xe3\x81\xa3\xe3\x81\xb1\xe3\x81\xa4\xe3\x81\xa6\xe3\x82\x93",   3393, 1 },
    { "\xe3\x81\x97\xe3\x82\x85\xe3\x81\xa3\xe3\x81\xb1\xe3\x82\x93",   3394, 1 },
    { "\xe3\x81\x97\xe3\x82\x85\xe3\x81\xa3\xe3\x81\xb1\xe3\x82\x93\xe3\x81\x97\xe3\x82\x83",   3395, 1 },
    { "\xe3\x81\x97\xe3\x82\x85\xe3\x81\xa4",   3396, 1 },
    { "\xe3\x81\x97\xe3\x82\x85\xe3\x81\xa4\xe3\x81\x88\xe3\x82\x93",   3397, 1 },
    { "\xe3\x81\x97\xe3\x82\x85\xe3\x81\xa4\xe3\x81\x88\xe3\x82\x93\xe3\x81\x97\xe3\x82\x83",   3398, 1 },
    { "\xe3\x81\x97\xe3\x82\x85\xe3\x81\xa4\xe3\x81\x8c\xe3\x82\x93",   3399, 1 },
    { "\xe3\x81\x97\xe3\x82\x85\xe3\x81\xa4\xe3\x81\x92\xe3\x82\x93",   3400, 1 },
    { "\xe3\x81\x97\xe3\x82\x85\xe3\x81\xa4\xe3\x81\x92\xe3\x82\x93\xe3\x81\x84\xe3\x81\xa1",   3401, 1 },
    { "\xe3\x81\x97\xe3\x82\x85\xe3\x81\xa4\xe3\x81\x98\xe3\x82\x87\xe3\x81\x86",   3402, 1 },
    { "\xe3\x81\x97\xe3\x82\x85\xe3\x81\xa4\xe3\x82\x8a\xe3\x82\x87\xe3\x81\x8f",   3403, 1 },
    { "\xe3\x81\x97\xe3\x82\x85\xe3\x81\xa4\xe3\x82\x8a\xe3\x82\x87\xe3\x81\x8f\xe3\x81\xbb\xe3\x81\x86",   3404, 1 },
    { "\xe3\x81\x97\xe3\x82\x85\xe3\x81\xa8\xe3\x81\x8f",   3405, 1 },
    { "\xe3\x81\x97\xe3\x82\x85\xe3\x81\xa9\xe3\x81\x86",   3406, 1 },
    { "\xe3\x81\x97\xe3\x82\x85\xe3\x81\xab\xe3\x82\x93",   3407, 1 },
    { "\xe3\x81\x97\xe3\x82\x85\xe3\x81\xb3",   3408, 1 },
    { "\xe3\x81\x97\xe3\x82\x85\xe3\x81\xb5",   3409, 1 },
    { "\xe3\x81\x97\xe3\x82\x85\xe3\x81\xb9\xe3\x81\xa4",   3410, 1 },
    { "\xe3\x81\x97\xe3\x82\x85\xe3\x81\xbb\xe3\x81\x86",   3411, 1 },
    { "\xe3\x81\x97\xe3\x82\x85\xe3\x81\xbf",   3412, 1 },
    { "\xe3\x81\x97\xe3\x82\x85\xe3\x82\x80",   3413, 1 },
    { "\xe3\x81\x97\xe3\x82\x85\xe3\x82\x82\xe3\x81\x8f",   3414, 1 },
    { "\xe3\x81\x97\xe3\x82\x85\xe3\x82\x88\xe3\x81\x86",   3415, 1 },
    { "\xe3\x81\x97\xe3\x82\x85\xe3\x82\x8a\xe3\x82\x85\xe3\x81\x86",   3416, 1 },
    { "\xe3\x81\x97\xe3\x82\x85\xe3\x82\x8b\xe3\x81\x84",   3417, 1 },
    { "\xe3\x81\x97\xe3\x82\x85\xe3\x82\x93",   3418, 8 },
    { "\xe3\x81\x97\xe3\x82\x85\xe3\x82\x93\xe3\x81\x8b\xe3\x82\x93",   3426, 1 },
    { "\xe3\x81\x97\xe3\x82\x85\xe3\x82\x93\xe3\x81\x93\xe3\x81\x86",   3427, 1 },
    { "\xe3\x81\x97\xe3\x82\x85\xe3\x82\x93\xe3\x81\xb6\xe3\x82\x93",   3428, 1 },
    { "\xe3\x81\x97\xe3\x82\x87",   3429, 8 },
    { "\xe3\x81\x97\xe3\x82\x87\xe3\x81\x86",   3437, 8 },
    { "\xe3\x81\x97\xe3\x82\x87\xe3\x81\x86\xe3\x81\x84\xe3\x81\xa1",   3445, 1 },
    { "\xe3\x81\x97\xe3\x82\x87\xe3\x81\x86\xe3\x81\x86\xe3\x81\xa1\xe3\x82\x85\xe3\x81\x86",   3446, 1 },
    { "\xe3\x81\x97\xe3\x82\x87\xe3\x81\x86\xe3\x81\x8b\xe3\x81\x84",   3447, 2 },
    { "\xe3\x81\x97\xe3\x82\x87\xe3\x81\x86\xe3\x81\x8c\xe3\x81\x84",   3449, 4 },
    { "\xe3\x81\x97\xe3\x82\x87\xe3\x81\x86\xe3\x81\x8c\xe3\x81\x84\xe3\x81\xb6\xe3\x81\xa4",   3453, 1 },
    { "\xe3\x81\x97\xe3\x82\x87\xe3\x81\x86\xe3\x81\x8c\xe3\x81\x8f",   3454, 1 },
    { "\xe3\x81\x97\xe3\x82\x87\xe3\x81\x86\xe3\x81\x8c\xe3\x81\x8f\xe3\x81\x8b\xe3\x82\x93",   3455, 1 },
    { "\xe3\x81\x97\xe3\x82\x87\xe3\x81\x86\xe3\x81\x8c\xe3\x81\x8f\xe3\x81\x8d\xe3\x82\x93",   3456, 1 },
    { "\xe3\x81\x97\xe3\x82\x87\xe3\x81\x86\xe3\x81\x8c\xe3\x81\x8f\xe3\x81\x9b\xe3\x81\x84",   3457, 1 },
    { "\xe3\x81\x97\xe3\x82\x87\xe3\x81\x86\xe3\x81\x8c\xe3\x81\xa3\xe3\x81\x93\xe3\x81\x86",   3458, 1 },
    { "\xe3\x81\x97\xe3\x82\x87\xe3\x81\x86\xe3\x81\x8c\xe3\x81\xa4",   3459, 1 },
    { "\xe3\x81\x97\xe3\x82\x87\xe3\x81\x86\xe3\x81\x8d\xe3\x81\xbc",   3460, 1 },
    { "\xe3\x81\x97\xe3\x82\x87\xe3\x81\x86\xe3\x81\x8d\xe3\x82\x87",   3461, 1 },
    { "\xe3\x81\x97\xe3\x82\x87\xe3\x81\x86\xe3\x81\x8d\xe3\x82\x87\xe3\x81\x8f",   3462, 1 },
    { "\xe3\x81\x97\xe3\x82\x87\xe3\x81\x86\xe3\x81\x8e\xe3\x82\x87\xe3\x81\x86",   3463, 1 },
    { "\xe3\x81\x97\xe3\x82\x87\xe3\x81\x86\xe3\x81\x8e\xe3\x82\x87\xe3\x81\x86\xe3\x81\xa6\xe3\x81\x8d",   3464, 1 },
    { "\xe3\x81\x97\xe3\x82\x87\xe3\x81\x86\xe3\x81\x91\xe3\x82\x93",   3465, 1 },
    { "\xe3\x81\x97\xe3\x82\x87\xe3\x81\x86\xe3\x81\x92\xe3\x81\x8d",   3466, 1 },
    { "\xe3\x81\x97\xe3\x82\x87\xe3\x81\x86\xe3\x81\x93",   3467, 1 },
    { "\xe3\x81\x97\xe3\x82\x87\xe3\x81\x86\xe3\x81\x93\xe3\x81\x86",   3468, 1 },
    { "\xe3\x81\x97\xe3\x82\x87\xe3\x81\x86\xe3\x81\x93\xe3\x81\x86\xe3\x81\x97",   3469, 1 },
    { "\xe3\x81\x97\xe3\x82\x87\xe3\x81\x86\xe3\x81\x93\xe3\x81\x86\xe3\x82\x82\xe3\x81\x8f",   3470, 1 },
    { "\xe3\x81\x97\xe3\x82\x87\xe3\x81\x86\xe3\x81\x94",   3471, 1 },
    { "\xe3\x81\x97\xe3\x82\x87\xe3\x81\x86\xe3\x81\x94\xe3\x81\x86",   3472, 1 },
    { "\xe3\x81\x97\xe3\x82\x87\xe3\x81\x86\xe3\x81\x95\xe3\x81\x84",   3473, 1 },
    { "\xe3\x81\x97\xe3\x82\x87\xe3\x81\x86\xe3\x81\x97\xe3\x82\x85\xe3\x81\x86",   3474, 1 },
    { "\xe3\x81\x97\xe3\x82\x87\xe3\x81\x86\xe3\x81\x97\xe3\x82\x87\xe3\x81\x86",   3475, 1 },
    { "\xe3\x81\x97\xe3\x82\x87\xe3\x81\x86\xe3\x81\x98",   3476, 1 },
    { "\xe3\x81\x97\xe3\x82\x87\xe3\x81\x86\xe3\x81\x98\xe3\x81\x8d",   3477, 1 },
    { "\xe3\x81\x97\xe3\x82\x87\xe3\x81\x86\xe3\x81\x98\xe3\x82\x87",   3478, 1 },
    { "\xe3\x81\x97\xe3\x82\x87\xe3\x81\x86\xe3\x81\x98\xe3\x82\x87\xe3\x81\x86",   3479, 1 },
    { "\xe3\x81\x97\xe3\x82\x87\xe3\x81\x86\xe3\x81\x99\xe3\x81\x86",   3480, 1 },
    { "\xe3\x81\x97\xe3\x82\x87\xe3\x81\x86\xe3\x81\x9b\xe3\x81\xa4",   3481, 2 },
    { "\xe3\x81\x97\xe3\x82\x87\xe3\x81\x86\xe3\x81\x9f\xe3\x81\x84",   3483, 2 },
    { "\xe3\x81\x97\xe3\x82\x87\xe3\x81\x86\xe3\x81\xa0\xe3\x81\x8f",   3485, 1 },
    { "\xe3\x81\x97\xe3\x82\x87\xe3\x81\x86\xe3\x81\xa0\xe3\x81\x8f\xe3\x81\x97\xe3\x82\x87",   3486, 1 },
    { "\xe3\x81\x97\xe3\x82\x87\xe3\x81\x86\xe3\x81\xa1",   3487, 1 },
    { "\xe3\x81\x97\xe3\x82\x87\xe3\x81\x86\xe3\x81\xa1\xe3\x82\x87\xe3\x81\x86",   3488, 1 },
    { "\xe3\x81\x97\xe3\x82\x87\xe3\x81\x86\xe3\x81\xa1\xe3\x82\x87\xe3\x81\x86\xe3\x81\xa6\xe3\x81\x8d",   3489, 1 },
    { "\xe3\x81\x97\xe3\x82\x87\xe3\x81\x86\xe3\x81\xa6\xe3\x82\x93",   3490, 2 },
    { "\xe3\x81\x97\xe3\x82\x87\xe3\x81\x86\xe3\x81\xa8\xe3\x81\xa4",   3492, 1 },
    { "\xe3\x81\x97\xe3\x82\x87\xe3\x81\x86\xe3\x81\xa9\xe3\x81\x86",   3493, 1 },
    { "\xe3\x81\x97\xe3\x82\x87\xe3\x81\x86\xe3\x81\xaa\xe3\x82\x8a",   3494, 1 },
    { "\xe3\x81\x97\xe3\x82\x87\xe3\x81\x86\xe3\x81\xaa\xe3\x82\x93",   3495, 1 },
    { "\xe3\x81\x97\xe3\x82\x87\xe3\x81\x86\xe3\x81\xab\xe3\x82\x93",   3496, 2 },
    { "\xe3\x81\x97\xe3\x82\x87\xe3\x81\x86\xe3\x81\xad\xe3\x82\x93",   3498, 1 },
    { "\xe3\x81\x97\xe3\x82\x87\xe3\x81\x86\xe3\x81\xad\xe3\x82\x93\xe3\x81\xb2\xe3\x81\x93\xe3\x81\x86",   3499, 1 },
    { "\xe3\x81\x97\xe3\x82\x87\xe3\x81\x86\xe3\x81\xb0\xe3\x81\x84",   3500, 1 },
    { "\xe3\x81\x97\xe3\x82\x87\xe3\x81\x86\xe3\x81\xb2",   3501, 1 },
    { "\xe3\x81\x97\xe3\x82\x87\xe3\x81\x86\xe3\x81\xb2\xe3\x81\x97\xe3\x82\x83",   3502, 1 },
    { "\xe3\x81\x97\xe3\x82\x87\xe3\x81\x86\xe3\x81\xb2\xe3\x82\x87\xe3\x81\x86",   3503, 1 },
    { "\xe3\x81\x97\xe3\x82\x87\xe3\x81\x86\xe3\x81\xb2\xe3\x82\x87\xe3\x81\x86\xe3\x81\x91\xe3\x82\x93",   3504, 1 },
    { "\xe3\x81\x97\xe3\x82\x87\xe3\x81\x86\xe3\x81\xb2\xe3\x82\x93",   3505, 3 },
    { "\xe3\x81\x97\xe3\x82\x87\xe3\x81\x86\xe3\x81\xb2\xe3\x82\x93\xe3\x82\x81\xe3\x81\x84",   3508, 1 },
    { "\xe3\x81\x97\xe3\x82\x87\xe3\x81\x86\xe3\x81\xb6",   3509, 2 },
    { "\xe3\x81\x97\xe3\x82\x87\xe3\x81\x86\xe3\x82\x81\xe3\x81\x84",   3511, 1 },
    { "\xe3\x81\x97\xe3\x82\x87\xe3\x81\x86\xe3\x82\x81\xe3\x81\x84\xe3\x81\x97\xe3\x82\x87",   3512, 1 },
    { "\xe3\x81\x97\xe3\x82\x87\xe3\x81\x86\xe3\x82\x81\xe3\x81\x84\xe3\x81\x9a",   3513, 1 },
    { "\xe3\x81\x97\xe3\x82\x87\xe3\x81\x86\xe3\x82\x81\xe3\x81\x84\xe3\x82\x8d\xe3\x82\x93",   3514, 1 },
    { "\xe3\x81\x97\xe3\x82\x87\xe3\x81\x86\xe3\x82\x81\xe3\x81\xa4",   3515, 1 },
    { "\xe3\x81\x97\xe3\x82\x87\xe3\x81\x86\xe3\x82\x82\xe3\x81\x86",   3516, 1 },
    { "\xe3\x81\x97\xe3\x82\x87\xe3\x81\x86\xe3\x82\x82\xe3\x81\x86\xe3\x81\xb2\xe3\x82\x93",   3517, 1 },
    { "\xe3\x81\x97\xe3\x82\x87\xe3\x81\x86\xe3\x82\x88\xe3\x81\x86",   3518, 1 },
    { "\xe3\x81\x97\xe3\x82\x87\xe3\x81\x86\xe3\x82\x89\xe3\x81\x84",   3519, 1 },
    { "\xe3\x81\x97\xe3\x82\x87\xe3\x81\x86\xe3\x82\x8a\xe3\x82\x83\xe3\x81\x8f",   3520, 1 },
    { "\xe3\x81\x97\xe3\x82\x87\xe3\x81\x86\xe3\x82\x8a\xe3\x82\x87\xe3\x81\x86",   3521, 1 },
    { "\xe3\x81\x97\xe3\x82\x87\xe3\x81\x86\xe3\x82\x8c\xe3\x81\x84",   3522, 1 },
    { "\xe3\x81\x97\xe3\x82\x87\xe3\x81\x86\xe3\x82\x8f",   3523, 1 },
    { "\xe3\x81\x97\xe3\x82\x87\xe3\x81\x8d",   3524, 2 },
    { "\xe3\x81\x97\xe3\x82\x87\xe3\x81\x8d\xe3\x81\x8b",   3526, 1 },
    { "\xe3\x81\x97\xe3\x82\x87\xe3\x81\x8d\xe3\x81\x91\xe3\x81\x84",   3527, 1 },
    { "\xe3\x81\x97\xe3\x82\x87\xe3\x81\x8d\xe3\x81\xa1",   3528, 1 },
    { "\xe3\x81\x97\xe3\x82\x87\xe3\x81\x8d\xe3\x82\x85\xe3\x81\x86",   3529, 1 },
    { "\xe3\x81\x97\xe3\x82\x87\xe3\x81\x8f",   3530, 8 },
    { "\xe3\x81\x97\xe3\x82\x87\xe3\x81\x8f\xe3\x81\x84\xe3\x82\x93",   3538, 1 },
    { "\xe3\x81\x97\xe3\x82\x87\xe3\x81\x8f\xe3\x81\x84\xe3\x82\x93\xe3\x81\x97\xe3\x81\xa4",   3539, 1 },
    { "\xe3\x81\x97\xe3\x82\x87\xe3\x81\x8f\xe3\x81\x8e\xe3\x82\x87\xe3\x81\x86",   3540, 1 },
    { "\xe3\x81\x97\xe3\x82\x87\xe3\x81\x8f\xe3\x81\x8e\xe3\x82\x87\xe3\x81\x86\xe3\x81\x8c\xe3\x82\x89",   3541, 1 },
    { "\xe3\x81\x97\xe3\x82\x87\xe3\x81\x8f\xe3\x81\x98",   3542, 1 },
    { "\xe3\x81\x97\xe3\x82\x87\xe3\x81\x8f\xe3\x81\xa9\xe3\x81\x86",   3543, 1 },
    { "\xe3\x81\x97\xe3\x82\x87\xe3\x81\x8f\xe3\x81\xa9\xe3\x81\x86\xe3\x81\x97\xe3\x82\x83",   3544, 1 },
    { "\xe3\x81\x97\xe3\x82\x87\xe3\x81\x8f\xe3\x81\xb0",   3545, 1 },
    { "\xe3\x81\x97\xe3\x82\x87\xe3\x81\x8f\xe3\x81\xb2\xe3\x82\x93",   3546, 1 },
    { "\xe3\x81\x97\xe3\x82\x87\xe3\x81\x8f\xe3\x81\xb6\xe3\x81\xa4",   3547, 1 },
    { "\xe3\x81\x97\xe3\x82\x87\xe3\x81\x8f\xe3\x81\xbf\xe3\x82\x93",   3548, 1 },
    { "\xe3\x81\x97\xe3\x82\x87\xe3\x81\x8f\xe3\x81\xbf\xe3\x82\x93\xe3\x81\x9b\xe3\x81\x84",   3549, 1 },
    { "\xe3\x81\x97\xe3\x82\x87\xe3\x81\x8f\xe3\x81\xbf\xe3\x82\x93\xe3\x81\xa1",   3550, 1 },
    { "\xe3\x81\x97\xe3\x82\x87\xe3\x81\x8f\xe3\x82\x88\xe3\x81\x8f",   3551, 1 },
    { "\xe3\x81\x97\xe3\x82\x87\xe3\x81\x8f\xe3\x82\x93",   3552, 1 },
    { "\xe3\x81\x97\xe3\x82\x87\xe3\x81\x90\xe3\x81\x86",   3553, 1 },
    { "\xe3\x81\x97\xe3\x82\x87\xe3\x81\x91\xe3\x82\x93",   3554, 1 },
    { "\xe3\x81\x97\xe3\x82\x87\xe3\x81\x93\xe3\x81\x8f",   3555, 1 },
    { "\xe3\x81\x97\xe3\x82\x87\xe3\x81\x97\xe3\x81\x8d",   3556, 1 },
    { "\xe3\x81\x97\xe3\x82\x87\xe3\x81\x97\xe3\x82\x93\xe3\x81\x97\xe3\x82\x83",   3557, 1 },
    { "\xe3\x81\x97\xe3\x82\x87\xe3\x81\x98",   3558, 1 },
    { "\xe3\x81\x97\xe3\x82\x87\xe3\x81\x98\xe3\x82\x85\xe3\x82\x93",   3559, 1 },
    { "\xe3\x81\x97\xe3\x82\x87\xe3\x81\x9b\xe3\x81\x8d",   3560, 1 },
    { "\xe3\x81\x97\xe3\x82\x87\xe3\x81\x9e\xe3\x81\x8f",   3561, 1 },
    { "\xe3\x81\x97\xe3\x82\x87\xe3\x81\x9f\xe3\x81\x84\xe3\x82\x81\xe3\x82\x93",   3562, 1 },
    { "\xe3\x81\x97\xe3\x82\x87\xe3\x81\xa0\xe3\x81\xaa",   3563, 1 },
    { "\xe3\x81\x97\xe3\x82\x87\xe3\x81\xa1",   3564, 1 },
    { "\xe3\x81\x97\xe3\x82\x87\xe3\x81\xa1\xe3\x82\x87\xe3\x81\x86",   3565, 1 },
    { "\xe3\x81\x97\xe3\x82\x87\xe3\x81\xa3\xe3\x81\x8d",   3566, 1 },
    { "\xe3\x81\x97\xe3\x82\x87\xe3\x81\xa6\xe3\x82\x93",   3567, 1 },
    { "\xe3\x81\x97\xe3\x82\x87\xe3\x81\xa8\xe3\x81\x86\xe3\x81\xa6\xe3\x81\x8d",   3568, 1 },
    { "\xe3\x81\x97\xe3\x82\x87\xe3\x81\xaa\xe3\x81\x84",   3569, 1 },
    { "\xe3\x81\x97\xe3\x82\x87\xe3\x81\xab\xe3\x81\xa1",   3570, 1 },
    { "\xe3\x81\x97\xe3\x82\x87\xe3\x81\xaf\xe3\x82\x93",   3571, 1 },
    { "\xe3\x81\x97\xe3\x82\x87\xe3\x81\xbb",   3572, 1 },
    { "\xe3\x81\x97\xe3\x82\x87\xe3\x81\xbb\xe3\x81\xa6\xe3\x81\x8d",   3573, 1 },
    { "\xe3\x81\x97\xe3\x82\x87\xe3\x81\xbc\xe3\x81\x86",   3574, 1 },
    { "\xe3\x81\x97\xe3\x82\x87\xe3\x82\x80",   3575, 1 },
    { "\xe3\x81\x97\xe3\x82\x87\xe3\x82\x80\xe3\x81\x8b\xe3\x81\x8b\xe3\x82\x8a",   3576, 1 },
    { "\xe3\x81\x97\xe3\x82\x87\xe3\x82\x81\xe3\x81\x84",   3577, 2 },
    { "\xe3\x81\x97\xe3\x82\x87\xe3\x82\x86\xe3\x81\x86",   3579, 1 },
    { "\xe3\x81\x97\xe3\x82\x87\xe3\x82\x8a",   3580, 1 },
    { "\xe3\x81\x97\xe3\x82\x87\xe3\x82\x8a\xe3\x81\x91\xe3\x81\x84",   3581, 1 },
    { "\xe3\x81\x97\xe3\x82\x87\xe3\x82\x8a\xe3\x81\x9d\xe3\x81\x86\xe3\x81\xa1",   3582, 1 },
    { "\xe3\x81\x97\xe3\x82\x87\xe3\x82\x8a\xe3\x81\xa1\xe3\x82\x85\xe3\x81\x86",   3583, 1 },
    { "\xe3\x81\x97\xe3\x82\x87\xe3\x82\x8a\xe3\x81\xbb\xe3\x81\x86\xe3\x81\x97\xe3\x81\x8d",   3584, 1 },
    { "\xe3\x81\x97\xe3\x82\x87\xe3\x82\x8b\xe3\x81\x84",   3585, 1 },
    { "\xe3\x81\x97\xe3\x82\x88\xe3\x81\x86",   3586, 3 },
    { "\xe3\x81\x97\xe3\x82\x88\xe3\x81\x86\xe3\x81\x94",   3589, 1 },
    { "\xe3\x81\x97\xe3\x82\x88\xe3\x81\x86\xe3\x81\x97\xe3\x82\x83",   3590, 1 },
    { "\xe3\x81\x97\xe3\x82\x88\xe3\x81\x86\xe3\x81\x97\xe3\x82\x87",   3591, 1 },
    { "\xe3\x81\x97\xe3\x82\x88\xe3\x81\x86\xe3\x81\xa1\xe3\x82\x85\xe3\x81\x86",   3592, 1 },
    { "\xe3\x81\x97\xe3\x82\x88\xe3\x81\x86\xe3\x81\xbb\xe3\x81\x86",   3593, 1 },
    { "\xe3\x81\x97\xe3\x82\x88\xe3\x81\x86\xe3\x82\x8c\xe3\x81\x84",   3594, 1 },
    { "\xe3\x81\x97\xe3\x82\x89",   3595, 1 },
    { "\xe3\x81\x97\xe3\x82\x89\xe3\x81\x84",   3596, 1 },
    { "\xe3\x81\x97\xe3\x82\x89\xe3\x81\x8b\xe3\x82\x8f",   3597, 1 },
    { "\xe3\x81\x97\xe3\x82\x89\xe3\x82\x86\xe3\x82\x8a",   3598, 1 },
    { "\xe3\x81\x97\xe3\x82\x8a",   3599, 1 },
    { "\xe3\x81\x97\xe3\x82\x8a\xe3\x81\xa4",   3600, 1 },
    { "\xe3\x81\x97\xe3\x82\x8a\xe3\x81\xa4\xe3\x81\xa1\xe3\x82\x85\xe3\x81\x86\xe3\x81\x8c\xe3\x81\x8f",   3601, 1 },
    { "\xe3\x81\x97\xe3\x82\x8a\xe3\x82\x87",   3602, 1 },
    { "\xe3\x81\x97\xe3\x82\x8a\xe3\x82\x87\xe3\x81\x86",   3603, 1 },
    { "\xe3\x81\x97\xe3\x82\x8a\xe3\x82\x87\xe3\x81\x8f",   3604, 1 },
    { "\xe3\x81\x97\xe3\x82\x8b",   3605, 1 },
    { "\xe3\x81\x97\xe3\x82\x8b\xe3\x81\x97",   3606, 1 },
    { "\xe3\x81\x97\xe3\x82\x8c\xe3\x81\x84",   3607, 1 },
    { "\xe3\x81\x97\xe3\x82\x8d",   3608, 3 },
    { "\xe3\x81\x97\xe3\x82\x8d\xe3\x81\x86\xe3\x81\xa8",   3611, 1 },
    { "\xe3\x81\x97\xe3\x82\x8d\xe3\x81\xbc\xe3\x81\x97",   3612, 1 },
    { "\xe3\x81\x97\xe3\x82\x8d\xe3\x81\xbe\xe3\x82\x8b",   3613, 2 },
    { "\xe3\x81\x97\xe3\x82\x8d\xe3\x82\x82\xe3\x81\xae",   3615, 1 },
    { "\xe3\x81\x97\xe3\x82\x8f\xe3\x81\x8f",   3616, 1 },
    { "\xe3\x81\x97\xe3\x82\x8f\xe3\x81\x99",   3617, 1 },
    { "\xe3\x81\x97\xe3\x82\x93",   3618, 8 },
    { "\xe3\x81\x97\xe3\x82\x93\xe3\x81\x84\xe3\x81\xa1",   3626, 2 },
    { "\xe3\x81\x97\xe3\x82\x93\xe3\x81\x8b",   3628, 1 },
    { "\xe3\x81\x97\xe3\x82\x93\xe3\x81\x8b\xe3\x82\x93",   3629, 1 },
    { "\xe3\x81\x97\xe3\x82\x93\xe3\x81\x8b\xe3\x82\x93\xe3\x81\x9b\xe3\x82\x93",   3630, 1 },
    { "\xe3\x81\x97\xe3\x82\x93\xe3\x81\x8c\xe3\x81\x84",   3631, 1 },
    { "\xe3\x81\x97\xe3\x82\x93\xe3\x81\x8c\xe3\x81\x8f",   3632, 1 },
    { "\xe3\x81\x97\xe3\x82\x93\xe3\x81\x8c\xe3\x81\x8f\xe3\x81\x8e\xe3\x81\xbb\xe3\x81\x86",   3633, 1 },
    { "\xe3\x81\x97\xe3\x82\x93\xe3\x81\x8c\xe3\x81\x8f\xe3\x82\x8d\xe3\x82\x93",   3634, 1 },
    { "\xe3\x81\x97\xe3\x82\x93\xe3\x81\x8d",   3635, 1 },
    { "\xe3\x81\x97\xe3\x82\x93\xe3\x81\x8d\xe3\x82\x87\xe3\x81\x8f",   3636, 1 },
    { "\xe3\x81\x97\xe3\x82\x93\xe3\x81\x8e",   3637, 1 },
    { "\xe3\x81\x97\xe3\x82\x93\xe3\x81\x8f\xe3\x81\x86\xe3\x81\xa7\xe3\x82\x93\xe3\x81\x97",   3638, 1 },
    { "\xe3\x81\x97\xe3\x82\x93\xe3\x81\x91\xe3\x81\x84",   3639, 1 },
    { "\xe3\x81\x97\xe3\x82\x93\xe3\x81\x91\xe3\x81\x84\xe3\x81\x91\xe3\x81\x84",   3640, 1 },
    { "\xe3\x81\x97\xe3\x82\x93\xe3\x81\x91\xe3\x81\x84\xe3\x81\x97\xe3\x81\xa4",   3641, 1 },
    { "\xe3\x81\x97\xe3\x82\x93\xe3\x81\x91\xe3\x82\x93",   3642, 1 },
    { "\xe3\x81\x97\xe3\x82\x93\xe3\x81\x93\xe3\x81\x86",   3643, 3 },
    { "\xe3\x81\x97\xe3\x82\x93\xe3\x81\x93\xe3\x81\x86\xe3\x81\x8b\xe3\x81\x84",   3646, 1 },
    { "\xe3\x81\x97\xe3\x82\x93\xe3\x81\x93\xe3\x81\x86\xe3\x81\xa1\xe3\x82\x85\xe3\x81\x86",   3647, 1 },
    { "\xe3\x81\x97\xe3\x82\x93\xe3\x81\x93\xe3\x81\x86\xe3\x81\xb9",   3648, 1 },
    { "\xe3\x81\x97\xe3\x82\x93\xe3\x81\x94",   3649, 1 },
    { "\xe3\x81\x97\xe3\x82\x93\xe3\x81\x94\xe3\x81\x86",   3650, 1 },
    { "\xe3\x81\x97\xe3\x82\x93\xe3\x81\x95",   3651, 1 },
    { "\xe3\x81\x97\xe3\x82\x93\xe3\x81\x95\xe3\x81\x8f",   3652, 1 },
    { "\xe3\x81\x97\xe3\x82\x93\xe3\x81\x95\xe3\x81\xa4",   3653, 1 },
    { "\xe3\x81\x97\xe3\x82\x93\xe3\x81\x96\xe3\x82\x93",   3654, 1 },
    { "\xe3\x81\x97\xe3\x82\x93\xe3\x81\x97\xe3\x82\x83",   3655, 1 },
    { "\xe3\x81\x97\xe3\x82\x93\xe3\x81\x97\xe3\x82\x85\xe3\x81\x86",   3656, 1 },
    { "\xe3\x81\x97\xe3\x82\x93\xe3\x81\x97\xe3\x82\x85\xe3\x81\xa4",   3657, 2 },
    { "\xe3\x81\x97\xe3\x82\x93\xe3\x81\x97\xe3\x82\x87",   3659, 1 },
    { "\xe3\x81\x97\xe3\x82\x93\xe3\x81\x98\xe3\x81\xa4",   3660, 1 },
    { "\xe3\x81\x97\xe3\x82\x93\xe3\x81\x98\xe3\x82\x85\xe3\x81\x8f",   3661, 1 },
    { "\xe3\x81\x97\xe3\x82\x93\xe3\x81\x98\xe3\x82\x85\xe3\x81\x8f\xe3\x81\x8f",   3662, 1 },
    { "\xe3\x81\x97\xe3\x82\x93\xe3\x81\x98\xe3\x82\x93",   3663, 1 },
    { "\xe3\x81\x97\xe3\x82\x93\xe3\x81\x99\xe3\x81\x86",   3664, 1 },
    { "\xe3\x81\x97\xe3\x82\x93\xe3\x81\x9b\xe3\x81\x84",   3665, 2 },
    { "\xe3\x81\x97\xe3\x82\x93\xe3\x81\x9b\xe3\x81\x84\xe3\x81\x97\xe3\x82\x87",   3667, 1 },
    { "\xe3\x81\x97\xe3\x82\x93\xe3\x81\x9b\xe3\x81\x84\xe3\x81\xb2\xe3\x82\x93",   3668, 1 },
    { "\xe3\x81\x97\xe3\x82\x93\xe3\x81\x9b\xe3\x81\x8d",   3669, 1 },
    { "\xe3\x81\x97\xe3\x82\x93\xe3\x81\x9b\xe3\x81\xa0\xe3\x81\x84",   3670, 1 },
    { "\xe3\x81\x97\xe3\x82\x93\xe3\x81\x9b\xe3\x81\xa4",   3671, 2 },
    { "\xe3\x81\x97\xe3\x82\x93\xe3\x81\x9b\xe3\x82\x93",   3673, 1 },
    { "\xe3\x81\x97\xe3\x82\x93\xe3\x81\x9d\xe3\x81\x86",   3674, 1 },
    { "\xe3\x81\x97\xe3\x82\x93\xe3\x81\x9f\xe3\x81\x84",   3675, 1 },
    { "\xe3\x81\x97\xe3\x82\x93\xe3\x81\x9f\xe3\x81\x8f",   3676, 1 },
    { "\xe3\x81\x97\xe3\x82\x93\xe3\x81\x9f\xe3\x81\xbe\xe3\x81\x8c\xe3\x82\x8f\xe3\x81\x9b\xe3\x82\x93",   3677, 1 },
    { "\xe3\x81\x97\xe3\x82\x93\xe3\x81\xa0\xe3\x82\x93",   3678, 1 },
    { "\xe3\x81\x97\xe3\x82\x93\xe3\x81\xa0\xe3\x82\x93\xe3\x81\x97\xe3\x82\x87",   3679, 1 },
    { "\xe3\x81\x97\xe3\x82\x93\xe3\x81\xa1\xe3\x82\x87\xe3\x81\x86",   3680, 1 },
    { "\xe3\x81\x97\xe3\x82\x93\xe3\x81\xa1\xe3\x82\x87\xe3\x81\x8f",   3681, 1 },
    { "\xe3\x81\x97\xe3\x82\x93\xe3\x81\xa6\xe3\x82\x93",   3682, 2 },
    { "\xe3\x81\x97\xe3\x82\x93\xe3\x81\xa8\xe3\x81\x86",   3684, 2 },
    { "\xe3\x81\x97\xe3\x82\x93\xe3\x81\xab\xe3\x81\xa3\xe3\x81\xa6\xe3\x81\xa4",   3686, 1 },
    { "\xe3\x81\x97\xe3\x82\x93\xe3\x81\xab\xe3\x82\x85\xe3\x81\x86",   3687, 2 },
    { "\xe3\x81\x97\xe3\x82\x93\xe3\x81\xad\xe3\x82\x93",   3689, 2 },
    { "\xe3\x81\x97\xe3\x82\x93\xe3\x81\xad\xe3\x82\x93\xe3\x81\x8b\xe3\x81\x84",   3691, 1 },
    { "\xe3\x81\x97\xe3\x82\x93\xe3\x81\xb0\xe3\x81\x97",   3692, 1 },
    { "\xe3\x81\x97\xe3\x82\x93\xe3\x81\xb0\xe3\x82\x93\xe3\x81\x90\xe3\x81\xbf",   3693, 1 },
    { "\xe3\x81\x97\xe3\x82\x93\xe3\x81\xb1\xe3\x81\x84",   3694, 1 },
    { "\xe3\x81\x97\xe3\x82\x93\xe3\x81\xb4\xe3\x82\x93",   3695, 1 },
    { "\xe3\x81\x97\xe3\x82\x93\xe3\x81\xb6\xe3\x82\x93",   3696, 1 },
    { "\xe3\x81\x97\xe3\x82\x93\xe3\x81\xb6\xe3\x82\x93\xe3\x81\x97\xe3\x82\x83",   3697, 1 },
    { "\xe3\x81\x97\xe3\x82\x93\xe3\x81\xb7\xe3\x81\x8f",   3698, 1 },
    { "\xe3\x81\x97\xe3\x82\x93\xe3\x81\xbc\xe3\x81\x8f",   3699, 1 },
    { "\xe3\x81\x97\xe3\x82\x93\xe3\x81\xbc\xe3\x81\x8f\xe3\x81\x8b\xe3\x81\x84",   3700, 1 },
    { "\xe3\x81\x97\xe3\x82\x93\xe3\x81\xbd",   3701, 1 },
    { "\xe3\x81\x97\xe3\x82\x93\xe3\x81\xbf\xe3\x81\xa4",   3702, 1 },
    { "\xe3\x81\x97\xe3\x82\x93\xe3\x82\x84",   3703, 1 },
    { "\xe3\x81\x97\xe3\x82\x93\xe3\x82\x88\xe3\x81\x86",   3704, 1 },
    { "\xe3\x81\x97\xe3\x82\x93\xe3\x82\x89\xe3\x81\x84",   3705, 1 },
    { "\xe3\x81\x97\xe3\x82\x93\xe3\x82\x89\xe3\x81\x84\xe3\x81\x9b\xe3\x81\x84",   3706, 1 },
    { "\xe3\x81\x97\xe3\x82\x93\xe3\x82\x8a",   3707, 2 },
    { "\xe3\x81\x97\xe3\x82\x93\xe3\x82\x8a\xe3\x81\x8b\xe3\x82\x93\xe3\x81\x99\xe3\x81\x86",   3709, 1 },
    { "\xe3\x81\x97\xe3\x82\x93\xe3\x82\x8a\xe3\x81\x8c\xe3\x81\x8f",   3710, 1 },
    { "\xe3\x81\x97\xe3\x82\x93\xe3\x82\x8a\xe3\x81\xa1",   3711, 1 },
    { "\xe3\x81\x97\xe3\x82\x93\xe3\x82\x8a\xe3\x81\xb2\xe3\x82\x87\xe3\x81\x86",   3712, 1 },
    { "\xe3\x81\x97\xe3\x82\x93\xe3\x82\x8d",   3713, 1 },
    { "\xe3\x81\x97\xe3\x82\x93\xe3\x82\x8f",   3714, 3 },
    { "\xe3\x81\x97\xe3\x82\x93\xe3\x82\x8f\xe3\x81\x9b\xe3\x81\x84",   3717, 1 },
    { "\xe3\x81\x98",   3718, 8 },
    { "\xe3\x81\x98\xe3\x81\x82\xe3\x81\x84",   3726, 1 },
    { "\xe3\x81\x98\xe3\x81\x84\xe3\x81\x97\xe3\x81\x8d",   3727, 1 },
    { "\xe3\x81\x98\xe3\x81\x84\xe3\x82\x93",   3728, 1 },
    { "\xe3\x81\x98\xe3\x81\x88\xe3\x81\x84",   3729, 2 },
    { "\xe3\x81\x98\xe3\x81\x88\xe3\x81\x84\xe3\x81\x9d\xe3\x81\x97\xe3\x81\x8d",   3731, 1 },
    { "\xe3\x81\x98\xe3\x81\x8b\xe3\x81\x84",   3732, 2 },
    { "\xe3\x81\x98\xe3\x81\x8b\xe3\x81\x8f",   3734, 1 },
    { "\xe3\x81\x98\xe3\x81\x8b\xe3\x82\x93",   3735, 1 },
    { "\xe3\x81\x98\xe3\x81\x8b\xe3\x82\x93\xe3\x81\x88\xe3\x81\x84\xe3\x81\x8e\xe3\x82\x87\xe3\x81\x86",   3736, 1 },
    { "\xe3\x81\x98\xe3\x81\x8d",   3737, 5 },
    { "\xe3\x81\x98\xe3\x81\x8d\xe3\x81\x82\xe3\x82\x89\xe3\x81\x97",   3742, 1 },
    { "\xe3\x81\x98\xe3\x81\x8d\xe3\x81\xa6\xe3\x81\x8d",   3743, 1 },
    { "\xe3\x81\x98\xe3\x81\x8d\xe3\x82\x85\xe3\x81\x86",   3744, 2 },
    { "\xe3\x81\x98\xe3\x81\x8e\xe3\x82\x87\xe3\x81\x86",   3746, 2 },
    { "\xe3\x81\x98\xe3\x81\x8e\xe3\x82\x87\xe3\x81\x86\xe3\x81\xb6",   3748, 1 },
    { "\xe3\x81\x98\xe3\x81\x8e\xe3\x82\x87\xe3\x81\x86\xe3\x81\xbb\xe3\x82\x93\xe3\x81\xb6",   3749, 1 },
    { "\xe3\x81\x98\xe3\x81\x8f",   3750, 3 },
    { "\xe3\x81\x98\xe3\x81\x91\xe3\x81\x84",   3753, 1 },
    { "\xe3\x81\x98\xe3\x81\x91\xe3\x81\x84\xe3\x81\xa0\xe3\x82\x93",   3754, 1 },
    { "\xe3\x81\x98\xe3\x81\x91\xe3\x82\x93",   3755, 1 },
    { "\xe3\x81\x98\xe3\x81\x92\xe3\x82\x93",   3756, 1 },
    { "\xe3\x81\x98\xe3\x81\x92\xe3\x82\x93\xe3\x81\x98\xe3\x82\x87\xe3\x81\x86",   3757, 1 },
    { "\xe3\x81\x98\xe3\x81\x93",   3758, 2 },
    { "\xe3\x81\x98\xe3\x81\x93\xe3\x81\x86",   3760, 3 },
    { "\xe3\x81\x98\xe3\x81\x93\xe3\x81\x8f",   3763, 1 },
    { "\xe3\x81\x98\xe3\x81\x93\xe3\x81\x97",   3764, 1 },
    { "\xe3\x81\x98\xe3\x81\x93\xe3\x81\x97\xe3\x82\x85\xe3\x81\x86\xe3\x81\xb5\xe3\x81\x8f",   3765, 1 },
    { "\xe3\x81\x98\xe3\x81\x93\xe3\x81\x97\xe3\x82\x87\xe3\x81\x86\xe3\x81\x8b\xe3\x81\x84",   3766, 1 },
    { "\xe3\x81\x98\xe3\x81\x94",   3767, 1 },
    { "\xe3\x81\x98\xe3\x81\x94\xe3\x81\x86",   3768, 1 },
    { "\xe3\x81\x98\xe3\x81\x94\xe3\x81\x8f",   3769, 1 },
    { "\xe3\x81\x98\xe3\x81\x95",   3770, 1 },
    { "\xe3\x81\x98\xe3\x81\x95\xe3\x81\x8f",   3771, 1 },
    { "\xe3\x81\x98\xe3\x81\x95\xe3\x81\xa4",   3772, 1 },
    { "\xe3\x81\x98\xe3\x81\x95\xe3\x82\x93",   3773, 1 },
    { "\xe3\x81\x98\xe3\x81\x97\xe3\x81\x8d",   3774, 1 },
    { "\xe3\x81\x98\xe3\x81\x97\xe3\x81\xa4",   3775, 1 },
    { "\xe3\x81\x98\xe3\x81\x97\xe3\x82\x83",   3776, 1 },
    { "\xe3\x81\x98\xe3\x81\x97\xe3\x82\x83\xe3\x81\x8f",   3777, 1 },
    { "\xe3\x81\x98\xe3\x81\x97\xe3\x82\x85\xe3\x81\x8f",   3778, 1 },
    { "\xe3\x81\x98\xe3\x81\x97\xe3\x82\x87",   3779, 1 },
    { "\xe3\x81\x98\xe3\x81\x97\xe3\x82\x87\xe3\x81\x86",   3780, 2 },
    { "\xe3\x81\x98\xe3\x81\x97\xe3\x82\x87\xe3\x81\xa8\xe3\x81\x86\xe3\x82\x8d\xe3\x81\x8f",   3782, 1 },
    { "\xe3\x81\x98\xe3\x81\x97\xe3\x82\x93",   3783, 3 },
    { "\xe3\x81\x98\xe3\x81\x98\xe3\x81\x93\xe3\x81\x8f\xe3\x81\x93\xe3\x81\x8f",   3786, 1 },
    { "\xe3\x81\x98\xe3\x81\x98\xe3\x81\xa4",   3787, 1 },
    { "\xe3\x81\x98\xe3\x81\x98\xe3\x81\xa4\xe3\x81\x98\xe3\x82\x87\xe3\x81\x86",   3788, 1 },
    { "\xe3\x81\x98\xe3\x81\x98\xe3\x82\x87\xe3\x81\x86",   3789, 1 },
    { "\xe3\x81\x98\xe3\x81\x9b\xe3\x81\x84",   3790, 3 },
    { "\xe3\x81\x98\xe3\x81\x9b\xe3\x81\xa4",   3793, 2 },
    { "\xe3\x81\x98\xe3\x81\x9c\xe3\x82\x93",   3795, 1 },
    { "\xe3\x81\x98\xe3\x81\x9d\xe3\x81\x86",   3796, 1 },
    { "\xe3\x81\x98\xe3\x81\x9d\xe3\x81\x8f",   3797, 1 },
    { "\xe3\x81\x98\xe3\x81\x9f\xe3\x81\x84",   3798, 4 },
    { "\xe3\x81\x98\xe3\x81\x9f\xe3\x81\x8f",   3802, 1 },
    { "\xe3\x81\x98\xe3\x81\xa0",   3803, 1 },
    { "\xe3\x81\x98\xe3\x81\xa0\xe3\x81\x84",   3804, 1 },
    { "\xe3\x81\x98\xe3\x81\xa1\xe3\x82\x87\xe3\x81\x86",   3805, 1 },
    { "\xe3\x81\x98\xe3\x81\xa3",   3806, 1 },
    { "\xe3\x81\x98\xe3\x81\xa3\xe3\x81\x8b",   3807, 1 },
    { "\xe3\x81\x98\xe3\x81\xa3\xe3\x81\x8b\xe3\x82\x93",   3808, 1 },
    { "\xe3\x81\x98\xe3\x81\xa3\xe3\x81\x91\xe3\x82\x93",   3809, 2 },
    { "\xe3\x81\x98\xe3\x81\xa3\xe3\x81\x91\xe3\x82\x93\xe3\x81\x97\xe3\x81\xa4",   3811, 1 },
    { "\xe3\x81\x98\xe3\x81\xa3\xe3\x81\x93\xe3\x81\x86",   3812, 2 },
    { "\xe3\x81\x98\xe3\x81\xa3\xe3\x81\x93\xe3\x81\x86\xe3\x81\xa1\xe3\x82\x85\xe3\x81\x86",   3814, 1 },
    { "\xe3\x81\x98\xe3\x81\xa3\xe3\x81\x95\xe3\x81\x84",   3815, 1 },
    { "\xe3\x81\x98\xe3\x81\xa3\xe3\x81\x95\xe3\x81\x84\xe3\x81\xa6\xe3\x81\x8d",   3816, 1 },
    { "\xe3\x81\x98\xe3\x81\xa3\xe3\x81\x97",   3817, 1 },
    { "\xe3\x81\x98\xe3\x81\xa3\xe3\x81\x97\xe3\x82\x85\xe3\x81\x86",   3818, 1 },
    { "\xe3\x81\x98\xe3\x81\xa3\xe3\x81\x97\xe3\x82\x93",   3819, 1 },
    { "\xe3\x81\x98\xe3\x81\xa3\xe3\x81\x99\xe3\x81\x86",   3820, 1 },
    { "\xe3\x81\x98\xe3\x81\xa3\xe3\x81\x9b\xe3\x81\x84\xe3\x81\x8b\xe3\x81\xa4",   3821, 1 },
    { "\xe3\x81\x98\xe3\x81\xa3\xe3\x81\x9b\xe3\x81\x8b\xe3\x81\x84",   3822, 1 },
    { "\xe3\x81\x98\xe3\x81\xa3\xe3\x81\x9b\xe3\x81\x8d",   3823, 1 },
    { "\xe3\x81\x98\xe3\x81\xa3\xe3\x81\x9b\xe3\x82\x93",   3824, 1 },
    { "\xe3\x81\x98\xe3\x81\xa3\xe3\x81\x9d\xe3\x81\x86",   3825, 1 },
    { "\xe3\x81\x98\xe3\x81\xa3\xe3\x81\x9d\xe3\x81\x8f",   3826, 1 },
    { "\xe3\x81\x98\xe3\x81\xa3\xe3\x81\x9f\xe3\x81\x84",   3827, 1 },
    { "\xe3\x81\x98\xe3\x81\xa3\xe3\x81\xb4",   3828, 1 },
    { "\xe3\x81\x98\xe3\x81\xa4",   3829, 2 },
    { "\xe3\x81\x98\xe3\x81\xa4\xe3\x81\x8e",   3831, 1 },
    { "\xe3\x81\x98\xe3\x81\xa4\xe3\x81\x92\xe3\x82\x93",   3832, 1 },
    { "\xe3\x81\x98\xe3\x81\xa4\xe3\x81\x92\xe3\x82\x93\xe3\x81\x8b",   3833, 1 },
    { "\xe3\x81\x98\xe3\x81\xa4\xe3\x81\x96\xe3\x81\x84",   3834, 1 },
    { "\xe3\x81\x98\xe3\x81\xa4\xe3\x81\x96\xe3\x81\x84\xe3\x82\x8d\xe3\x82\x93",   3835, 1 },
    { "\xe3\x81\x98\xe3\x81\xa4\xe3\x81\x98\xe3\x82\x87\xe3\x81\x86",   3836, 1 },
    { "\xe3\x81\x98\xe3\x81\xa4\xe3\x81\xb6\xe3\x81\xa4",   3837, 1 },
    { "\xe3\x81\x98\xe3\x81\xa4\xe3\x82\x88\xe3\x81\x86",   3838, 1 },
    { "\xe3\x81\x98\xe3\x81\xa4\xe3\x82\x88\xe3\x81\x86\xe3\x81\x8b",   3839, 1 },
    { "\xe3\x81\x98\xe3\x81\xa4\xe3\x82\x88\xe3\x81\x86\xe3\x81\x9b\xe3\x81\x84",   3840, 1 },
    { "\xe3\x81\x98\xe3\x81\xa4\xe3\x82\x88\xe3\x81\x86\xe3\x81\xa6\xe3\x81\x8d",   3841, 1 },
    { "\xe3\x81\x98\xe3\x81\xa4\xe3\x82\x8c\xe3\x81\x84",   3842, 1 },
    { "\xe3\x81\x98\xe3\x81\xa6\xe3\x82\x93",   3843, 2 },
    { "\xe3\x81\x98\xe3\x81\xa6\xe3\x82\x93\xe3\x81\x97\xe3\x82\x83",   3845, 1 },
    { "\xe3\x81\x98\xe3\x81\xa9\xe3\x81\x86",   3846, 1 },
    { "\xe3\x81\x98\xe3\x81\xa9\xe3\x81\x86\xe3\x81\x8b",   3847, 1 },
    { "\xe3\x81\x98\xe3\x81\xa9\xe3\x81\x86\xe3\x81\x97\xe3\x82\x83",   3848, 1 },
    { "\xe3\x81\x98\xe3\x81\xa9\xe3\x81\x86\xe3\x81\xa6\xe3\x81\x8d",   3849, 1 },
    { "\xe3\x81\x98\xe3\x81\xa9\xe3\x81\x86\xe3\x81\xaf\xe3\x82\x93\xe3\x81\xb0\xe3\x81\x84\xe3\x81\x8d",   3850, 1 },
    { "\xe3\x81\x98\xe3\x81\xaf\xe3\x81\x8f",   3851, 1 },
    { "\xe3\x81\x98\xe3\x81\xaf\xe3\x81\xa4",   3852, 1 },
    { "\xe3\x81\x98\xe3\x81\xb0\xe3\x81\x8f",   3853, 1 },
    { "\xe3\x81\x98\xe3\x81\xb2",   3854, 1 },
    { "\xe3\x81\x98\xe3\x81\xb5",   3855, 1 },
    { "\xe3\x81\x98\xe3\x81\xb6\xe3\x82\x93",   3856, 1 },
    { "\xe3\x81\x98\xe3\x81\xb6\xe3\x82\x93\xe3\x81\x8b\xe3\x81\xa4",   3857, 1 },
    { "\xe3\x81\x98\xe3\x81\xb6\xe3\x82\x93\xe3\x81\x98\xe3\x81\x97\xe3\x82\x93",   3858, 1 },
    { "\xe3\x81\x98\xe3\x81\xb6\xe3\x82\x93\xe3\x82\x88\xe3\x81\x86",   3859, 1 },
    { "\xe3\x81\x98\xe3\x81\xbe",   3860, 1 },
    { "\xe3\x81\x98\xe3\x81\xbe\xe3\x81\x88",   3861, 1 },
    { "\xe3\x81\x98\xe3\x81\xbf",   3862, 1 },
    { "\xe3\x81\x98\xe3\x82\x80",   3863, 1 },
    { "\xe3\x81\x98\xe3\x82\x80\xe3\x81\x8d\xe3\x82\x87\xe3\x81\x8f",   3864, 1 },
    { "\xe3\x81\x98\xe3\x82\x80\xe3\x81\x97\xe3\x81\xa4",   3865, 1 },
    { "\xe3\x81\x98\xe3\x82\x80\xe3\x81\x97\xe3\x82\x87",   3866, 1 },
    { "\xe3\x81\x98\xe3\x82\x80\xe3\x81\x97\xe3\x82\x87\xe3\x82\x8b\xe3\x81\x84",   3867, 1 },
    { "\xe3\x81\x98\xe3\x82\x80\xe3\x81\xa6\xe3\x81\x8d",   3868, 1 },
    { "\xe3\x81\x98\xe3\x82\x81\xe3\x81\x84",   3869, 1 },
    { "\xe3\x81\x98\xe3\x82\x81\xe3\x82\x93",   3870, 1 },
    { "\xe3\x81\x98\xe3\x82\x82\xe3\x81\xa8",   3871, 1 },
    { "\xe3\x81\x98\xe3\x82\x83",   3872, 2 },
    { "\xe3\x81\x98\xe3\x82\x83\xe3\x81\x8f",   3874, 5 },
    { "\xe3\x81\x98\xe3\x82\x83\xe3\x81\x91\xe3\x82\x93",   3879, 1 },
    { "\xe3\x81\x98\xe3\x82\x83\xe3\x81\xa3\xe3\x81\x8b\xe3\x82\x93",   3880, 1 },
    { "\xe3\x81\x98\xe3\x82\x83\xe3\x81\xa9\xe3\x81\x86",   3881, 1 },
    { "\xe3\x81\x98\xe3\x82\x83\xe3\x81\xbe",   3882, 1 },
    { "\xe3\x81\x98\xe3\x82\x85",   3883, 8 },
    { "\xe3\x81\x98\xe3\x82\x85\xe3\x81\x86",   3891, 8 },
    { "\xe3\x81\x98\xe3\x82\x85\xe3\x81\x86\xe3\x81\x93\xe3\x81\x86",   3899, 1 },
    { "\xe3\x81\x98\xe3\x82\x85\xe3\x81\x86\xe3\x81\x97",   3900, 1 },
    { "\xe3\x81\x98\xe3\x82\x85\xe3\x81\x86\xe3\x81\x97\xe3\x82\x87",   3901, 1 },
    { "\xe3\x81\x98\xe3\x82\x85\xe3\x81\x86\xe3\x81\x97\xe3\x82\x93",   3902, 1 },
    { "\xe3\x81\x98\xe3\x82\x85\xe3\x81\x86\xe3\x81\x98",   3903, 1 },
    { "\xe3\x81\x98\xe3\x82\x85\xe3\x81\x86\xe3\x81\x98\xe3\x81\xa4",   3904, 1 },
    { "\xe3\x81\x98\xe3\x82\x85\xe3\x81\x86\xe3\x81\x9b\xe3\x81\x84",   3905, 1 },
    { "\xe3\x81\x98\xe3\x82\x85\xe3\x81\x86\xe3\x81\x9f\xe3\x81\x84",   3906, 1 },
    { "\xe3\x81\x98\xe3\x82\x85\xe3\x81\x86\xe3\x81\x9f\xe3\x81\x8f",   3907, 1 },
    { "\xe3\x81\x98\xe3\x82\x85\xe3\x81\x86\xe3\x81\x9f\xe3\x81\x8f\xe3\x81\x8c\xe3\x81\x84",   3908, 1 },
    { "\xe3\x81\x98\xe3\x82\x85\xe3\x81\x86\xe3\x81\xa0\xe3\x81\x84",   3909, 1 },
    { "\xe3\x81\x98\xe3\x82\x85\xe3\x81\x86\xe3\x81\xa6\xe3\x82\x93",   3910, 1 },
    { "\xe3\x81\x98\xe3\x82\x85\xe3\x81\x86\xe3\x81\xa9\xe3\x81\x86",   3911, 1 },
    { "\xe3\x81\x98\xe3\x82\x85\xe3\x81\x86\xe3\x81\xaa\xe3\x82\x93",   3912, 1 },
    { "\xe3\x81\x98\xe3\x82\x85\xe3\x81\x86\xe3\x81\xaa\xe3\x82\x93\xe3\x81\x9b\xe3\x81\x84",   3913, 1 },
    { "\xe3\x81\x98\xe3\x82\x85\xe3\x81\x86\xe3\x81\xb5\xe3\x81\x8f",   3914, 1 },
    { "\xe3\x81\x98\xe3\x82\x85\xe3\x81\x86\xe3\x81\xb6\xe3\x82\x93",   3915, 2 },
    { "\xe3\x81\x98\xe3\x82\x85\xe3\x81\x86\xe3\x82\x81\xe3\x82\x93",   3917, 1 },
    { "\xe3\x81\x98\xe3\x82\x85\xe3\x81\x86\xe3\x82\x88\xe3\x81\x86",   3918, 1 },
    { "\xe3\x81\x98\xe3\x82\x85\xe3\x81\x86\xe3\x82\x89\xe3\x81\x84",   3919, 1 },
    { "\xe3\x81\x98\xe3\x82\x85\xe3\x81\x86\xe3\x82\x8a\xe3\x82\x87\xe3\x81\x8f",   3920, 1 },
    { "\xe3\x81\x98\xe3\x82\x85\xe3\x81\x8e\xe3\x82\x87\xe3\x81\x86",   3921, 1 },
    { "\xe3\x81\x98\xe3\x82\x85\xe3\x81\x8f",   3922, 2 },
    { "\xe3\x81\x98\xe3\x82\x85\xe3\x81\x8f\xe3\x81\x94",   3924, 1 },
    { "\xe3\x81\x98\xe3\x82\x85\xe3\x81\x8f\xe3\x82\x8c\xe3\x82\x93",   3925, 1 },
    { "\xe3\x81\x98\xe3\x82\x85\xe3\x81\x91\xe3\x82\x93",   3926, 1 },
    { "\xe3\x81\x98\xe3\x82\x85\xe3\x81\x91\xe3\x82\x93\xe3\x81\x97\xe3\x82\x83",   3927, 1 },
    { "\xe3\x81\x98\xe3\x82\x85\xe3\x81\x93\xe3\x81\x86",   3928, 1 },
    { "\xe3\x81\x98\xe3\x82\x85\xe3\x81\x93\xe3\x81\x86\xe3\x81\x9b\xe3\x81\x84",   3929, 1 },
    { "\xe3\x81\x98\xe3\x82\x85\xe3\x81\x97\xe3\x82\x87\xe3\x81\x86",   3930, 1 },
    { "\xe3\x81\x98\xe3\x82\x85\xe3\x81\x97\xe3\x82\x87\xe3\x81\x86\xe3\x81\x97\xe3\x81\x8d",   3931, 1 },
    { "\xe3\x81\x98\xe3\x82\x85\xe3\x81\x97\xe3\x82\x93",   3932, 2 },
    { "\xe3\x81\x98\xe3\x82\x85\xe3\x81\x97\xe3\x82\x93\xe3\x81\x97\xe3\x82\x83",   3934, 1 },
    { "\xe3\x81\x98\xe3\x82\x85\xe3\x81\x98\xe3\x82\x85",   3935, 1 },
    { "\xe3\x81\x98\xe3\x82\x85\xe3\x81\x9f\xe3\x81\x8f",   3936, 1 },
    { "\xe3\x81\x98\xe3\x82\x85\xe3\x81\xa1\xe3\x82\x85\xe3\x81\x86",   3937, 1 },
    { "\xe3\x81\x98\xe3\x82\x85\xe3\x81\xa4",   3938, 2 },
    { "\xe3\x81\x98\xe3\x82\x85\xe3\x81\xa4\xe3\x81\x94",   3940, 1 },
    { "\xe3\x81\x98\xe3\x82\x85\xe3\x82\x82\xe3\x82\x93",   3941, 1 },
    { "\xe3\x81\x98\xe3\x82\x85\xe3\x82\x88",   3942, 1 },
    { "\xe3\x81\x98\xe3\x82\x85\xe3\x82\x88\xe3\x81\x86",   3943, 1 },
    { "\xe3\x81\x98\xe3\x82\x85\xe3\x82\x8a",   3944, 1 },
    { "\xe3\x81\x98\xe3\x82\x85\xe3\x82\x93",   3945, 8 },
    { "\xe3\x81\x98\xe3\x82\x85\xe3\x82\x93\xe3\x81\x84",   3953, 1 },
    { "\xe3\x81\x98\xe3\x82\x85\xe3\x82\x93\xe3\x81\x84\xe3\x81\xa1",   3954, 1 },
    { "\xe3\x81\x98\xe3\x82\x85\xe3\x82\x93\xe3\x81\x8b\xe3\x81\x84",   3955, 1 },
    { "\xe3\x81\x98\xe3\x82\x85\xe3\x82\x93\xe3\x81\x8b\xe3\x82\x93",   3956, 1 },
    { "\xe3\x81\x98\xe3\x82\x85\xe3\x82\x93\xe3\x81\x8d\xe3\x82\x87",   3957, 1 },
    { "\xe3\x81\x98\xe3\x82\x85\xe3\x82\x93\xe3\x81\x8e\xe3\x82\x87\xe3\x81\x86",   3958, 1 },
    { "\xe3\x81\x98\xe3\x82\x85\xe3\x82\x93\xe3\x81\x93",   3959, 1 },
    { "\xe3\x81\x98\xe3\x82\x85\xe3\x82\x93\xe3\x81\x98",   3960, 1 },
    { "\xe3\x81\x98\xe3\x82\x85\xe3\x82\x93\xe3\x81\x98\xe3\x82\x87",   3961, 1 },
    { "\xe3\x81\x98\xe3\x82\x85\xe3\x82\x93\xe3\x81\x98\xe3\x82\x87\xe3\x81\xa4\xe3\x81\x84",   3962, 1 },
    { "\xe3\x81\x98\xe3\x82\x85\xe3\x82\x93\xe3\x81\x99\xe3\x81\x84",   3963, 1 },
    { "\xe3\x81\x98\xe3\x82\x85\xe3\x82\x93\xe3\x81\x9b\xe3\x81\x84",   3964, 1 },
    { "\xe3\x81\x98\xe3\x82\x85\xe3\x82\x93\xe3\x81\x9b\xe3\x82\x93\xe3\x82\x82\xe3\x82\x93",   3965, 1 },
    { "\xe3\x81\x98\xe3\x82\x85\xe3\x82\x93\xe3\x81\xa1\xe3\x82\x87\xe3\x81\x86",   3966, 1 },
    { "\xe3\x81\x98\xe3\x82\x85\xe3\x82\x93\xe3\x81\xa9\xe3\x81\x86\xe3\x81\x91\xe3\x81\x84",   3967, 1 },
    { "\xe3\x81\x98\xe3\x82\x85\xe3\x82\x93\xe3\x81\xb0\xe3\x82\x93",   3968, 1 },
    { "\xe3\x81\x98\xe3\x82\x85\xe3\x82\x93\xe3\x81\xb3",   3969, 1 },
    { "\xe3\x81\x98\xe3\x82\x86\xe3\x81\x86",   3970, 1 },
    { "\xe3\x81\x98\xe3\x82\x86\xe3\x81\x86\xe3\x81\xa9",   3971, 1 },
    { "\xe3\x81\x98\xe3\x82\x86\xe3\x81\x86\xe3\x81\xb8\xe3\x82\x93\xe3\x81\x99\xe3\x81\x86",   3972, 1 },
    { "\xe3\x81\x98\xe3\x82\x87",   3973, 8 },
    { "\xe3\x81\x98\xe3\x82\x87\xe3\x81\x86",   3981, 8 },
    { "\xe3\x81\x98\xe3\x82\x87\xe3\x81\x86\xe3\x81\x84",   3989, 1 },
    { "\xe3\x81\x98\xe3\x82\x87\xe3\x81\x86\xe3\x81\x88\xe3\x81\x84",   3990, 1 },
    { "\xe3\x81\x98\xe3\x82\x87\xe3\x81\x86\xe3\x81\x88\xe3\x81\xa4",   3991, 1 },
    { "\xe3\x81\x98\xe3\x82\x87\xe3\x81\x86\xe3\x81\x8d",   3992, 1 },
    { "\xe3\x81\x98\xe3\x82\x87\xe3\x81\x86\xe3\x81\x8d\xe3\x82\x87\xe3\x81\x86",   3993, 1 },
    { "\xe3\x81\x98\xe3\x82\x87\xe3\x81\x86\xe3\x81\x91\xe3\x82\x93",   3994, 1 },
    { "\xe3\x81\x98\xe3\x82\x87\xe3\x81\x86\xe3\x81\x91\xe3\x82\x93\xe3\x81\x97\xe3\x81\x8d",   3995, 1 },
    { "\xe3\x81\x98\xe3\x82\x87\xe3\x81\x86\xe3\x81\x91\xe3\x82\x93\xe3\x81\xb6",   3996, 1 },
    { "\xe3\x81\x98\xe3\x82\x87\xe3\x81\x86\xe3\x81\x92",   3997, 1 },
    { "\xe3\x81\x98\xe3\x82\x87\xe3\x81\x86\xe3\x81\x92\xe3\x82\x93",   3998, 1 },
    { "\xe3\x81\x98\xe3\x82\x87\xe3\x81\x86\xe3\x81\x96\xe3\x82\x93",   3999, 1 },
    { "\xe3\x81\x98\xe3\x82\x87\xe3\x81\x86\xe3\x81\x97",   4000, 1 },
    { "\xe3\x81\x98\xe3\x82\x87\xe3\x81\x86\xe3\x81\x97\xe3\x81\x8d",   4001, 1 },
    { "\xe3\x81\x98\xe3\x82\x87\xe3\x81\x86\xe3\x81\x97\xe3\x82\x83",   4002, 1 },
    { "\xe3\x81\x98\xe3\x82\x87\xe3\x81\x86\xe3\x81\x97\xe3\x82\x83\xe3\x81\x91\xe3\x82\x93",   4003, 1 },
    { "\xe3\x81\x98\xe3\x82\x87\xe3\x81\x86\xe3\x81\x98",   4004, 1 },
    { "\xe3\x81\x98\xe3\x82\x87\xe3\x81\x86\xe3\x81\x98\xe3\x82\x85\xe3\x81\xa4",   4005, 1 },
    { "\xe3\x81\x98\xe3\x82\x87\xe3\x81\x86\xe3\x81\x98\xe3\x82\x85\xe3\x82\x93",   4006, 1 },
    { "\xe3\x81\x98\xe3\x82\x87\xe3\x81\x86\xe3\x81\x9a",   4007, 1 },
    { "\xe3\x81\x98\xe3\x82\x87\xe3\x81\x86\xe3\x81\x9f\xe3\x81\x84",   4008, 1 },
    { "\xe3\x81\x98\xe3\x82\x87\xe3\x81\x86\xe3\x81\x9f\xe3\x82\x93",   4009, 1 },
    { "\xe3\x81\x98\xe3\x82\x87\xe3\x81\x86\xe3\x81\xa0\xe3\x82\x93",   4010, 1 },
    { "\xe3\x81\x98\xe3\x82\x87\xe3\x81\x86\xe3\x81\xa1",   4011, 1 },
    { "\xe3\x81\x98\xe3\x82\x87\xe3\x81\x86\xe3\x81\xa1\xe3\x82\x87\xe3\x81\x86",   4012, 1 },
    { "\xe3\x81\x98\xe3\x82\x87\xe3\x81\x86\xe3\x81\xaa\xe3\x82\x93",   4013, 1 },
    { "\xe3\x81\x98\xe3\x82\x87\xe3\x81\x86\xe3\x81\xab\xe3\x82\x93",   4014, 1 },
    { "\xe3\x81\x98\xe3\x82\x87\xe3\x81\x86\xe3\x81\xb2\xe3\x82\x93",   4015, 1 },
    { "\xe3\x81\x98\xe3\x82\x87\xe3\x81\x86\xe3\x81\xb6",   4016, 1 },
    { "\xe3\x81\x98\xe3\x82\x87\xe3\x81\x86\xe3\x81\xbb\xe3\x81\x86",   4017, 1 },
    { "\xe3\x81\x98\xe3\x82\x87\xe3\x81\x86\xe3\x81\xbb\xe3\x81\x86\xe3\x81\x8b",   4018, 1 },
    { "\xe3\x81\x98\xe3\x82\x87\xe3\x81\x86\xe3\x81\xbb\xe3\x81\x86\xe3\x81\x8b\xe3\x81\x8c\xe3\x81\x8f",   4019, 1 },
    { "\xe3\x81\x98\xe3\x82\x87\xe3\x81\x86\xe3\x81\xbb\xe3\x81\x86\xe3\x81\x8c\xe3\x81\x8f",   4020, 1 },
    { "\xe3\x81\x98\xe3\x82\x87\xe3\x81\x86\xe3\x81\xbb\xe3\x81\x86\xe3\x81\x8d\xe3\x81\x8d",   4021, 1 },
    { "\xe3\x81\x98\xe3\x82\x87\xe3\x81\x86\xe3\x81\xbb\xe3\x81\x86\xe3\x81\x97\xe3\x82\x87\xe3\x82\x8a",   4022, 1 },
    { "\xe3\x81\x98\xe3\x82\x87\xe3\x81\x86\xe3\x81\xbb\xe3\x81\x86\xe3\x82\x8a\xe3\x82\x8d\xe3\x82\x93",   4023, 1 },
    { "\xe3\x81\x98\xe3\x82\x87\xe3\x81\x86\xe3\x82\x80",   4024, 1 },
    { "\xe3\x81\x98\xe3\x82\x87\xe3\x81\x86\xe3\x82\x88",   4025, 1 },
    { "\xe3\x81\x98\xe3\x82\x87\xe3\x81\x86\xe3\x82\x89\xe3\x82\x93",   4026, 1 },
    { "\xe3\x81\x98\xe3\x82\x87\xe3\x81\x86\xe3\x82\x8a\xe3\x82\x85\xe3\x81\x86",   4027, 1 },
    { "\xe3\x81\x98\xe3\x82\x87\xe3\x81\x86\xe3\x82\x8c\xe3\x82\x93",   4028, 1 },
    { "\xe3\x81\x98\xe3\x82\x87\xe3\x81\x8c\xe3\x81\x84",   4029, 1 },
    { "\xe3\x81\x98\xe3\x82\x87\xe3\x81\x8d\xe3\x82\x87",   4030, 1 },
    { "\xe3\x81\x98\xe3\x82\x87\xe3\x81\x8d\xe3\x82\x87\xe3\x81\x86\xe3\x81\x98\xe3\x82\x85",   4031, 1 },
    { "\xe3\x81\x98\xe3\x82\x87\xe3\x81\x8d\xe3\x82\x87\xe3\x81\x8f",   4032, 1 },
    { "\xe3\x81\x98\xe3\x82\x87\xe3\x81\x8f",   4033, 1 },
    { "\xe3\x81\x98\xe3\x82\x87\xe3\x81\x92\xe3\x82\x93",   4034, 1 },
    { "\xe3\x81\x98\xe3\x82\x87\xe3\x81\x96\xe3\x82\x93",   4035, 1 },
    { "\xe3\x81\x98\xe3\x82\x87\xe3\x81\x97",   4036, 1 },
    { "\xe3\x81\x98\xe3\x82\x87\xe3\x81\x97\xe3\x81\xa4",   4037, 1 },
    { "\xe3\x81\x98\xe3\x82\x87\xe3\x81\x97\xe3\x81\xa4\xe3\x81\x8d",   4038, 1 },
    { "\xe3\x81\x98\xe3\x82\x87\xe3\x81\x97\xe3\x82\x85",   4039, 1 },
    { "\xe3\x81\x98\xe3\x82\x87\xe3\x81\x97\xe3\x82\x85\xe3\x81\x9b\xe3\x81\x8d",   4040, 1 },
    { "\xe3\x81\x98\xe3\x82\x87\xe3\x81\x98\xe3\x82\x87",   4041, 1 },
    { "\xe3\x81\x98\xe3\x82\x87\xe3\x81\x9b\xe3\x81\x84",   4042, 2 },
    { "\xe3\x81\x98\xe3\x82\x87\xe3\x81\xb6\xe3\x82\x93",   4044, 1 },
    { "\xe3\x81\x98\xe3\x82\x87\xe3\x82\x86\xe3\x81\x86",   4045, 1 },
    { "\xe3\x81\x98\xe3\x82\x87\xe3\x82\x8a\xe3\x82\x87\xe3\x81\x8f",   4046, 1 },
    { "\xe3\x81\x98\xe3\x82\x8a\xe3\x81\x8d",   4047, 1 },
    { "\xe3\x81\x98\xe3\x82\x8a\xe3\x82\x85\xe3\x81\x86",   4048, 1 },
    { "\xe3\x81\x98\xe3\x82\x8a\xe3\x82\x87\xe3\x81\x8f",   4049, 1 },
    { "\xe3\x81\x98\xe3\x82\x8c\xe3\x81\x84",   4050, 1 },
    { "\xe3\x81\x98\xe3\x82\x8d\xe3\x81\x86",   4051, 1 },
    { "\xe3\x81\x98\xe3\x82\x93",   4052, 8 },
    { "\xe3\x81\x98\xe3\x82\x93\xe3\x81\x84\xe3\x82\x93",   4060, 1 },
    { "\xe3\x81\x98\xe3\x82\x93\xe3\x81\x8f",   4061, 1 },
    { "\xe3\x81\x98\xe3\x82\x93\xe3\x81\x93\xe3\x81\x86",   4062, 1 },
    { "\xe3\x81\x98\xe3\x82\x93\xe3\x81\x93\xe3\x81\x86\xe3\x81\xa1\xe3\x81\xae\xe3\x81\x86",   4063, 1 },
    { "\xe3\x81\x98\xe3\x82\x93\xe3\x81\x97\xe3\x82\x85",   4064, 1 },
    { "\xe3\x81\x98\xe3\x82\x93\xe3\x81\x98",   4065, 1 },
    { "\xe3\x81\x98\xe3\x82\x93\xe3\x81\x98\xe3\x82\x83",   4066, 1 },
    { "\xe3\x81\x98\xe3\x82\x93\xe3\x81\x9b\xe3\x81\x84",   4067, 1 },
    { "\xe3\x81\x98\xe3\x82\x93\xe3\x81\x9d\xe3\x81\x8f",   4068, 1 },
    { "\xe3\x81\x98\xe3\x82\x93\xe3\x81\x9f\xe3\x81\x84",   4069, 1 },
    { "\xe3\x81\x98\xe3\x82\x93\xe3\x81\xa8\xe3\x81\x8f",   4070, 1 },
    { "\xe3\x81\x98\xe3\x82\x93\xe3\x81\xb6\xe3\x81\xa4",   4071, 1 },
    { "\xe3\x81\x98\xe3\x82\x93\xe3\x82\x8a\xe3\x82\x87\xe3\x81\x8f",   4072, 1 },
    { "\xe3\x81\x99",   4073, 8 },
    { "\xe3\x81\x99\xe3\x81\x84",   4081, 8 },
    { "\xe3\x81\x99\xe3\x81\x84\xe3\x81\x84",   4089, 2 },
    { "\xe3\x81\x99\xe3\x81\x84\xe3\x81\x91\xe3\x81\x84",   4091, 1 },
    { "\xe3\x81\x99\xe3\x81\x84\xe3\x81\x93\xe3\x81\x86",   4092, 2 },
    { "\xe3\x81\x99\xe3\x81\x84\xe3\x81\x97\xe3\x81\xa4",   4094, 1 },
    { "\xe3\x81\x99\xe3\x81\x84\xe3\x81\x97\xe3\x82\x87\xe3\x81\x86",   4095, 1 },
    { "\xe3\x81\x99\xe3\x81\x84\xe3\x81\x97\xe3\x82\x93",   4096, 1 },
    { "\xe3\x81\x99\xe3\x81\x84\xe3\x81\x98\xe3\x82\x85\xe3\x82\x93",   4097, 1 },
    { "\xe3\x81\x99\xe3\x81\x84\xe3\x81\x9a",   4098, 1 },
    { "\xe3\x81\x99\xe3\x81\x84\xe3\x81\x9b\xe3\x82\x93",   4099, 1 },
    { "\xe3\x81\x99\xe3\x81\x84\xe3\x81\x9d\xe3\x81\x8f",   4100, 1 },
    { "\xe3\x81\x99\xe3\x81\x84\xe3\x81\x9f",   4101, 1 },
    { "\xe3\x81\x99\xe3\x81\x84\xe3\x81\xa1\xe3\x82\x87\xe3\x81\x8f",   4102, 1 },
    { "\xe3\x81\x99\xe3\x81\x84\xe3\x81\xa6\xe3\x81\x84",   4103, 1 },
    { "\xe3\x81\x99\xe3\x81\x84\xe3\x81\xa6\xe3\x82\x93\xe3\x81\x90\xe3\x81\x86",   4104, 1 },
    { "\xe3\x81\x99\xe3\x81\x84\xe3\x81\xa8\xe3\x81\x86",   4105, 1 },
    { "\xe3\x81\x99\xe3\x81\x84\xe3\x81\xa9\xe3\x81\x86",   4106, 1 },
    { "\xe3\x81\x99\xe3\x81\x84\xe3\x81\xb8\xe3\x81\x84",   4107, 1 },
    { "\xe3\x81\x99\xe3\x81\x84\xe3\x81\xbe",   4108, 1 },
    { "\xe3\x81\x99\xe3\x81\x84\xe3\x81\xbf\xe3\x82\x93",   4109, 1 },
    { "\xe3\x81\x99\xe3\x81\x84\xe3\x82\x88\xe3\x81\x86",   4110, 1 },
    { "\xe3\x81\x99\xe3\x81\x84\xe3\x82\x88\xe3\x81\x86\xe3\x81\x88\xe3\x81\x8d",   4111, 1 },
    { "\xe3\x81\x99\xe3\x81\x84\xe3\x82\x88\xe3\x81\x86\xe3\x81\xb3",   4112, 1 },
    { "\xe3\x81\x99\xe3\x81\x84\xe3\x82\x8a",   4113, 1 },
    { "\xe3\x81\x99\xe3\x81\x84\xe3\x82\x8a\xe3\x82\x87\xe3\x81\x86",   4114, 1 },
    { "\xe3\x81\x99\xe3\x81\x84\xe3\x82\x8a\xe3\x82\x87\xe3\x81\x8f",   4115, 1 },
    { "\xe3\x81\x99\xe3\x81\x84\xe3\x82\x8d\xe3\x82\x93",   4116, 1 },
    { "\xe3\x81\x99\xe3\x81\x84\xe3\x82\x8d\xe3\x82\x93\xe3\x81\x8d\xe3\x81\x9d\xe3\x81\x8f",   4117, 1 },
    { "\xe3\x81\x99\xe3\x81\x86",   4118, 6 },
    { "\xe3\x81\x99\xe3\x81\x86\xe3\x81\x8c\xe3\x81\x8f",   4124, 1 },
    { "\xe3\x81\x99\xe3\x81\x86\xe3\x81\x8c\xe3\x81\x8f\xe3\x81\x8b",   4125, 1 },
    { "\xe3\x81\x99\xe3\x81\x86\xe3\x81\x8c\xe3\x81\x8f\xe3\x81\xa6\xe3\x81\x8d",   4126, 1 },
    { "\xe3\x81\x99\xe3\x81\x86\xe3\x81\x8c\xe3\x81\xa3\xe3\x81\x8b",   4127, 1 },
    { "\xe3\x81\x99\xe3\x81\x86\xe3\x81\x8e\xe3\x82\x87\xe3\x81\x86",   4128, 1 },
    { "\xe3\x81\x99\xe3\x81\x86\xe3\x81\x93",   4129, 1 },
    { "\xe3\x81\x99\xe3\x81\x86\xe3\x81\x97\xe3\x82\x85\xe3\x81\x86\xe3\x81\x8b\xe3\x82\x93",   4130, 1 },
    { "\xe3\x81\x99\xe3\x81\x86\xe3\x81\x98",   4131, 1 },
    { "\xe3\x81\x99\xe3\x81\x86\xe3\x81\x98\xe3\x81\x8b\xe3\x82\x93",   4132, 1 },
    { "\xe3\x81\x99\xe3\x81\x86\xe3\x81\x98\xe3\x81\xa4",   4133, 1 },
    { "\xe3\x81\x99\xe3\x81\x86\xe3\x81\x98\xe3\x82\x85\xe3\x81\x86",   4134, 1 },
    { "\xe3\x81\x99\xe3\x81\x86\xe3\x81\xa0\xe3\x81\x84",   4135, 1 },
    { "\xe3\x81\x99\xe3\x81\x86\xe3\x81\xa1",   4136, 1 },
    { "\xe3\x81\x99\xe3\x81\x86\xe3\x81\xab\xe3\x82\x93",   4137, 1 },
    { "\xe3\x81\x99\xe3\x81\x86\xe3\x81\xad\xe3\x82\x93",   4138, 1 },
    { "\xe3\x81\x99\xe3\x81\x86\xe3\x81\xb5\xe3\x82\x93",   4139, 1 },
    { "\xe3\x81\x99\xe3\x81\x86\xe3\x81\xb6\xe3\x81\xa4",   4140, 1 },
    { "\xe3\x81\x99\xe3\x81\x86\xe3\x82\x81\xe3\x81\x84",   4141, 1 },
    { "\xe3\x81\x99\xe3\x81\x86\xe3\x82\x8a",   4142, 1 },
    { "\xe3\x81\x99\xe3\x81\x86\xe3\x82\x8a\xe3\x81\x8b\xe3\x81\x84\xe3\x81\x9b\xe3\x81\x8d",   4143, 1 },
    { "\xe3\x81\x99\xe3\x81\x88",   4144, 1 },
    { "\xe3\x81\x99\xe3\x81\x88\xe3\x81\xb2\xe3\x82\x8d",   4145, 1 },
    { "\xe3\x81\x99\xe3\x81\x8c",   4146, 2 },
    { "\xe3\x81\x99\xe3\x81\x8c\xe3\x81\x9f",   4148, 1 },
    { "\xe3\x81\x99\xe3\x81\x8c\xe3\x81\xae",   4149, 1 },
    { "\xe3\x81\x99\xe3\x81\x8d",   4150, 2 },
    { "\xe3\x81\x99\xe3\x81\x8d\xe3\x81\xbe",   4152, 1 },
    { "\xe3\x81\x99\xe3\x81\x8e",   4153, 2 },
    { "\xe3\x81\x99\xe3\x81\x8e\xe3\x81\xaa\xe3\x81\xbf",   4155, 1 },
    { "\xe3\x81\x99\xe3\x81\x8e\xe3\x81\xaa\xe3\x81\xbf\xe3\x81\x8f",   4156, 1 },
    { "\xe3\x81\x99\xe3\x81\x8e\xe3\x82\x82\xe3\x81\xa8",   4157, 1 },
    { "\xe3\x81\x99\xe3\x81\x8e\xe3\x82\x84\xe3\x81\xbe",   4158, 1 },
    { "\xe3\x81\x99\xe3\x81\x91",   4159, 2 },
    { "\xe3\x81\x99\xe3\x81\x91\xe3\x81\xa3\xe3\x81\xa8",   4161, 2 },
    { "\xe3\x81\x99\xe3\x81\x92",   4163, 1 },
    { "\xe3\x81\x99\xe3\x81\x93\xe3\x81\xb6\xe3\x82\x8b",   4164, 1 },
    { "\xe3\x81\x99\xe3\x81\x98",   4165, 1 },
    { "\xe3\x81\x99\xe3\x81\x99\xe3\x82\x80",   4166, 2 },
    { "\xe3\x81\x99\xe3\x81\x9a",   4168, 1 },
    { "\xe3\x81\x99\xe3\x81\x9a\xe3\x81\x8b",   4169, 1 },
    { "\xe3\x81\x99\xe3\x81\x9a\xe3\x81\x8d",   4170, 1 },
    { "\xe3\x81\x99\xe3\x81\x9a\xe3\x82\x81",   4171, 1 },
    { "\xe3\x81\x99\xe3\x81\x9d",   4172, 1 },
    { "\xe3\x81\x99\xe3\x81\xa0",   4173, 1 },
    { "\xe3\x81\x99\xe3\x81\xa6\xe3\x81\x8d",   4174, 1 },
    { "\xe3\x81\x99\xe3\x81\xa7",   4175, 2 },
    { "\xe3\x81\x99\xe3\x81\xaa",   4177, 1 },
    { "\xe3\x81\x99\xe3\x81\xaa\xe3\x81\x8a",   4178, 1 },
    { "\xe3\x81\x99\xe3\x81\xb9\xe3\x81\xa6",   4179, 1 },
    { "\xe3\x81\x99\xe3\x81\xbf",   4180, 5 },
    { "\xe3\x81\x99\xe3\x81\xbf\xe3\x81\xa8\xe3\x82\x82",   4185, 1 },
    { "\xe3\x81\x99\xe3\x82\x8a",   4186, 1 },
    { "\xe3\x81\x99\xe3\x82\x8b\xe3\x81\x8c",   4187, 1 },
    { "\xe3\x81\x99\xe3\x82\x8b\xe3\x81\x8c\xe3\x81\xa0\xe3\x81\x84",   4188, 1 },
    { "\xe3\x81\x99\xe3\x82\x8f",   4189, 1 },
    { "\xe3\x81\x99\xe3\x82\x93",   4190, 1 },
    { "\xe3\x81\x99\xe3\x82\x93\xe3\x81\x9c\xe3\x82\x93",   4191, 1 },
    { "\xe3\x81\x99\xe3\x82\x93\xe3\x81\xa0\xe3\x81\x84",   4192, 1 },
    { "\xe3\x81\x99\xe3\x82\x93\xe3\x81\xb4\xe3\x82\x87\xe3\x81\x86",   4193, 1 },
    { "\xe3\x81\x99\xe3\x82\x93\xe3\x81\xbd\xe3\x81\x86",   4194, 1 },
    { "\xe3\x81\x9a",   4195, 6 },
    { "\xe3\x81\x9a\xe3\x81\x84",   4201, 3 },
    { "\xe3\x81\x9a\xe3\x81\x84\xe3\x81\x98",   4204, 1 },
    { "\xe3\x81\x9a\xe3\x81\x84\xe3\x81\xb6\xe3\x82\x93",   4205, 1 },
    { "\xe3\x81\x9a\xe3\x81\x91\xe3\x81\x84",   4206, 1 },
    { "\xe3\x81\x9a\xe3\x81\x91\xe3\x81\x84\xe3\x82\x82\xe3\x81\x98",   4207, 1 },
    { "\xe3\x81\x9a\xe3\x81\x97",   4208, 2 },
    { "\xe3\x81\x9a\xe3\x81\x97\xe3\x81\x8d",   4210, 1 },
    { "\xe3\x81\x9a\xe3\x81\xbf",   4211, 1 },
    { "\xe3\x81\x9a\xe3\x82\x81",   4212, 1 },
    { "\xe3\x81\x9a\xe3\x82\x81\xe3\x82\x93",   4213, 1 },
    { "\xe3\x81\x9b",   4214, 5 },
    { "\xe3\x81\x9b\xe3\x81\x84",   4219, 8 },
    { "\xe3\x81\x9b\xe3\x81\x84\xe3\x81\x8b",   4227, 1 },
    { "\xe3\x81\x9b\xe3\x81\x84\xe3\x81\x8b\xe3\x81\x84",   4228, 2 },
    { "\xe3\x81\x9b\xe3\x81\x84\xe3\x81\x8b\xe3\x81\x8f",   4230, 2 },
    { "\xe3\x81\x9b\xe3\x81\x84\xe3\x81\x8b\xe3\x81\xa4",   4232, 1 },
    { "\xe3\x81\x9b\xe3\x81\x84\xe3\x81\x8b\xe3\x81\xa4\xe3\x81\x9f\xe3\x81\x84\xe3\x81\xa9",   4233, 1 },
    { "\xe3\x81\x9b\xe3\x81\x84\xe3\x81\x8b\xe3\x82\x93",   4234, 1 },
    { "\xe3\x81\x9b\xe3\x81\x84\xe3\x81\x8c\xe3\x82\x93",   4235, 1 },
    { "\xe3\x81\x9b\xe3\x81\x84\xe3\x81\x8d",   4236, 4 },
    { "\xe3\x81\x9b\xe3\x81\x84\xe3\x81\x8d\xe3\x81\x91\xe3\x81\x84",   4240, 1 },
    { "\xe3\x81\x9b\xe3\x81\x84\xe3\x81\x8d\xe3\x81\x93\xe3\x81\x86",   4241, 1 },
    { "\xe3\x81\x9b\xe3\x81\x84\xe3\x81\x8d\xe3\x82\x85\xe3\x81\x86",   4242, 1 },
    { "\xe3\x81\x9b\xe3\x81\x84\xe3\x81\x8d\xe3\x82\x85\xe3\x81\x86\xe3\x81\x97\xe3\x82\x87",   4243, 1 },
    { "\xe3\x81\x9b\xe3\x81\x84\xe3\x81\x8d\xe3\x82\x87",   4244, 1 },
    { "\xe3\x81\x9b\xe3\x81\x84\xe3\x81\x8d\xe3\x82\x87\xe3\x81\x86",   4245, 2 },
    { "\xe3\x81\x9b\xe3\x81\x84\xe3\x81\x8e",   4247, 1 },
    { "\xe3\x81\x9b\xe3\x81\x84\xe3\x81\x8e\xe3\x82\x87",   4248, 1 },
    { "\xe3\x81\x9b\xe3\x81\x84\xe3\x81\x8e\xe3\x82\x87\xe3\x81\x93\xe3\x81\x86\xe3\x81\x8c\xe3\x81\x8f",   4249, 1 },
    { "\xe3\x81\x9b\xe3\x81\x84\xe3\x81\x8e\xe3\x82\x87\xe3\x81\x9d\xe3\x81\x86\xe3\x81\xa1",   4250, 1 },
    { "\xe3\x81\x9b\xe3\x81\x84\xe3\x81\x92\xe3\x82\x93",   4251, 1 },
    { "\xe3\x81\x9b\xe3\x81\x84\xe3\x81\x93",   4252, 1 },
    { "\xe3\x81\x9b\xe3\x81\x84\xe3\x81\x93\xe3\x81\x86",   4253, 1 },
    { "\xe3\x81\x9b\xe3\x81\x84\xe3\x81\x94",   4254, 1 },
    { "\xe3\x81\x9b\xe3\x81\x84\xe3\x81\x94\xe3\x81\x86",   4255, 1 },
    { "\xe3\x81\x9b\xe3\x81\x84\xe3\x81\x94\xe3\x81\x86\xe3\x81\x9b\xe3\x81\x84",   4256, 1 },
    { "\xe3\x81\x9b\xe3\x81\x84\xe3\x81\x95\xe3\x81\x8f",   4257, 1 },
    { "\xe3\x81\x9b\xe3\x81\x84\xe3\x81\x95\xe3\x81\x8f\xe3\x81\x97\xe3\x82\x83",   4258, 1 },
    { "\xe3\x81\x9b\xe3\x81\x84\xe3\x81\x95\xe3\x81\x8f\xe3\x81\x97\xe3\x82\x87",   4259, 1 },
    { "\xe3\x81\x9b\xe3\x81\x84\xe3\x81\x95\xe3\x82\x93",   4260, 1 },
    { "\xe3\x81\x9b\xe3\x81\x84\xe3\x81\x97",   4261, 1 },
    { "\xe3\x81\x9b\xe3\x81\x84\xe3\x81\x97\xe3\x81\x8d",   4262, 1 },
    { "\xe3\x81\x9b\xe3\x81\x84\xe3\x81\x97\xe3\x81\xa4",   4263, 1 },
    { "\xe3\x81\x9b\xe3\x81\x84\xe3\x81\x97\xe3\x82\x85\xe3\x82\x93",   4264, 1 },
    { "\xe3\x81\x9b\xe3\x81\x84\xe3\x81\x97\xe3\x82\x87",   4265, 1 },
    { "\xe3\x81\x9b\xe3\x81\x84\xe3\x81\x97\xe3\x82\x93",   4266, 1 },
    { "\xe3\x81\x9b\xe3\x81\x84\xe3\x81\x98",   4267, 1 },
    { "\xe3\x81\x9b\xe3\x81\x84\xe3\x81\x98\xe3\x81\x8b",   4268, 1 },
    { "\xe3\x81\x9b\xe3\x81\x84\xe3\x81\x98\xe3\x81\xa4",   4269, 1 },
    { "\xe3\x81\x9b\xe3\x81\x84\xe3\x81\x98\xe3\x82\x87\xe3\x81\x86",   4270, 2 },
    { "\xe3\x81\x9b\xe3\x81\x84\xe3\x81\x98\xe3\x82\x93",   4272, 1 },
    { "\xe3\x81\x9b\xe3\x81\x84\xe3\x81\x99\xe3\x81\x86",   4273, 1 },
    { "\xe3\x81\x9b\xe3\x81\x84\xe3\x81\x9b\xe3\x81\x84",   4274, 1 },
    { "\xe3\x81\x9b\xe3\x81\x84\xe3\x81\x9b\xe3\x81\x84\xe3\x81\x8d\xe3\x81\x9d\xe3\x81\x8f",   4275, 1 },
    { "\xe3\x81\x9b\xe3\x81\x84\xe3\x81\x9b\xe3\x81\x84\xe3\x81\xb6\xe3\x82\x93\xe3\x81\xbd\xe3\x81\x86",   4276, 1 },
    { "\xe3\x81\x9b\xe3\x81\x84\xe3\x81\x9b\xe3\x81\x84\xe3\x81\xbb\xe3\x81\x86\xe3\x81\xbb\xe3\x81\x86",   4277, 1 },
    { "\xe3\x81\x9b\xe3\x81\x84\xe3\x81\x9b\xe3\x81\x8d",   4278, 1 },
    { "\xe3\x81\x9b\xe3\x81\x84\xe3\x81\x9d",   4279, 1 },
    { "\xe3\x81\x9b\xe3\x81\x84\xe3\x81\x9e\xe3\x81\x86",   4280, 1 },
    { "\xe3\x81\x9b\xe3\x81\x84\xe3\x81\x9f\xe3\x81\x84",   4281, 1 },
    { "\xe3\x81\x9b\xe3\x81\x84\xe3\x81\xa1\xe3\x82\x87\xe3\x81\x86",   4282, 1 },
    { "\xe3\x81\x9b\xe3\x81\x84\xe3\x81\xa6\xe3\x81\x8d",   4283, 1 },
    { "\xe3\x81\x9b\xe3\x81\x84\xe3\x81\xa6\xe3\x81\xa4",   4284, 1 },
    { "\xe3\x81\x9b\xe3\x81\x84\xe3\x81\xa6\xe3\x82\x93",   4285, 1 },
    { "\xe3\x81\x9b\xe3\x81\x84\xe3\x81\xa7\xe3\x82\x93\xe3\x81\x8d",   4286, 1 },
    { "\xe3\x81\x9b\xe3\x81\x84\xe3\x81\xa8",   4287, 1 },
    { "\xe3\x81\x9b\xe3\x81\x84\xe3\x81\xa8\xe3\x81\x86",   4288, 2 },
    { "\xe3\x81\x9b\xe3\x81\x84\xe3\x81\xa8\xe3\x81\x86\xe3\x81\x8b",   4290, 1 },
    { "\xe3\x81\x9b\xe3\x81\x84\xe3\x81\xa8\xe3\x81\x86\xe3\x81\x9b\xe3\x81\x84",   4291, 1 },
    { "\xe3\x81\x9b\xe3\x81\x84\xe3\x81\xa8\xe3\x81\x86\xe3\x81\xbc\xe3\x81\x86\xe3\x81\x88\xe3\x81\x84",   4292, 1 },
    { "\xe3\x81\x9b\xe3\x81\x84\xe3\x81\xa8\xe3\x81\x8f\xe3\x81\xa6\xe3\x81\x8d",   4293, 1 },
    { "\xe3\x81\x9b\xe3\x81\x84\xe3\x81\xa9",   4294, 2 },
    { "\xe3\x81\x9b\xe3\x81\x84\xe3\x81\xad\xe3\x82\x93",   4296, 2 },
    { "\xe3\x81\x9b\xe3\x81\x84\xe3\x81\xad\xe3\x82\x93\xe3\x81\x8c\xe3\x81\xa3\xe3\x81\xb4",   4298, 1 },
    { "\xe3\x81\x9b\xe3\x81\x84\xe3\x81\xae\xe3\x81\x86",   4299, 1 },
    { "\xe3\x81\x9b\xe3\x81\x84\xe3\x81\xb2",   4300, 1 },
    { "\xe3\x81\x9b\xe3\x81\x84\xe3\x81\xb2\xe3\x82\x93",   4301, 1 },
    { "\xe3\x81\x9b\xe3\x81\x84\xe3\x81\xb3",   4302, 1 },
    { "\xe3\x81\x9b\xe3\x81\x84\xe3\x81\xb3\xe3\x81\x97",   4303, 1 },
    { "\xe3\x81\x9b\xe3\x81\x84\xe3\x81\xb5",   4304, 1 },
    { "\xe3\x81\x9b\xe3\x81\x84\xe3\x81\xb6",   4305, 1 },
    { "\xe3\x81\x9b\xe3\x81\x84\xe3\x81\xb6\xe3\x81\xa4",   4306, 1 },
    { "\xe3\x81\x9b\xe3\x81\x84\xe3\x81\xb6\xe3\x82\x93",   4307, 1 },
    { "\xe3\x81\x9b\xe3\x81\x84\xe3\x81\xbb\xe3\x81\x86",   4308, 1 },
    { "\xe3\x81\x9b\xe3\x81\x84\xe3\x81\xbb\xe3\x82\x93",   4309, 1 },
    { "\xe3\x81\x9b\xe3\x81\x84\xe3\x81\xbf\xe3\x81\xa4",   4310, 1 },
    { "\xe3\x81\x9b\xe3\x81\x84\xe3\x81\xbf\xe3\x81\xa4\xe3\x81\x8b",   4311, 1 },
    { "\xe3\x81\x9b\xe3\x81\x84\xe3\x82\x81\xe3\x81\x84",   4312, 1 },
    { "\xe3\x81\x9b\xe3\x81\x84\xe3\x82\x84\xe3\x81\x8f",   4313, 1 },
    { "\xe3\x81\x9b\xe3\x81\x84\xe3\x82\x88\xe3\x81\x86",   4314, 2 },
    { "\xe3\x81\x9b\xe3\x81\x84\xe3\x82\x88\xe3\x81\x86\xe3\x81\x91\xe3\x82\x93",   4316, 1 },
    { "\xe3\x81\x9b\xe3\x81\x84\xe3\x82\x8a",   4317, 1 },
    { "\xe3\x81\x9b\xe3\x81\x84\xe3\x82\x8a\xe3\x81\xa4",   4318, 1 },
    { "\xe3\x81\x9b\xe3\x81\x84\xe3\x82\x8a\xe3\x82\x87\xe3\x81\x8f",   4319, 1 },
    { "\xe3\x81\x9b\xe3\x81\x84\xe3\x82\x8c\xe3\x81\x8d",   4320, 1 },
    { "\xe3\x81\x9b\xe3\x81\x84\xe3\x82\x8c\xe3\x81\xa4",   4321, 1 },
    { "\xe3\x81\x9b\xe3\x81\x84\xe3\x82\x8c\xe3\x82\x93",   4322, 1 },
    { "\xe3\x81\x9b\xe3\x81\x84\xe3\x82\x8d\xe3\x82\x93\xe3\x82\x8a\xe3\x81\x97\xe3\x81\x8d",   4323, 1 },
    { "\xe3\x81\x9b\xe3\x81\x8b\xe3\x81\x84",   4324, 1 },
    { "\xe3\x81\x9b\xe3\x81\x8b\xe3\x81\x84\xe3\x81\x98\xe3\x82\x85\xe3\x81\x86",   4325, 1 },
    { "\xe3\x81\x9b\xe3\x81\x8b\xe3\x81\x84\xe3\x81\xa6\xe3\x81\x8d",   4326, 1 },
    { "\xe3\x81\x9b\xe3\x81\x8c\xe3\x81\xbf",   4327, 1 },
    { "\xe3\x81\x9b\xe3\x81\x8c\xe3\x82\x8f",   4328, 1 },
    { "\xe3\x81\x9b\xe3\x81\x8d",   4329, 8 },
    { "\xe3\x81\x9b\xe3\x81\x8d\xe3\x81\x90\xe3\x81\xa1",   4337, 1 },
    { "\xe3\x81\x9b\xe3\x81\x8d\xe3\x81\xab\xe3\x82\x93",   4338, 1 },
    { "\xe3\x81\x9b\xe3\x81\x8d\xe3\x81\xab\xe3\x82\x93\xe3\x81\x97\xe3\x82\x83",   4339, 1 },
    { "\xe3\x81\x9b\xe3\x81\x8d\xe3\x81\xb6\xe3\x82\x93",   4340, 1 },
    { "\xe3\x81\x9b\xe3\x81\x91\xe3\x82\x93",   4341, 1 },
    { "\xe3\x81\x9b\xe3\x81\x98",   4342, 1 },
    { "\xe3\x81\x9b\xe3\x81\x99\xe3\x81\x98",   4343, 1 },
    { "\xe3\x81\x9b\xe3\x81\x9f",   4344, 1 },
    { "\xe3\x81\x9b\xe3\x81\x9f\xe3\x81\x8c\xe3\x82\x84",   4345, 1 },
    { "\xe3\x81\x9b\xe3\x81\x9f\xe3\x81\x8c\xe3\x82\x84\xe3\x81\x8f",   4346, 1 },
    { "\xe3\x81\x9b\xe3\x81\xa0\xe3\x81\x84",   4347, 1 },
    { "\xe3\x81\x9b\xe3\x81\xa1",   4348, 1 },
    { "\xe3\x81\x9b\xe3\x81\xa3\xe3\x81\x8b\xe3\x81\x8f",   4349, 1 },
    { "\xe3\x81\x9b\xe3\x81\xa3\xe3\x81\x8d\xe3\x82\x87\xe3\x81\x8f",   4350, 1 },
    { "\xe3\x81\x9b\xe3\x81\xa3\xe3\x81\x8d\xe3\x82\x87\xe3\x81\x8f\xe3\x81\xa6\xe3\x81\x8d",   4351, 1 },
    { "\xe3\x81\x9b\xe3\x81\xa3\xe3\x81\x8d\xe3\x82\x93",   4352, 1 },
    { "\xe3\x81\x9b\xe3\x81\xa3\xe3\x81\x8f",   4353, 1 },
    { "\xe3\x81\x9b\xe3\x81\xa3\xe3\x81\x91\xe3\x81\x84",   4354, 1 },
    { "\xe3\x81\x9b\xe3\x81\xa3\xe3\x81\x91\xe3\x82\x93",   4355, 1 },
    { "\xe3\x81\x9b\xe3\x81\xa3\xe3\x81\x97",   4356, 1 },
    { "\xe3\x81\x9b\xe3\x81\xa3\xe3\x81\x97\xe3\x82\x87\xe3\x81\x86",   4357, 1 },
    { "\xe3\x81\x9b\xe3\x81\xa3\xe3\x81\x97\xe3\x82\x87\xe3\x81\x8f",   4358, 1 },
    { "\xe3\x81\x9b\xe3\x81\xa3\xe3\x81\xa1",   4359, 1 },
    { "\xe3\x81\x9b\xe3\x81\xa3\xe3\x81\xa1\xe3\x82\x85\xe3\x81\x86",   4360, 1 },
    { "\xe3\x81\x9b\xe3\x81\xa3\xe3\x81\xa6\xe3\x81\x84",   4361, 1 },
    { "\xe3\x81\x9b\xe3\x81\xa3\xe3\x81\xa8\xe3\x81\x8f",   4362, 1 },
    { "\xe3\x81\x9b\xe3\x81\xa4",   4363, 8 },
    { "\xe3\x81\x9b\xe3\x81\xa4\xe3\x81\x8a",   4371, 1 },
    { "\xe3\x81\x9b\xe3\x81\xa4\xe3\x81\x98\xe3\x82\x87\xe3\x81\x8f",   4372, 1 },
    { "\xe3\x81\x9b\xe3\x81\xa4\xe3\x81\x98\xe3\x82\x87\xe3\x81\x8f\xe3\x81\x9b\xe3\x82\x93",   4373, 1 },
    { "\xe3\x81\x9b\xe3\x81\xa4\xe3\x81\x9e\xe3\x81\x8f",   4374, 1 },
    { "\xe3\x81\x9b\xe3\x81\xa4\xe3\x81\x9e\xe3\x81\x8f\xe3\x81\x8b\xe3\x82\x93\xe3\x81\x91\xe3\x81\x84",   4375, 1 },
    { "\xe3\x81\x9b\xe3\x81\xa4\xe3\x81\xa0\xe3\x82\x93",   4376, 1 },
    { "\xe3\x81\x9b\xe3\x81\xa4\xe3\x81\xa9",   4377, 1 },
    { "\xe3\x81\x9b\xe3\x81\xa4\xe3\x81\xaa\xe3\x82\x93",   4378, 1 },
    { "\xe3\x81\x9b\xe3\x81\xa4\xe3\x81\xb3",   4379, 1 },
    { "\xe3\x81\x9b\xe3\x81\xa4\xe3\x82\x81\xe3\x81\x84",   4380, 1 },
    { "\xe3\x81\x9b\xe3\x81\xa4\xe3\x82\x81\xe3\x81\x84\xe3\x81\x8b\xe3\x81\x84",   4381, 1 },
    { "\xe3\x81\x9b\xe3\x81\xa4\xe3\x82\x81\xe3\x81\x84\xe3\x81\x97\xe3\x82\x87",   4382, 1 },
    { "\xe3\x81\x9b\xe3\x81\xa4\xe3\x82\x84\xe3\x81\x8f",   4383, 1 },
    { "\xe3\x81\x9b\xe3\x81\xa4\xe3\x82\x8f",   4384, 1 },
    { "\xe3\x81\x9b\xe3\x81\xa8\xe3\x81\x8a\xe3\x81\x8a\xe3\x81\xaf\xe3\x81\x97",   4385, 1 },
    { "\xe3\x81\x9b\xe3\x81\xb3\xe3\x82\x87\xe3\x81\x86\xe3\x81\x97",   4386, 1 },
    { "\xe3\x81\x9b\xe3\x81\xb3\xe3\x82\x8d",   4387, 1 },
    { "\xe3\x81\x9b\xe3\x81\xb3\xe3\x82\x8d\xe3\x81\xb5\xe3\x81\x86",   4388, 1 },
    { "\xe3\x81\x9b\xe3\x81\xbf",   4389, 1 },
    { "\xe3\x81\x9b\xe3\x82\x8a\xe3\x81\xb5",   4390, 1 },
    { "\xe3\x81\x9b\xe3\x82\x8d\xe3\x82\x93",   4391, 1 },
    { "\xe3\x81\x9b\xe3\x82\x8f",   4392, 1 },
    { "\xe3\x81\x9b\xe3\x82\x8f\xe3\x81\xab\xe3\x82\x93",   4393, 1 },
    { "\xe3\x81\x9b\xe3\x82\x93",   4394, 8 },
    { "\xe3\x81\x9b\xe3\x82\x93\xe3\x81\x84",   4402, 2 },
    { "\xe3\x81\x9b\xe3\x82\x93\xe3\x81\x8c",   4404, 1 },
    { "\xe3\x81\x9b\xe3\x82\x93\xe3\x81\x8d\xe3\x82\x87\xe3\x81\x8f",   4405, 1 },
    { "\xe3\x81\x9b\xe3\x82\x93\xe3\x81\x91\xe3\x81\x84",   4406, 1 },
    { "\xe3\x81\x9b\xe3\x82\x93\xe3\x81\x91\xe3\x81\xa4\xe3\x81\x94\xe3\x81\x86",   4407, 1 },
    { "\xe3\x81\x9b\xe3\x82\x93\xe3\x81\x92\xe3\x82\x93",   4408, 1 },
    { "\xe3\x81\x9b\xe3\x82\x93\xe3\x81\x93\xe3\x81\x86",   4409, 3 },
    { "\xe3\x81\x9b\xe3\x82\x93\xe3\x81\x96\xe3\x81\x84",   4412, 1 },
    { "\xe3\x81\x9b\xe3\x82\x93\xe3\x81\x97\xe3\x82\x85",   4413, 1 },
    { "\xe3\x81\x9b\xe3\x82\x93\xe3\x81\x97\xe3\x82\x85\xe3\x81\x86",   4414, 1 },
    { "\xe3\x81\x9b\xe3\x82\x93\xe3\x81\x97\xe3\x82\x85\xe3\x81\x91\xe3\x82\x93",   4415, 1 },
    { "\xe3\x81\x9b\xe3\x82\x93\xe3\x81\x97\xe3\x82\x93",   4416, 1 },
    { "\xe3\x81\x9b\xe3\x82\x93\xe3\x81\x98\xe3\x81\xa4",   4417, 1 },
    { "\xe3\x81\x9b\xe3\x82\x93\xe3\x81\x98\xe3\x82\x87\xe3\x81\x86",   4418, 1 },
    { "\xe3\x81\x9b\xe3\x82\x93\xe3\x81\x9b\xe3\x81\x84",   4419, 1 },
    { "\xe3\x81\x9b\xe3\x82\x93\xe3\x81\x9d\xe3\x81\x86",   4420, 1 },
    { "\xe3\x81\x9b\xe3\x82\x93\xe3\x81\x9f\xe3\x81\x8f",   4421, 2 },
    { "\xe3\x81\x9b\xe3\x82\x93\xe3\x81\x9f\xe3\x81\x8f\xe3\x81\x97",   4423, 1 },
    { "\xe3\x81\x9b\xe3\x82\x93\xe3\x81\xa0\xe3\x81\x84",   4424, 1 },
    { "\xe3\x81\x9b\xe3\x82\x93\xe3\x81\xa0\xe3\x81\x84\xe3\x81\x97",   4425, 1 },
    { "\xe3\x81\x9b\xe3\x82\x93\xe3\x81\xa1",   4426, 1 },
    { "\xe3\x81\x9b\xe3\x82\x93\xe3\x81\xa1\xe3\x82\x81\xe3\x83\xbc\xe3\x81\xa8\xe3\x82\x8b",   4427, 1 },
    { "\xe3\x81\x9b\xe3\x82\x93\xe3\x81\xa1\xe3\x82\x87\xe3\x81\x86",   4428, 1 },
    { "\xe3\x81\x9b\xe3\x82\x93\xe3\x81\xa6\xe3\x81\x84",   4429, 1 },
    { "\xe3\x81\x9b\xe3\x82\x93\xe3\x81\xa7\xe3\x82\x93",   4430, 1 },
    { "\xe3\x81\x9b\xe3\x82\x93\xe3\x81\xa8\xe3\x81\x86",   4431, 3 },
    { "\xe3\x81\x9b\xe3\x82\x93\xe3\x81\xab\xe3\x82\x85\xe3\x81\x86\xe3\x81\x8b\xe3\x82\x93",   4434, 1 },
    { "\xe3\x81\x9b\xe3\x82\x93\xe3\x81\xab\xe3\x82\x93",   4435, 1 },
    { "\xe3\x81\x9b\xe3\x82\x93\xe3\x81\xb0",   4436, 1 },
    { "\xe3\x81\x9b\xe3\x82\x93\xe3\x81\xb1\xe3\x81\x84",   4437, 1 },
    { "\xe3\x81\x9b\xe3\x82\x93\xe3\x81\xb1\xe3\x82\x93",   4438, 1 },
    { "\xe3\x81\x9b\xe3\x82\x93\xe3\x81\xb7\xe3\x81\x86",   4439, 1 },
    { "\xe3\x81\x9b\xe3\x82\x93\xe3\x81\xb9\xe3\x81\xa4",   4440, 1 },
    { "\xe3\x81\x9b\xe3\x82\x93\xe3\x81\xbc\xe3\x81\x8f",   4441, 1 },
    { "\xe3\x81\x9b\xe3\x82\x93\xe3\x81\xbd\xe3\x81\x86",   4442, 1 },
    { "\xe3\x81\x9b\xe3\x82\x93\xe3\x82\x80",   4443, 1 },
    { "\xe3\x81\x9b\xe3\x82\x93\xe3\x82\x81\xe3\x81\x84",   4444, 1 },
    { "\xe3\x81\x9b\xe3\x82\x93\xe3\x82\x82\xe3\x82\x93",   4445, 1 },
    { "\xe3\x81\x9b\xe3\x82\x93\xe3\x82\x82\xe3\x82\x93\xe3\x81\x8b",   4446, 1 },
    { "\xe3\x81\x9b\xe3\x82\x93\xe3\x82\x86\xe3\x81\x86",   4447, 1 },
    { "\xe3\x81\x9b\xe3\x82\x93\xe3\x82\x88\xe3\x81\x86",   4448, 1 },
    { "\xe3\x81\x9b\xe3\x82\x93\xe3\x82\x88\xe3\x81\x86\xe3\x81\x8b\xe3\x81\x84\xe3\x81\x9b\xe3\x82\x93",   4449, 1 },
    { "\xe3\x81\x9b\xe3\x82\x93\xe3\x82\x88\xe3\x81\x86\xe3\x81\x9b\xe3\x82\x93",   4450, 1 },
    { "\xe3\x81\x9b\xe3\x82\x93\xe3\x82\x8a\xe3\x82\x83\xe3\x81\x8f",   4451, 1 },
    { "\xe3\x81\x9b\xe3\x82\x93\xe3\x82\x8a\xe3\x82\x87\xe3\x81\x86",   4452, 1 },
    { "\xe3\x81\x9b\xe3\x82\x93\xe3\x82\x8a\xe3\x82\x93\xe3\x81\x8b\xe3\x81\x8f",   4453, 1 },
    { "\xe3\x81\x9b\xe3\x82\x93\xe3\x82\x8c\xe3\x82\x93",   4454, 1 },
    { "\xe3\x81\x9b\xe3\x82\x93\xe3\x82\x8c\xe3\x82\x93\xe3\x81\x91\xe3\x81\xa4",   4455, 1 },
    { "\xe3\x81\x9b\xe3\x82\x93\xe3\x82\x8d",   4456, 1 },
    { "\xe3\x81\x9c",   4457, 1 },
    { "\xe3\x81\x9c\xe3\x81\x84",   4458, 3 },
    { "\xe3\x81\x9c\xe3\x81\x84\xe3\x81\x8d\xe3\x82\x93",   4461, 1 },
    { "\xe3\x81\x9c\xe3\x81\x84\xe3\x82\x8a\xe3\x81\x97",   4462, 1 },
    { "\xe3\x81\x9c\xe3\x81\xa3\xe3\x81\x8f",   4463, 1 },
    { "\xe3\x81\x9c\xe3\x81\xa3\xe3\x81\x97\xe3\x82\x87\xe3\x81\x8f",   4464, 1 },
    { "\xe3\x81\x9c\xe3\x81\xa3\xe3\x81\x9f\xe3\x81\x84",   4465, 1 },
    { "\xe3\x81\x9c\xe3\x81\xa4",   4466, 2 },
    { "\xe3\x81\x9c\xe3\x81\xa4\xe3\x81\xbf\xe3\x82\x87\xe3\x81\x86",   4468, 1 },
    { "\xe3\x81\x9c\xe3\x81\xab",   4469, 1 },
    { "\xe3\x81\x9c\xe3\x81\xb2",   4470, 1 },
    { "\xe3\x81\x9c\xe3\x82\x93",   4471, 8 },
    { "\xe3\x81\x9c\xe3\x82\x93\xe3\x81\x84\xe3\x82\x93",   4479, 1 },
    { "\xe3\x81\x9c\xe3\x82\x93\xe3\x81\x88\xe3\x81\x84",   4480, 1 },
    { "\xe3\x81\x9c\xe3\x82\x93\xe3\x81\x8b\xe3\x81\x84",   4481, 1 },
    { "\xe3\x81\x9c\xe3\x82\x93\xe3\x81\x8b\xe3\x81\x8f",   4482, 1 },
    { "\xe3\x81\x9c\xe3\x82\x93\xe3\x81\x8b\xe3\x81\x8f\xe3\x81\x8b\xe3\x81\xaa",   4483, 1 },
    { "\xe3\x81\x9c\xe3\x82\x93\xe3\x81\x8c\xe3\x81\x8f",   4484, 2 },
    { "\xe3\x81\x9c\xe3\x82\x93\xe3\x81\x8d",   4486, 1 },
    { "\xe3\x81\x9c\xe3\x82\x93\xe3\x81\x93\xe3\x81\x86",   4487, 1 },
    { "\xe3\x81\x9c\xe3\x82\x93\xe3\x81\x93\xe3\x81\x8f",   4488, 1 },
    { "\xe3\x81\x9c\xe3\x82\x93\xe3\x81\x93\xe3\x81\x8f\xe3\x81\x9f\xe3\x81\x84\xe3\x81\x8b\xe3\x81\x84",   4489, 1 },
    { "\xe3\x81\x9c\xe3\x82\x93\xe3\x81\x93\xe3\x81\x8f\xe3\x81\xa6\xe3\x81\x8d",   4490, 1 },
    { "\xe3\x81\x9c\xe3\x82\x93\xe3\x81\x94",   4491, 1 },
    { "\xe3\x81\x9c\xe3\x82\x93\xe3\x81\x94\xe3\x81\x95\xe3\x82\x86\xe3\x81\x86",   4492, 1 },
    { "\xe3\x81\x9c\xe3\x82\x93\xe3\x81\x97\xe3\x82\x83",   4493, 2 },
    { "\xe3\x81\x9c\xe3\x82\x93\xe3\x81\x97\xe3\x82\x85\xe3\x81\x86",   4495, 1 },
    { "\xe3\x81\x9c\xe3\x82\x93\xe3\x81\x97\xe3\x82\x87\xe3\x81\x86",   4496, 2 },
    { "\xe3\x81\x9c\xe3\x82\x93\xe3\x81\x98\xe3\x81\xa4",   4498, 1 },
    { "\xe3\x81\x9c\xe3\x82\x93\xe3\x81\x98\xe3\x82\x85\xe3\x81\xa4",   4499, 1 },
    { "\xe3\x81\x9c\xe3\x82\x93\xe3\x81\x98\xe3\x82\x85\xe3\x82\x93\xe3\x81\x98\xe3\x82\x87",   4500, 1 },
    { "\xe3\x81\x9c\xe3\x82\x93\xe3\x81\x98\xe3\x82\x93\xe3\x82\x8b\xe3\x81\x84",   4501, 1 },
    { "\xe3\x81\x9c\xe3\x82\x93\xe3\x81\x9b\xe3\x81\xa4",   4502, 1 },
    { "\xe3\x81\x9c\xe3\x82\x93\xe3\x81\x9c\xe3\x82\x93",   4503, 1 },
    { "\xe3\x81\x9c\xe3\x82\x93\xe3\x81\x9f\xe3\x81\x84",   4504, 1 },
    { "\xe3\x81\x9c\xe3\x82\x93\xe3\x81\xa1\xe3\x81\x8d\xe3\x82\x85\xe3\x81\x86",   4505, 1 },
    { "\xe3\x81\x9c\xe3\x82\x93\xe3\x81\xa1\xe3\x82\x87\xe3\x81\x86",   4506, 1 },
    { "\xe3\x81\x9c\xe3\x82\x93\xe3\x81\xa6\xe3\x81\x84",   4507, 1 },
    { "\xe3\x81\x9c\xe3\x82\x93\xe3\x81\xad\xe3\x82\x93",   4508, 1 },
    { "\xe3\x81\x9c\xe3\x82\x93\xe3\x81\xad\xe3\x82\x93\xe3\x81\xa9",   4509, 1 },
    { "\xe3\x81\x9c\xe3\x82\x93\xe3\x81\xaf\xe3\x82\x93",   4510, 1 },
    { "\xe3\x81\x9c\xe3\x82\x93\xe3\x81\xb1\xe3\x82\x93",   4511, 1 },
    { "\xe3\x81\x9c\xe3\x82\x93\xe3\x81\xb6",   4512, 1 },
    { "\xe3\x81\x9c\xe3\x82\x93\xe3\x81\xb6\xe3\x82\x93",   4513, 1 },
    { "\xe3\x81\x9c\xe3\x82\x93\xe3\x81\xb7\xe3\x81\x8f",   4514, 1 },
    { "\xe3\x81\x9c\xe3\x82\x93\xe3\x82\x81\xe3\x81\xa4",   4515, 1 },
    { "\xe3\x81\x9c\xe3\x82\x93\xe3\x82\x81\xe3\x82\x93\xe3\x81\xa6\xe3\x81\x8d",   4516, 1 },
    { "\xe3\x81\x9c\xe3\x82\x93\xe3\x82\x8a\xe3\x82\x83\xe3\x81\x8f",   4517, 1 },
    { "\xe3\x81\x9d",   4518, 8 },
    { "\xe3\x81\x9d\xe3\x81\x84\xe3\x82\x93\xe3\x81\x99\xe3\x81\x86",   4526, 1 },
    { "\xe3\x81\x9d\xe3\x81\x86",   4527, 8 },
    { "\xe3\x81\x9d\xe3\x81\x86\xe3\x81\x84",   4535, 2 },
    { "\xe3\x81\x9d\xe3\x81\x86\xe3\x81\x84\xe3\x81\xa6\xe3\x82\x93",   4537, 2 },
    { "\xe3\x81\x9d\xe3\x81\x86\xe3\x81\x8a\xe3\x81\x86",   4539, 1 },
    { "\xe3\x81\x9d\xe3\x81\x86\xe3\x81\x8b\xe3\x81\x84",   4540, 1 },
    { "\xe3\x81\x9d\xe3\x81\x86\xe3\x81\x8b\xe3\x81\xa4",   4541, 1 },
    { "\xe3\x81\x9d\xe3\x81\x86\xe3\x81\x8b\xe3\x82\x93",   4542, 1 },
    { "\xe3\x81\x9d\xe3\x81\x86\xe3\x81\x8d",   4543, 1 },
    { "\xe3\x81\x9d\xe3\x81\x86\xe3\x81\x8d\xe3\x82\x85\xe3\x81\x86",   4544, 1 },
    { "\xe3\x81\x9d\xe3\x81\x86\xe3\x81\x8d\xe3\x82\x93",   4545, 1 },
    { "\xe3\x81\x9d\xe3\x81\x86\xe3\x81\x90\xe3\x81\x86",   4546, 1 },
    { "\xe3\x81\x9d\xe3\x81\x86\xe3\x81\x93",   4547, 1 },
    { "\xe3\x81\x9d\xe3\x81\x86\xe3\x81\x93\xe3\x81\x86",   4548, 2 },
    { "\xe3\x81\x9d\xe3\x81\x86\xe3\x81\x94",   4550, 1 },
    { "\xe3\x81\x9d\xe3\x81\x86\xe3\x81\x94\xe3\x81\x86",   4551, 2 },
    { "\xe3\x81\x9d\xe3\x81\x86\xe3\x81\x94\xe3\x81\x86\xe3\x81\x8b\xe3\x81\x8c\xe3\x81\x8f\xe3\x81\xb6",   4553, 1 },
    { "\xe3\x81\x9d\xe3\x81\x86\xe3\x81\x95",   4554, 2 },
    { "\xe3\x81\x9d\xe3\x81\x86\xe3\x81\x95\xe3\x81\x84\xe3\x82\x93",   4556, 1 },
    { "\xe3\x81\x9d\xe3\x81\x86\xe3\x81\x95\xe3\x81\x8f",   4557, 1 },
    { "\xe3\x81\x9d\xe3\x81\x86\xe3\x81\x97",   4558, 1 },
    { "\xe3\x81\x9d\xe3\x81\x86\xe3\x81\x97\xe3\x81\x97\xe3\x82\x83",   4559, 1 },
    { "\xe3\x81\x9d\xe3\x81\x86\xe3\x81\x97\xe3\x82\x83",   4560, 1 },
    { "\xe3\x81\x9d\xe3\x81\x86\xe3\x81\x97\xe3\x82\x85\xe3\x81\xa4",   4561, 1 },
    { "\xe3\x81\x9d\xe3\x81\x86\xe3\x81\x97\xe3\x82\x87\xe3\x81\x86",   4562, 1 },
    { "\xe3\x81\x9d\xe3\x81\x86\xe3\x81\x97\xe3\x82\x93",   4563, 1 },
    { "\xe3\x81\x9d\xe3\x81\x86\xe3\x81\x98",   4564, 1 },
    { "\xe3\x81\x9d\xe3\x81\x86\xe3\x81\x98\xe3\x82\x85",   4565, 1 },
    { "\xe3\x81\x9d\xe3\x81\x86\xe3\x81\x98\xe3\x82\x85\xe3\x81\x97\xe3\x82\x93",   4566, 1 },
    { "\xe3\x81\x9d\xe3\x81\x86\xe3\x81\x99\xe3\x81\x86",   4567, 1 },
    { "\xe3\x81\x9d\xe3\x81\x86\xe3\x81\x9d\xe3\x81\x86",   4568, 2 },
    { "\xe3\x81\x9d\xe3\x81\x86\xe3\x81\x9e\xe3\x81\x86",   4570, 2 },
    { "\xe3\x81\x9d\xe3\x81\x86\xe3\x81\x9f\xe3\x81\x84",   4572, 1 },
    { "\xe3\x81\x9d\xe3\x81\x86\xe3\x81\xa0",   4573, 1 },
    { "\xe3\x81\x9d\xe3\x81\x86\xe3\x81\xa0\xe3\x82\x93",   4574, 1 },
    { "\xe3\x81\x9d\xe3\x81\x86\xe3\x81\xa0\xe3\x82\x93\xe3\x81\x84\xe3\x82\x93",   4575, 1 },
    { "\xe3\x81\x9d\xe3\x81\x86\xe3\x81\xa0\xe3\x82\x93\xe3\x81\x97\xe3\x82\x87",   4576, 1 },
    { "\xe3\x81\x9d\xe3\x81\x86\xe3\x81\xa1",   4577, 1 },
    { "\xe3\x81\x9d\xe3\x81\x86\xe3\x81\xa1\xe3\x82\x83\xe3\x81\x8f",   4578, 1 },
    { "\xe3\x81\x9d\xe3\x81\x86\xe3\x81\xa6\xe3\x81\x84",   4579, 1 },
    { "\xe3\x81\x9d\xe3\x81\x86\xe3\x81\xa7\xe3\x82\x93",   4580, 1 },
    { "\xe3\x81\x9d\xe3\x81\x86\xe3\x81\xa8\xe3\x81\x86",   4581, 2 },
    { "\xe3\x81\x9d\xe3\x81\x86\xe3\x81\xab\xe3\x82\x85\xe3\x81\x86",   4583, 1 },
    { "\xe3\x81\x9d\xe3\x81\x86\xe3\x81\xb3",   4584, 1 },
    { "\xe3\x81\x9d\xe3\x81\x86\xe3\x81\xb5",   4585, 1 },
    { "\xe3\x81\x9d\xe3\x81\x86\xe3\x81\xb5\xe3\x81\x95\xe3\x81\x8d",   4586, 1 },
    { "\xe3\x81\x9d\xe3\x81\x86\xe3\x81\xbb\xe3\x81\x86",   4587, 1 },
    { "\xe3\x81\x9d\xe3\x81\x86\xe3\x81\xbe",   4588, 1 },
    { "\xe3\x81\x9d\xe3\x81\x86\xe3\x82\x80",   4589, 2 },
    { "\xe3\x81\x9d\xe3\x81\x86\xe3\x82\x8a\xe3\x81\xa4",   4591, 1 },
    { "\xe3\x81\x9d\xe3\x81\x86\xe3\x82\x8a\xe3\x82\x87\xe3\x81\x86",   4592, 1 },
    { "\xe3\x81\x9d\xe3\x81\x86\xe3\x82\x8d\xe3\x81\x86",   4593, 1 },
    { "\xe3\x81\x9d\xe3\x81\x88",   4594, 1 },
    { "\xe3\x81\x9d\xe3\x81\x88\xe3\x81\xa0",   4595, 1 },
    { "\xe3\x81\x9d\xe3\x81\x8c",   4596, 1 },
    { "\xe3\x81\x9d\xe3\x81\x8c\xe3\x81\x84",   4597, 1 },
    { "\xe3\x81\x9d\xe3\x81\x8f",   4598, 8 },
    { "\xe3\x81\x9d\xe3\x81\x8f\xe3\x81\x96",   4606, 1 },
    { "\xe3\x81\x9d\xe3\x81\x8f\xe3\x81\x97\xe3\x82\x93",   4607, 1 },
    { "\xe3\x81\x9d\xe3\x81\x8f\xe3\x81\x9b\xe3\x82\x93",   4608, 1 },
    { "\xe3\x81\x9d\xe3\x81\x8f\xe3\x81\x9f\xe3\x81\xa4",   4609, 1 },
    { "\xe3\x81\x9d\xe3\x81\x8f\xe3\x81\xa6\xe3\x81\x84",   4610, 1 },
    { "\xe3\x81\x9d\xe3\x81\x8f\xe3\x81\xa9",   4611, 2 },
    { "\xe3\x81\x9d\xe3\x81\x8f\xe3\x81\xb0\xe3\x81\x8f",   4613, 1 },
    { "\xe3\x81\x9d\xe3\x81\x8f\xe3\x82\x81\xe3\x82\x93",   4614, 1 },
    { "\xe3\x81\x9d\xe3\x81\x91\xe3\x81\xa4\xe3\x81\x94\xe3\x81\x86",   4615, 1 },
    { "\xe3\x81\x9d\xe3\x81\x93",   4616, 1 },
    { "\xe3\x81\x9d\xe3\x81\x93\xe3\x81\x86",   4617, 1 },
    { "\xe3\x81\x9d\xe3\x81\x97\xe3\x81\x8d",   4618, 1 },
    { "\xe3\x81\x9d\xe3\x81\x97\xe3\x81\x8d\xe3\x81\xbc\xe3\x81\x86\xe3\x82\x8a\xe3\x82\x87\xe3\x81\x8f",   4619, 1 },
    { "\xe3\x81\x9d\xe3\x81\x99\xe3\x81\x86",   4620, 1 },
    { "\xe3\x81\x9d\xe3\x81\x99\xe3\x81\x86\xe3\x81\xb6\xe3\x82\x93\xe3\x81\x8b\xe3\x81\x84",   4621, 1 },
    { "\xe3\x81\x9d\xe3\x81\xa1",   4622, 1 },
    { "\xe3\x81\x9d\xe3\x81\xa3\xe3\x81\x8d",   4623, 1 },
    { "\xe3\x81\x9d\xe3\x81\xa4",   4624, 2 },
    { "\xe3\x81\x9d\xe3\x81\xa4\xe3\x81\x8e\xe3\x82\x87\xe3\x81\x86",   4626, 1 },
    { "\xe3\x81\x9d\xe3\x81\xa4\xe3\x81\x91\xe3\x82\x93",   4627, 1 },
    { "\xe3\x81\x9d\xe3\x81\xa7",   4628, 1 },
    { "\xe3\x81\x9d\xe3\x81\xa8",   4629, 1 },
    { "\xe3\x81\x9d\xe3\x81\xa8\xe3\x81\x8c\xe3\x82\x8f",   4630, 1 },
    { "\xe3\x81\x9d\xe3\x81\xad",   4631, 1 },
    { "\xe3\x81\x9d\xe3\x81\xae",   4632, 2 },
    { "\xe3\x81\x9d\xe3\x81\xae\xe3\x81\x9f",   4634, 1 },
    { "\xe3\x81\x9d\xe3\x81\xb0",   4635, 2 },
    { "\xe3\x81\x9d\xe3\x81\xb5",   4637, 1 },
    { "\xe3\x81\x9d\xe3\x81\xbc",   4638, 1 },
    { "\xe3\x81\x9d\xe3\x81\xbc\xe3\x81\x86",   4639, 1 },
    { "\xe3\x81\x9d\xe3\x81\xbc\xe3\x81\x8f",   4640, 1 },
    { "\xe3\x81\x9d\xe3\x82\x89",   4641, 1 },
    { "\xe3\x81\x9d\xe3\x82\x89\xe3\x81\x84\xe3\x82\x8d",   4642, 1 },
    { "\xe3\x81\x9d\xe3\x82\x8c\xe3\x81\x84",   4643, 1 },
    { "\xe3\x81\x9d\xe3\x82\x8c\xe3\x81\x8c\xe3\x81\x97",   4644, 1 },
    { "\xe3\x81\x9d\xe3\x82\x93",   4645, 6 },
    { "\xe3\x81\x9d\xe3\x82\x93\xe3\x81\x8c\xe3\x81\x84",   4651, 1 },
    { "\xe3\x81\x9d\xe3\x82\x93\xe3\x81\x91\xe3\x81\x84",   4652, 1 },
    { "\xe3\x81\x9d\xe3\x82\x93\xe3\x81\x91\xe3\x81\x84\xe3\x81\x94",   4653, 1 },
    { "\xe3\x81\x9d\xe3\x82\x93\xe3\x81\x96\xe3\x81\x84",   4654, 1 },
    { "\xe3\x81\x9d\xe3\x82\x93\xe3\x81\x97\xe3\x81\xa4",   4655, 1 },
    { "\xe3\x81\x9d\xe3\x82\x93\xe3\x81\x97\xe3\x82\x87\xe3\x81\x86",   4656, 1 },
    { "\xe3\x81\x9d\xe3\x82\x93\xe3\x81\x97\xe3\x82\x87\xe3\x81\x86\xe3\x81\xa9",   4657, 1 },
    { "\xe3\x81\x9d\xe3\x82\x93\xe3\x81\x9e\xe3\x81\x8f",   4658, 1 },
    { "\xe3\x81\x9d\xe3\x82\x93\xe3\x81\xa1\xe3\x82\x87\xe3\x81\x86",   4659, 1 },
    { "\xe3\x81\x9e\xe3\x81\x86",   4660, 8 },
    { "\xe3\x81\x9e\xe3\x81\x86\xe3\x81\x8b",   4668, 1 },
    { "\xe3\x81\x9e\xe3\x81\x86\xe3\x81\x8b\xe3\x82\x93",   4669, 1 },
    { "\xe3\x81\x9e\xe3\x81\x86\xe3\x81\x8d",   4670, 1 },
    { "\xe3\x81\x9e\xe3\x81\x86\xe3\x81\x94",   4671, 1 },
    { "\xe3\x81\x9e\xe3\x81\x86\xe3\x81\x95\xe3\x81\xa4",   4672, 1 },
    { "\xe3\x81\x9e\xe3\x81\x86\xe3\x81\x9b\xe3\x81\xa4",   4673, 1 },
    { "\xe3\x81\x9e\xe3\x81\x86\xe3\x81\x9b\xe3\x82\x93",   4674, 1 },
    { "\xe3\x81\x9e\xe3\x81\x86\xe3\x81\xa0\xe3\x81\x84",   4675, 1 },
    { "\xe3\x81\x9e\xe3\x81\x86\xe3\x81\xb6\xe3\x82\x93",   4676, 1 },
    { "\xe3\x81\x9e\xe3\x81\x8f",   4677, 5 },
    { "\xe3\x81\x9e\xe3\x81\x8f\xe3\x81\x94",   4682, 1 },
    { "\xe3\x81\x9e\xe3\x81\x8f\xe3\x81\x9b\xe3\x81\x84",   4683, 1 },
    { "\xe3\x81\x9e\xe3\x81\x8f\xe3\x81\x9b\xe3\x81\xa4",   4684, 1 },
    { "\xe3\x81\x9e\xe3\x81\x8f\xe3\x81\xb8\xe3\x82\x93",   4685, 1 },
    { "\xe3\x81\x9e\xe3\x81\x8f\xe3\x81\xbb\xe3\x81\x86",   4686, 1 },
    { "\xe3\x81\x9e\xe3\x82\x93",   4687, 1 },
    { "\xe3\x81\x9e\xe3\x82\x93\xe3\x81\x98",   4688, 1 },
    { "\xe3\x81\x9e\xe3\x82\x93\xe3\x81\xb6\xe3\x82\x93",   4689, 1 },
    { "\xe3\x81\x9e\xe3\x82\x93\xe3\x82\x81\xe3\x81\x84",   4690, 1 },
    { "\xe3\x81\x9f",   4691, 7 },
    { "\xe3\x81\x9f\xe3\x81\x84",   4698, 8 },
    { "\xe3\x81\x9f\xe3\x81\x84\xe3\x81\x82\xe3\x82\x93",   4706, 1 },
    { "\xe3\x81\x9f\xe3\x81\x84\xe3\x81\x84",   4707, 1 },
    { "\xe3\x81\x9f\xe3\x81\x84\xe3\x81\x8a\xe3\x81\x86",   4708, 1 },
    { "\xe3\x81\x9f\xe3\x81\x84\xe3\x81\x8a\xe3\x82\x93",   4709, 1 },
    { "\xe3\x81\x9f\xe3\x81\x84\xe3\x81\x8b\xe3\x81\x84",   4710, 1 },
    { "\xe3\x81\x9f\xe3\x81\x84\xe3\x81\x8b\xe3\x81\x8f",   4711, 1 },
    { "\xe3\x81\x9f\xe3\x81\x84\xe3\x81\x8b\xe3\x82\x93",   4712, 1 },
    { "\xe3\x81\x9f\xe3\x81\x84\xe3\x81\x8c\xe3\x81\x84",   4713, 1 },
    { "\xe3\x81\x9f\xe3\x81\x84\xe3\x81\x8c\xe3\x81\x8f",   4714, 1 },
    { "\xe3\x81\x9f\xe3\x81\x84\xe3\x81\x8d",   4715, 1 },
    { "\xe3\x81\x9f\xe3\x81\x84\xe3\x81\x8d\xe3\x82\x85\xe3\x81\x86",   4716, 1 },
    { "\xe3\x81\x9f\xe3\x81\x84\xe3\x81\x8d\xe3\x82\x85\xe3\x81\x86\xe3\x82\x8a\xe3\x82\x87\xe3\x81\x8f",   4717, 1 },
    { "\xe3\x81\x9f\xe3\x81\x84\xe3\x81\x8d\xe3\x82\x87\xe3\x81\x8f",   4718, 1 },
    { "\xe3\x81\x9f\xe3\x81\x84\xe3\x81\x8d\xe3\x82\x93",   4719, 1 },
    { "\xe3\x81\x9f\xe3\x81\x84\xe3\x81\x8f",   4720, 1 },
    { "\xe3\x81\x9f\xe3\x81\x84\xe3\x81\x8f\xe3\x81\xa4",   4721, 1 },
    { "\xe3\x81\x9f\xe3\x81\x84\xe3\x81\x91\xe3\x81\x84",   4722, 2 },
    { "\xe3\x81\x9f\xe3\x81\x84\xe3\x81\x91\xe3\x82\x93",   4724, 1 },
    { "\xe3\x81\x9f\xe3\x81\x84\xe3\x81\x93\xe3\x81\x86",   4725, 1 },
    { "\xe3\x81\x9f\xe3\x81\x84\xe3\x81\x95",   4726, 1 },
    { "\xe3\x81\x9f\xe3\x81\x84\xe3\x81\x95\xe3\x81\x8f",   4727, 2 },
    { "\xe3\x81\x9f\xe3\x81\x84\xe3\x81\x96\xe3\x81\x84",   4729, 2 },
    { "\xe3\x81\x9f\xe3\x81\x84\xe3\x81\x97",   4731, 1 },
    { "\xe3\x81\x9f\xe3\x81\x84\xe3\x81\x97\xe3\x81\x8b\xe3\x82\x93",   4732, 1 },
    { "\xe3\x81\x9f\xe3\x81\x84\xe3\x81\x97\xe3\x81\xa4",   4733, 1 },
    { "\xe3\x81\x9f\xe3\x81\x84\xe3\x81\x97\xe3\x82\x83",   4734, 1 },
    { "\xe3\x81\x9f\xe3\x81\x84\xe3\x81\x97\xe3\x82\x83\xe3\x81\x8f",   4735, 1 },
    { "\xe3\x81\x9f\xe3\x81\x84\xe3\x81\x97\xe3\x82\x87",   4736, 1 },
    { "\xe3\x81\x9f\xe3\x81\x84\xe3\x81\x97\xe3\x82\x87\xe3\x81\x86",   4737, 7 },
    { "\xe3\x81\x9f\xe3\x81\x84\xe3\x81\x97\xe3\x82\x87\xe3\x81\x86\xe3\x81\x9b\xe3\x81\x84",   4744, 1 },
    { "\xe3\x81\x9f\xe3\x81\x84\xe3\x81\x97\xe3\x82\x87\xe3\x81\x86\xe3\x81\xb6\xe3\x81\xa4",   4745, 1 },
    { "\xe3\x81\x9f\xe3\x81\x84\xe3\x81\x97\xe3\x82\x87\xe3\x81\x8f",   4746, 1 },
    { "\xe3\x81\x9f\xe3\x81\x84\xe3\x81\x97\xe3\x82\x93",   4747, 1 },
    { "\xe3\x81\x9f\xe3\x81\x84\xe3\x81\x9b\xe3\x81\x84",   4748, 2 },
    { "\xe3\x81\x9f\xe3\x81\x84\xe3\x81\x9b\xe3\x81\x8d",   4750, 2 },
    { "\xe3\x81\x9f\xe3\x81\x84\xe3\x81\x9b\xe3\x81\xa4",   4752, 1 },
    { "\xe3\x81\x9f\xe3\x81\x84\xe3\x81\x9b\xe3\x82\x93",   4753, 1 },
    { "\xe3\x81\x9f\xe3\x81\x84\xe3\x81\xa1\xe3\x82\x87\xe3\x81\x86",   4754, 1 },
    { "\xe3\x81\x9f\xe3\x81\x84\xe3\x81\xa6\xe3\x81\x84",   4755, 1 },
    { "\xe3\x81\x9f\xe3\x81\x84\xe3\x81\xa7\xe3\x82\x93",   4756, 1 },
    { "\xe3\x81\x9f\xe3\x81\x84\xe3\x81\xa8\xe3\x81\x86",   4757, 1 },
    { "\xe3\x81\x9f\xe3\x81\x84\xe3\x81\xa9",   4758, 1 },
    { "\xe3\x81\x9f\xe3\x81\x84\xe3\x81\xaf\xe3\x81\x8f",   4759, 1 },
    { "\xe3\x81\x9f\xe3\x81\x84\xe3\x81\xb2",   4760, 2 },
    { "\xe3\x81\x9f\xe3\x81\x84\xe3\x81\xb5\xe3\x81\x86",   4762, 1 },
    { "\xe3\x81\x9f\xe3\x81\x84\xe3\x81\xb8\xe3\x82\x93",   4763, 1 },
    { "\xe3\x81\x9f\xe3\x81\x84\xe3\x81\xbe\xe3\x82\x93",   4764, 1 },
    { "\xe3\x81\x9f\xe3\x81\x84\xe3\x82\x81\xe3\x82\x93",   4765, 1 },
    { "\xe3\x81\x9f\xe3\x81\x84\xe3\x82\x84\xe3\x81\x8f",   4766, 1 },
    { "\xe3\x81\x9f\xe3\x81\x84\xe3\x82\x88\xe3\x81\x86",   4767, 2 },
    { "\xe3\x81\x9f\xe3\x81\x84\xe3\x82\x89",   4769, 1 },
    { "\xe3\x81\x9f\xe3\x81\x84\xe3\x82\x8a\xe3\x82\x87\xe3\x81\x86",   4770, 1 },
    { "\xe3\x81\x9f\xe3\x81\x84\xe3\x82\x8f",   4771, 1 },
    { "\xe3\x81\x9f\xe3\x81\x88",   4772, 1 },
    { "\xe3\x81\x9f\xe3\x81\x88\xe3\x81\x93",   4773, 1 },
    { "\xe3\x81\x9f\xe3\x81\x8b",   4774, 6 },
    { "\xe3\x81\x9f\xe3\x81\x8b\xe3\x81\x84",   4780, 1 },
    { "\xe3\x81\x9f\xe3\x81\x8b\xe3\x81\x8e",   4781, 1 },
    { "\xe3\x81\x9f\xe3\x81\x8b\xe3\x81\x97",   4782, 3 },
    { "\xe3\x81\x9f\xe3\x81\x8b\xe3\x81\x99",   4785, 1 },
    { "\xe3\x81\x9f\xe3\x81\x8b\xe3\x81\xa0",   4786, 1 },
    { "\xe3\x81\x9f\xe3\x81\x8b\xe3\x81\xae",   4787, 1 },
    { "\xe3\x81\x9f\xe3\x81\x8b\xe3\x81\xae\xe3\x82\x8a",   4788, 1 },
    { "\xe3\x81\x9f\xe3\x81\x8b\xe3\x81\xaf\xe3\x81\x97",   4789, 1 },
    { "\xe3\x81\x9f\xe3\x81\x8b\xe3\x81\xb5\xe3\x81\xbf",   4790, 1 },
    { "\xe3\x81\x9f\xe3\x81\x8b\xe3\x81\xbe\xe3\x81\xa4",   4791, 1 },
    { "\xe3\x81\x9f\xe3\x81\x8b\xe3\x81\xbf",   4792, 1 },
    { "\xe3\x81\x9f\xe3\x81\x8b\xe3\x82\x84\xe3\x81\x99",   4793, 1 },
    { "\xe3\x81\x9f\xe3\x81\x8b\xe3\x82\x84\xe3\x81\xbe",   4794, 1 },
    { "\xe3\x81\x9f\xe3\x81\x8b\xe3\x82\x86\xe3\x81\x8d",   4795, 1 },
    { "\xe3\x81\x9f\xe3\x81\x8b\xe3\x82\x89",   4796, 1 },
    { "\xe3\x81\x9f\xe3\x81\x8b\xe3\x82\x89\xe3\x81\xa0",   4797, 1 },
    { "\xe3\x81\x9f\xe3\x81\x8c\xe3\x81\x98\xe3\x82\x87\xe3\x81\x86",   4798, 1 },
    { "\xe3\x81\x9f\xe3\x81\x8c\xe3\x82\x8f",   4799, 1 },
    { "\xe3\x81\x9f\xe3\x81\x8d",   4800, 3 },
    { "\xe3\x81\x9f\xe3\x81\x8d\xe3\x81\x86\xe3\x81\xa1",   4803, 1 },
    { "\xe3\x81\x9f\xe3\x81\x8d\xe3\x81\x8e",   4804, 1 },
    { "\xe3\x81\x9f\xe3\x81\x8f",   4805, 8 },
    { "\xe3\x81\x9f\xe3\x81\x8f\xe3\x81\x84\xe3\x81\xa4",   4813, 1 },
    { "\xe3\x81\x9f\xe3\x81\x8f\xe3\x81\x95\xe3\x82\x93",   4814, 1 },
    { "\xe3\x81\x9f\xe3\x81\x8f\xe3\x81\xbc",   4815, 1 },
    { "\xe3\x81\x9f\xe3\x81\x90\xe3\x81\x84",   4816, 1 },
    { "\xe3\x81\x9f\xe3\x81\x91",   4817, 6 },
    { "\xe3\x81\x9f\xe3\x81\x91\xe3\x81\x84\xe3\x81\xa1",   4823, 1 },
    { "\xe3\x81\x9f\xe3\x81\x91\xe3\x81\x86\xe3\x81\xa1",   4824, 2 },
    { "\xe3\x81\x9f\xe3\x81\x91\xe3\x81\x97",   4826, 2 },
    { "\xe3\x81\x9f\xe3\x81\x91\xe3\x81\xa0",   4828, 2 },
    { "\xe3\x81\x9f\xe3\x81\x91\xe3\x81\xaf\xe3\x82\x89",   4830, 1 },
    { "\xe3\x81\x9f\xe3\x81\x91\xe3\x81\xb2\xe3\x81\x95",   4831, 1 },
    { "\xe3\x81\x9f\xe3\x81\x91\xe3\x82\x84\xe3\x81\xbe",   4832, 1 },
    { "\xe3\x81\x9f\xe3\x81\x93",   4833, 2 },
    { "\xe3\x81\x9f\xe3\x81\x93\xe3\x81\x86",   4835, 1 },
    { "\xe3\x81\x9f\xe3\x81\x93\xe3\x81\x86\xe3\x81\x97\xe3\x81\x8d",   4836, 1 },
    { "\xe3\x81\x9f\xe3\x81\x93\xe3\x81\x86\xe3\x81\x9b\xe3\x81\x84",   4837, 1 },
    { "\xe3\x81\x9f\xe3\x81\x97\xe3\x82\x83",   4838, 1 },
    { "\xe3\x81\x9f\xe3\x81\x97\xe3\x82\x87\xe3\x81\x86",   4839, 1 },
    { "\xe3\x81\x9f\xe3\x81\x98\xe3\x81\x92\xe3\x82\x93",   4840, 1 },
    { "\xe3\x81\x9f\xe3\x81\x98\xe3\x81\xbe",   4841, 1 },
    { "\xe3\x81\x9f\xe3\x81\x98\xe3\x82\x85\xe3\x81\x86",   4842, 1 },
    { "\xe3\x81\x9f\xe3\x81\x98\xe3\x82\x85\xe3\x81\x86\xe3\x81\x97\xe3\x82\x87\xe3\x82\x8a",   4843, 1 },
    { "\xe3\x81\x9f\xe3\x81\x98\xe3\x82\x85\xe3\x81\x86\xe3\x81\x9b\xe3\x81\x8d\xe3\x81\xb6\xe3\x82\x93",   4844, 1 },
    { "\xe3\x81\x9f\xe3\x81\x99\xe3\x81\x86",   4845, 1 },
    { "\xe3\x81\x9f\xe3\x81\x9c\xe3\x81\x84",   4846, 1 },
    { "\xe3\x81\x9f\xe3\x81\x9d\xe3\x81\x86",   4847, 1 },
    { "\xe3\x81\x9f\xe3\x81\x9d\xe3\x81\x86\xe3\x81\x8c\xe3\x81\x9f",   4848, 1 },
    { "\xe3\x81\x9f\xe3\x81\x9d\xe3\x81\x8c\xe3\x82\x8c",   4849, 1 },
    { "\xe3\x81\x9f\xe3\x81\x9f\xe3\x81\xbf",   4850, 2 },
    { "\xe3\x81\x9f\xe3\x81\xa0",   4852, 3 },
    { "\xe3\x81\x9f\xe3\x81\xa0\xe3\x81\x82\xe3\x81\x8d",   4855, 1 },
    { "\xe3\x81\x9f\xe3\x81\xa0\xe3\x81\x84",   4856, 1 },
    { "\xe3\x81\x9f\xe3\x81\xa0\xe3\x81\x97",   4857, 1 },
    { "\xe3\x81\x9f\xe3\x81\xa1",   4858, 3 },
    { "\xe3\x81\x9f\xe3\x81\xa1\xe3\x81\x8e",   4861, 1 },
    { "\xe3\x81\x9f\xe3\x81\xa1\xe3\x81\xb0",   4862, 1 },
    { "\xe3\x81\x9f\xe3\x81\xa1\xe3\x81\xbe\xe3\x81\xa1",   4863, 1 },
    { "\xe3\x81\x9f\xe3\x81\xa3\xe3\x81\x8d\xe3\x82\x85\xe3\x81\x86\xe3\x81\xb3\xe3\x82\x93",   4864, 1 },
    { "\xe3\x81\x9f\xe3\x81\xa3\xe3\x81\x97\xe3\x82\x83",   4865, 1 },
    { "\xe3\x81\x9f\xe3\x81\xa3\xe3\x81\x9b\xe3\x81\x84",   4866, 1 },
    { "\xe3\x81\x9f\xe3\x81\xa4",   4867, 4 },
    { "\xe3\x81\x9f\xe3\x81\xa4\xe3\x81\x9f",   4871, 1 },
    { "\xe3\x81\x9f\xe3\x81\xa4\xe3\x81\xbf",   4872, 1 },
    { "\xe3\x81\x9f\xe3\x81\xa6",   4873, 5 },
    { "\xe3\x81\x9f\xe3\x81\xa6\xe3\x81\x84\xe3\x81\x97",   4878, 1 },
    { "\xe3\x81\x9f\xe3\x81\xa6\xe3\x81\xbc\xe3\x81\x86",   4879, 1 },
    { "\xe3\x81\x9f\xe3\x81\xa6\xe3\x82\x82\xe3\x81\xae",   4880, 1 },
    { "\xe3\x81\x9f\xe3\x81\xa9\xe3\x81\x93\xe3\x82\x8d",   4881, 1 },
    { "\xe3\x81\x9f\xe3\x81\xaa",   4882, 1 },
    { "\xe3\x81\x9f\xe3\x81\xaa\xe3\x81\x8b",   4883, 1 },
    { "\xe3\x81\x9f\xe3\x81\xaa\xe3\x81\xb0\xe3\x81\x9f",   4884, 1 },
    { "\xe3\x81\x9f\xe3\x81\xab",   4885, 1 },
    { "\xe3\x81\x9f\xe3\x81\xab\xe3\x82\x84\xe3\x81\xbe",   4886, 1 },
    { "\xe3\x81\x9f\xe3\x81\xab\xe3\x82\x93",   4887, 1 },
    { "\xe3\x81\x9f\xe3\x81\xac\xe3\x81\x8d",   4888, 1 },
    { "\xe3\x81\x9f\xe3\x81\xad",   4889, 1 },
    { "\xe3\x81\x9f\xe3\x81\xb0",   4890, 1 },
    { "\xe3\x81\x9f\xe3\x81\xb0\xe3\x82\x89",   4891, 1 },
    { "\xe3\x81\x9f\xe3\x81\xb3",   4892, 2 },
    { "\xe3\x81\x9f\xe3\x81\xb3\xe3\x81\x9f\xe3\x81\xb3",   4894, 1 },
    { "\xe3\x81\x9f\xe3\x81\xb6\xe3\x82\x93",   4895, 1 },
    { "\xe3\x81\x9f\xe3\x81\xbc\xe3\x81\x86",   4896, 1 },
    { "\xe3\x81\x9f\xe3\x81\xbe",   4897, 5 },
    { "\xe3\x81\x9f\xe3\x81\xbe\xe3\x81\x8c\xe3\x82\x8f",   4902, 2 },
    { "\xe3\x81\x9f\xe3\x81\xbe\xe3\x81\x8d",   4904, 1 },
    { "\xe3\x81\x9f\xe3\x81\xbe\xe3\x81\x94",   4905, 1 },
    { "\xe3\x81\x9f\xe3\x81\xbe\xe3\x81\x97\xe3\x81\x84",   4906, 1 },
    { "\xe3\x81\x9f\xe3\x81\xbe\xe3\x81\x97\xe3\x81\xbe",   4907, 1 },
    { "\xe3\x81\x9f\xe3\x81\xbe\xe3\x81\xa1",   4908, 1 },
    { "\xe3\x81\x9f\xe3\x81\xbe\xe3\x81\xad\xe3\x81\x8e",   4909, 1 },
    { "\xe3\x81\x9f\xe3\x81\xbf",   4910, 1 },
    { "\xe3\x81\x9f\xe3\x82\x80\xe3\x82\x89",   4911, 1 },
    { "\xe3\x81\x9f\xe3\x82\x81",   4912, 1 },
    { "\xe3\x81\x9f\xe3\x82\x81\xe3\x81\x84\xe3\x81\x8d",   4913, 1 },
    { "\xe3\x81\x9f\xe3\x82\x88\xe3\x81\x86",   4914, 1 },
    { "\xe3\x81\x9f\xe3\x82\x88\xe3\x81\x86\xe3\x81\x8c\xe3\x81\x9f",   4915, 1 },
    { "\xe3\x81\x9f\xe3\x82\x89",   4916, 1 },
    { "\xe3\x81\x9f\xe3\x82\x8b",   4917, 1 },
    { "\xe3\x81\x9f\xe3\x82\x8d\xe3\x81\x86",   4918, 2 },
    { "\xe3\x81\x9f\xe3\x82\x8f\xe3\x82\x89",   4920, 1 },
    { "\xe3\x81\x9f\xe3\x82\x93",   4921, 8 },
    { "\xe3\x81\x9f\xe3\x82\x93\xe3\x81\x84",   4929, 1 },
    { "\xe3\x81\x9f\xe3\x82\x93\xe3\x81\x84\xe3\x81\x92\xe3\x82\x93",   4930, 1 },
    { "\xe3\x81\x9f\xe3\x82\x93\xe3\x81\x84\xe3\x81\xa4",   4931, 1 },
    { "\xe3\x81\x9f\xe3\x82\x93\xe3\x81\x84\xe3\x81\xa4\xe3\x81\x8b",   4932, 1 },
    { "\xe3\x81\x9f\xe3\x82\x93\xe3\x81\x8d",   4933, 1 },
    { "\xe3\x81\x9f\xe3\x82\x93\xe3\x81\x8d\xe3\x82\x87\xe3\x82\x8a",   4934, 1 },
    { "\xe3\x81\x9f\xe3\x82\x93\xe3\x81\x91\xe3\x82\x93",   4935, 1 },
    { "\xe3\x81\x9f\xe3\x82\x93\xe3\x81\x93\xe3\x81\x86",   4936, 1 },
    { "\xe3\x81\x9f\xe3\x82\x93\xe3\x81\x93\xe3\x81\x86\xe3\x81\xbc\xe3\x82\x93",   4937, 1 },
    { "\xe3\x81\x9f\xe3\x82\x93\xe3\x81\x94",   4938, 1 },
    { "\xe3\x81\x9f\xe3\x82\x93\xe3\x81\x95",   4939, 1 },
    { "\xe3\x81\x9f\xe3\x82\x93\xe3\x81\x95\xe3\x81\x8d",   4940, 1 },
    { "\xe3\x81\x9f\xe3\x82\x93\xe3\x81\x95\xe3\x81\x8f",   4941, 1 },
    { "\xe3\x81\x9f\xe3\x82\x93\xe3\x81\x97\xe3\x82\x83",   4942, 1 },
    { "\xe3\x81\x9f\xe3\x82\x93\xe3\x81\x97\xe3\x82\x85\xe3\x81\x8f",   4943, 1 },
    { "\xe3\x81\x9f\xe3\x82\x93\xe3\x81\x97\xe3\x82\x87",   4944, 1 },
    { "\xe3\x81\x9f\xe3\x82\x93\xe3\x81\x98\xe3\x82\x85\xe3\x82\x93",   4945, 1 },
    { "\xe3\x81\x9f\xe3\x82\x93\xe3\x81\x98\xe3\x82\x87\xe3\x81\x86",   4946, 1 },
    { "\xe3\x81\x9f\xe3\x82\x93\xe3\x81\x98\xe3\x82\x87\xe3\x81\x86\xe3\x81\xb3",   4947, 1 },
    { "\xe3\x81\x9f\xe3\x82\x93\xe3\x81\x99",   4948, 1 },
    { "\xe3\x81\x9f\xe3\x82\x93\xe3\x81\x99\xe3\x81\x86",   4949, 1 },
    { "\xe3\x81\x9f\xe3\x82\x93\xe3\x81\xa1",   4950, 1 },
    { "\xe3\x81\x9f\xe3\x82\x93\xe3\x81\xa1\xe3\x82\x87\xe3\x81\x86",   4951, 2 },
    { "\xe3\x81\x9f\xe3\x82\x93\xe3\x81\xa8\xe3\x81\x86",   4953, 1 },
    { "\xe3\x81\x9f\xe3\x82\x93\xe3\x81\xa8\xe3\x81\x86\xe3\x81\x97\xe3\x82\x83",   4954, 1 },
    { "\xe3\x81\x9f\xe3\x82\x93\xe3\x81\xa9\xe3\x81\x8f",   4955, 1 },
    { "\xe3\x81\x9f\xe3\x82\x93\xe3\x81\xab\xe3\x82\x93",   4956, 1 },
    { "\xe3\x81\x9f\xe3\x82\x93\xe3\x81\xb0",   4957, 1 },
    { "\xe3\x81\x9f\xe3\x82\x93\xe3\x81\xb1\xe3\x81\x8f",   4958, 1 },
    { "\xe3\x81\x9f\xe3\x82\x93\xe3\x81\xba\xe3\x82\x93",   4959, 1 },
    { "\xe3\x81\x9f\xe3\x82\x93\xe3\x81\xbe\xe3\x81\xa4",   4960, 1 },
    { "\xe3\x81\x9f\xe3\x82\x93\xe3\x81\xbe\xe3\x81\xa4\xe3\x81\xbe\xe3\x81\xa9",   4961, 1 },
    { "\xe3\x81\x9f\xe3\x82\x93\xe3\x82\x89\xe3\x81\x8f",   4962, 1 },
    { "\xe3\x81\xa0",   4963, 8 },
    { "\xe3\x81\xa0\xe3\x81\x84",   4971, 8 },
    { "\xe3\x81\xa0\xe3\x81\x84\xe3\x81\x84\xe3\x81\xa1",   4979, 1 },
    { "\xe3\x81\xa0\xe3\x81\x84\xe3\x81\x8c\xe3\x81\x8f",   4980, 1 },
    { "\xe3\x81\xa0\xe3\x81\x84\xe3\x81\x8c\xe3\x81\x8f\xe3\x81\x84\xe3\x82\x93",   4981, 1 },
    { "\xe3\x81\xa0\xe3\x81\x84\xe3\x81\x8c\xe3\x81\x8f\xe3\x81\x84\xe3\x82\x93\xe3\x81\x9b\xe3\x81\x84",   4982, 1 },
    { "\xe3\x81\xa0\xe3\x81\x84\xe3\x81\x8c\xe3\x81\x8f\xe3\x81\x9b\xe3\x81\x84",   4983, 1 },
    { "\xe3\x81\xa0\xe3\x81\x84\xe3\x81\x8c\xe3\x81\x8f\xe3\x81\xaa\xe3\x81\x84",   4984, 1 },
    { "\xe3\x81\xa0\xe3\x81\x84\xe3\x81\x8d\xe3\x81\xbc",   4985, 1 },
    { "\xe3\x81\xa0\xe3\x81\x84\xe3\x81\x8d\xe3\x82\x93",   4986, 1 },
    { "\xe3\x81\xa0\xe3\x81\x84\xe3\x81\x93\xe3\x81\x86",   4987, 1 },
    { "\xe3\x81\xa0\xe3\x81\x84\xe3\x81\x93\xe3\x82\x93",   4988, 1 },
    { "\xe3\x81\xa0\xe3\x81\x84\xe3\x81\x94",   4989, 2 },
    { "\xe3\x81\xa0\xe3\x81\x84\xe3\x81\x95\xe3\x82\x93",   4991, 1 },
    { "\xe3\x81\xa0\xe3\x81\x84\xe3\x81\x95\xe3\x82\x93\xe3\x81\x91\xe3\x81\x84\xe3\x81\xb2\xe3\x82\x93",   4992, 1 },
    { "\xe3\x81\xa0\xe3\x81\x84\xe3\x81\x95\xe3\x82\x93\xe3\x81\x97\xe3\x82\x83",   4993, 1 },
    { "\xe3\x81\xa0\xe3\x81\x84\xe3\x81\x95\xe3\x82\x93\xe3\x81\x9b\xe3\x81\x84",   4994, 1 },
    { "\xe3\x81\xa0\xe3\x81\x84\xe3\x81\x97\xe3\x82\x87\xe3\x81\x86",   4995, 1 },
    { "\xe3\x81\xa0\xe3\x81\x84\xe3\x81\x98",   4996, 1 },
    { "\xe3\x81\xa0\xe3\x81\x84\xe3\x81\x98\xe3\x82\x87\xe3\x81\x86\xe3\x81\xb6",   4997, 1 },
    { "\xe3\x81\xa0\xe3\x81\x84\xe3\x81\x99\xe3\x81\x86",   4998, 2 },
    { "\xe3\x81\xa0\xe3\x81\x84\xe3\x81\x9c\xe3\x82\x93\xe3\x81\xa6\xe3\x81\x84",   5000, 1 },
    { "\xe3\x81\xa0\xe3\x81\x84\xe3\x81\x9f\xe3\x81\x84",   5001, 1 },
    { "\xe3\x81\xa0\xe3\x81\x84\xe3\x81\x9f\xe3\x82\x93",   5002, 1 },
    { "\xe3\x81\xa0\xe3\x81\x84\xe3\x81\xa1",   5003, 1 },
    { "\xe3\x81\xa0\xe3\x81\x84\xe3\x81\xab",   5004, 1 },
    { "\xe3\x81\xa0\xe3\x81\x84\xe3\x81\xab\xe3\x82\x85\xe3\x81\x86",   5005, 1 },
    { "\xe3\x81\xa0\xe3\x81\x84\xe3\x81\xab\xe3\x82\x85\xe3\x81\x86\xe3\x81\xb6\xe3\x82\x93",   5006, 1 },
    { "\xe3\x81\xa0\xe3\x81\x84\xe3\x81\xb2\xe3\x82\x83\xe3\x81\xa3\xe3\x81\x8b",   5007, 1 },
    { "\xe3\x81\xa0\xe3\x81\x84\xe3\x81\xb2\xe3\x82\x87\xe3\x81\x86",   5008, 1 },
    { "\xe3\x81\xa0\xe3\x81\x84\xe3\x81\xb2\xe3\x82\x87\xe3\x81\x86\xe3\x81\x97\xe3\x82\x83",   5009, 1 },
    { "\xe3\x81\xa0\xe3\x81\x84\xe3\x81\xb2\xe3\x82\x87\xe3\x81\x86\xe3\x81\xa6\xe3\x81\x8d",   5010, 1 },
    { "\xe3\x81\xa0\xe3\x81\x84\xe3\x81\xb6\xe3\x81\xb6\xe3\x82\x93",   5011, 1 },
    { "\xe3\x81\xa0\xe3\x81\x84\xe3\x82\x81\xe3\x81\x84",   5012, 1 },
    { "\xe3\x81\xa0\xe3\x81\x84\xe3\x82\x82\xe3\x81\x8f",   5013, 1 },
    { "\xe3\x81\xa0\xe3\x81\x84\xe3\x82\x88\xe3\x81\x86",   5014, 1 },
    { "\xe3\x81\xa0\xe3\x81\x84\xe3\x82\x8a",   5015, 1 },
    { "\xe3\x81\xa0\xe3\x81\x84\xe3\x82\x8a\xe3\x81\xa6\xe3\x82\x93",   5016, 1 },
    { "\xe3\x81\xa0\xe3\x81\x88\xe3\x82\x93",   5017, 1 },
    { "\xe3\x81\xa0\xe3\x81\x8f",   5018, 2 },
    { "\xe3\x81\xa0\xe3\x81\x8f\xe3\x81\x8a\xe3\x82\x93",   5020, 1 },
    { "\xe3\x81\xa0\xe3\x81\x97\xe3\x82\x93",   5021, 1 },
    { "\xe3\x81\xa0\xe3\x81\x9d\xe3\x81\x8f",   5022, 1 },
    { "\xe3\x81\xa0\xe3\x81\xa1",   5023, 1 },
    { "\xe3\x81\xa0\xe3\x81\xa3",   5024, 1 },
    { "\xe3\x81\xa0\xe3\x81\xa4",   5025, 2 },
    { "\xe3\x81\xa0\xe3\x81\xa6",   5027, 1 },
    { "\xe3\x81\xa0\xe3\x81\xa8\xe3\x81\x86",   5028, 1 },
    { "\xe3\x81\xa0\xe3\x81\xaa",   5029, 1 },
    { "\xe3\x81\xa0\xe3\x82\x81",   5030, 1 },
    { "\xe3\x81\xa0\xe3\x82\x8c",   5031, 1 },
    { "\xe3\x81\xa0\xe3\x82\x93",   5032, 8 },
    { "\xe3\x81\xa0\xe3\x82\x93\xe3\x81\x84\xe3\x82\x93",   5040, 1 },
    { "\xe3\x81\xa0\xe3\x82\x93\xe3\x81\x8b\xe3\x81\x84",   5041, 1 },
    { "\xe3\x81\xa0\xe3\x82\x93\xe3\x81\x8d",   5042, 1 },
    { "\xe3\x81\xa0\xe3\x82\x93\xe3\x81\x91\xe3\x81\xa4",   5043, 1 },
    { "\xe3\x81\xa0\xe3\x82\x93\xe3\x81\x97",   5044, 1 },
    { "\xe3\x81\xa0\xe3\x82\x93\xe3\x81\x99\xe3\x81\x86",   5045, 1 },
    { "\xe3\x81\xa0\xe3\x82\x93\xe3\x81\x9d\xe3\x81\x86",   5046, 1 },
    { "\xe3\x81\xa0\xe3\x82\x93\xe3\x81\x9f\xe3\x81\x84",   5047, 1 },
    { "\xe3\x81\xa0\xe3\x82\x93\xe3\x81\xa0\xe3\x82\x93",   5048, 1 },
    { "\xe3\x81\xa0\xe3\x82\x93\xe3\x81\xa1",   5049, 1 },
    { "\xe3\x81\xa0\xe3\x82\x93\xe3\x81\xbc\xe3\x81\x86",   5050, 1 },
    { "\xe3\x81\xa0\xe3\x82\x93\xe3\x82\x81\xe3\x82\x93",   5051, 1 },
    { "\xe3\x81\xa0\xe3\x82\x93\xe3\x82\x89\xe3\x81\x8f",   5052, 1 },
    { "\xe3\x81\xa0\xe3\x82\x93\xe3\x82\x8f",   5053, 1 },
    { "\xe3\x81\xa0\xe3\x82\x93\xe3\x82\x8f\xe3\x81\x8b\xe3\x81\x84",   5054, 1 },
    { "\xe3\x81\xa1",   5055, 8 },
    { "\xe3\x81\xa1\xe3\x81\x84",   5063, 1 },
    { "\xe3\x81\xa1\xe3\x81\x84\xe3\x81\x8d",   5064, 1 },
    { "\xe3\x81\xa1\xe3\x81\x88",   5065, 1 },
    { "\xe3\x81\xa1\xe3\x81\x88\xe3\x82\x93",   5066, 1 },
    { "\xe3\x81\xa1\xe3\x81\x8b",   5067, 2 },
    { "\xe3\x81\xa1\xe3\x81\x8b\xe3\x81\x8f",   5069, 1 },
    { "\xe3\x81\xa1\xe3\x81\x8b\xe3\x81\x94\xe3\x82\x8d",   5070, 1 },
    { "\xe3\x81\xa1\xe3\x81\x8b\xe3\x81\xa6\xe3\x81\xa4",   5071, 1 },
    { "\xe3\x81\xa1\xe3\x81\x8b\xe3\x82\x89",   5072, 1 },
    { "\xe3\x81\xa1\xe3\x81\x8c\xe3\x81\x8f",   5073, 1 },
    { "\xe3\x81\xa1\xe3\x81\x8d\xe3\x82\x85\xe3\x81\x86",   5074, 1 },
    { "\xe3\x81\xa1\xe3\x81\x8d\xe3\x82\x85\xe3\x81\x86\xe3\x81\x98\xe3\x82\x93",   5075, 1 },
    { "\xe3\x81\xa1\xe3\x81\x8d\xe3\x82\x85\xe3\x81\x86\xe3\x82\x8c\xe3\x82\x93\xe3\x81\xbd\xe3\x81\x86",   5076, 1 },
    { "\xe3\x81\xa1\xe3\x81\x8f",   5077, 7 },
    { "\xe3\x81\xa1\xe3\x81\x8f\xe3\x81\x8d\xe3\x82\x87\xe3\x81\x86",   5084, 1 },
    { "\xe3\x81\xa1\xe3\x81\x8f\xe3\x81\x95",   5085, 1 },
    { "\xe3\x81\xa1\xe3\x81\x8f\xe3\x81\x95\xe3\x81\x8f",   5086, 1 },
    { "\xe3\x81\xa1\xe3\x81\x8f\xe3\x81\x98",   5087, 1 },
    { "\xe3\x81\xa1\xe3\x81\x8f\xe3\x81\x9b\xe3\x81\x8d",   5088, 1 },
    { "\xe3\x81\xa1\xe3\x81\x8f\xe3\x82\x8a\xe3\x82\x93",   5089, 1 },
    { "\xe3\x81\xa1\xe3\x81\x93\xe3\x81\x8f",   5090, 1 },
    { "\xe3\x81\xa1\xe3\x81\x97\xe3\x81\x8d",   5091, 1 },
    { "\xe3\x81\xa1\xe3\x81\x98\xe3\x81\x8d",   5092, 1 },
    { "\xe3\x81\xa1\xe3\x81\x9a",   5093, 1 },
    { "\xe3\x81\xa1\xe3\x81\x9a\xe3\x81\x93",   5094, 1 },
    { "\xe3\x81\xa1\xe3\x81\x9b\xe3\x81\x84",   5095, 1 },
    { "\xe3\x81\xa1\xe3\x81\xa0",   5096, 1 },
    { "\xe3\x81\xa1\xe3\x81\xa1",   5097, 2 },
    { "\xe3\x81\xa1\xe3\x81\xa4",   5099, 2 },
    { "\xe3\x81\xa1\xe3\x81\xa4\xe3\x81\x98\xe3\x82\x87",   5101, 1 },
    { "\xe3\x81\xa1\xe3\x81\xa6\xe3\x81\x8d",   5102, 1 },
    { "\xe3\x81\xa1\xe3\x81\xa6\xe3\x81\x8d\xe3\x81\x97\xe3\x82\x87\xe3\x82\x8a",   5103, 1 },
    { "\xe3\x81\xa1\xe3\x81\xa6\xe3\x82\x93",   5104, 1 },
    { "\xe3\x81\xa1\xe3\x81\xa8\xe3\x81\x9b",   5105, 1 },
    { "\xe3\x81\xa1\xe3\x81\xaa\xe3\x81\xa4",   5106, 1 },
    { "\xe3\x81\xa1\xe3\x81\xae\xe3\x81\x86",   5107, 1 },
    { "\xe3\x81\xa1\xe3\x81\xae\xe3\x81\x86\xe3\x81\xaf\xe3\x82\x93",   5108, 1 },
    { "\xe3\x81\xa1\xe3\x81\xae\xe3\x81\x91",   5109, 1 },
    { "\xe3\x81\xa1\xe3\x81\xaf\xe3\x82\x8b",   5110, 1 },
    { "\xe3\x81\xa1\xe3\x81\xb0",   5111, 1 },
    { "\xe3\x81\xa1\xe3\x81\xb0\xe3\x81\x91\xe3\x82\x93",   5112, 1 },
    { "\xe3\x81\xa1\xe3\x81\xbb\xe3\x81\x86",   5113, 1 },
    { "\xe3\x81\xa1\xe3\x81\xbe\xe3\x81\x9f",   5114, 1 },
    { "\xe3\x81\xa1\xe3\x82\x81\xe3\x81\x84",   5115, 1 },
    { "\xe3\x81\xa1\xe3\x82\x83",   5116, 1 },
    { "\xe3\x81\xa1\xe3\x82\x83\xe3\x81\x8f",   5117, 2 },
    { "\xe3\x81\xa1\xe3\x82\x83\xe3\x81\x8f\xe3\x81\x97\xe3\x82\x93",   5119, 1 },
    { "\xe3\x81\xa1\xe3\x82\x83\xe3\x81\x8f\xe3\x81\x9d\xe3\x81\x86",   5120, 1 },
    { "\xe3\x81\xa1\xe3\x82\x83\xe3\x81\x8f\xe3\x81\xab\xe3\x82\x93",   5121, 1 },
    { "\xe3\x81\xa1\xe3\x82\x83\xe3\x81\x8f\xe3\x82\x82\xe3\x81\x8f",   5122, 1 },
    { "\xe3\x81\xa1\xe3\x82\x83\xe3\x81\x8f\xe3\x82\x8a\xe3\x81\x8f",   5123, 1 },
    { "\xe3\x81\xa1\xe3\x82\x83\xe3\x81\xa0\xe3\x81\x84",   5124, 1 },
    { "\xe3\x81\xa1\xe3\x82\x83\xe3\x81\xa3\xe3\x81\x8b\xe3\x82\x93",   5125, 1 },
    { "\xe3\x81\xa1\xe3\x82\x85\xe3\x81\x86",   5126, 8 },
    { "\xe3\x81\xa1\xe3\x82\x85\xe3\x81\x86\xe3\x81\x84",   5134, 1 },
    { "\xe3\x81\xa1\xe3\x82\x85\xe3\x81\x86\xe3\x81\x84\xe3\x81\xbb\xe3\x81\x86",   5135, 1 },
    { "\xe3\x81\xa1\xe3\x82\x85\xe3\x81\x86\xe3\x81\x8a\xe3\x81\x86",   5136, 1 },
    { "\xe3\x81\xa1\xe3\x82\x85\xe3\x81\x86\xe3\x81\x8b",   5137, 1 },
    { "\xe3\x81\xa1\xe3\x82\x85\xe3\x81\x86\xe3\x81\x8b\xe3\x81\x8c\xe3\x81\x84",   5138, 1 },
    { "\xe3\x81\xa1\xe3\x82\x85\xe3\x81\x86\xe3\x81\x8b\xe3\x81\x8f",   5139, 1 },
    { "\xe3\x81\xa1\xe3\x82\x85\xe3\x81\x86\xe3\x81\x8b\xe3\x82\x93",   5140, 1 },
    { "\xe3\x81\xa1\xe3\x82\x85\xe3\x81\x86\xe3\x81\x8c\xe3\x81\x8f",   5141, 1 },
    { "\xe3\x81\xa1\xe3\x82\x85\xe3\x81\x86\xe3\x81\x8c\xe3\x81\xa3\xe3\x81\x93\xe3\x81\x86",   5142, 1 },
    { "\xe3\x81\xa1\xe3\x82\x85\xe3\x81\x86\xe3\x81\x8d\xe3\x82\x85\xe3\x81\x86",   5143, 1 },
    { "\xe3\x81\xa1\xe3\x82\x85\xe3\x81\x86\xe3\x81\x8d\xe3\x82\x87\xe3\x81\x86",   5144, 1 },
    { "\xe3\x81\xa1\xe3\x82\x85\xe3\x81\x86\xe3\x81\x8d\xe3\x82\x87\xe3\x82\x8a",   5145, 1 },
    { "\xe3\x81\xa1\xe3\x82\x85\xe3\x81\x86\xe3\x81\x8e",   5146, 1 },
    { "\xe3\x81\xa1\xe3\x82\x85\xe3\x81\x86\xe3\x81\x91\xe3\x81\x84",   5147, 1 },
    { "\xe3\x81\xa1\xe3\x82\x85\xe3\x81\x86\xe3\x81\x93",   5148, 1 },
    { "\xe3\x81\xa1\xe3\x82\x85\xe3\x81\x86\xe3\x81\x94\xe3\x81\x8f",   5149, 1 },
    { "\xe3\x81\xa1\xe3\x82\x85\xe3\x81\x86\xe3\x81\x97",   5150, 1 },
    { "\xe3\x81\xa1\xe3\x82\x85\xe3\x81\x86\xe3\x81\x97\xe3\x82\x83",   5151, 1 },
    { "\xe3\x81\xa1\xe3\x82\x85\xe3\x81\x86\xe3\x81\x97\xe3\x82\x83\xe3\x81\x8f",   5152, 2 },
    { "\xe3\x81\xa1\xe3\x82\x85\xe3\x81\x86\xe3\x81\x97\xe3\x82\x83\xe3\x81\x98\xe3\x82\x87\xe3\x81\x86",   5154, 1 },
    { "\xe3\x81\xa1\xe3\x82\x85\xe3\x81\x86\xe3\x81\x97\xe3\x82\x85\xe3\x81\xa4",   5155, 1 },
    { "\xe3\x81\xa1\xe3\x82\x85\xe3\x81\x86\xe3\x81\x97\xe3\x82\x87\xe3\x81\x86",   5156, 1 },
    { "\xe3\x81\xa1\xe3\x82\x85\xe3\x81\x86\xe3\x81\x97\xe3\x82\x87\xe3\x81\x86\xe3\x81\x8b",   5157, 1 },
    { "\xe3\x81\xa1\xe3\x82\x85\xe3\x81\x86\xe3\x81\x97\xe3\x82\x87\xe3\x81\x86\xe3\x81\xa4\xe3\x81\x84",   5158, 1 },
    { "\xe3\x81\xa1\xe3\x82\x85\xe3\x81\x86\xe3\x81\x97\xe3\x82\x87\xe3\x81\x86\xe3\x81\xa6\xe3\x81\x8d",   5159, 1 },
    { "\xe3\x81\xa1\xe3\x82\x85\xe3\x81\x86\xe3\x81\x97\xe3\x82\x87\xe3\x81\x8f",   5160, 1 },
    { "\xe3\x81\xa1\xe3\x82\x85\xe3\x81\x86\xe3\x81\x97\xe3\x82\x93",   5161, 1 },
    { "\xe3\x81\xa1\xe3\x82\x85\xe3\x81\x86\xe3\x81\x98\xe3\x82\x85\xe3\x82\x93",   5162, 1 },
    { "\xe3\x81\xa1\xe3\x82\x85\xe3\x81\x86\xe3\x81\x98\xe3\x82\x87\xe3\x81\x86",   5163, 1 },
    { "\xe3\x81\xa1\xe3\x82\x85\xe3\x81\x86\xe3\x81\xa0\xe3\x82\x93",   5164, 1 },
    { "\xe3\x81\xa1\xe3\x82\x85\xe3\x81\x86\xe3\x81\xa8",   5165, 1 },
    { "\xe3\x81\xa1\xe3\x82\x85\xe3\x81\x86\xe3\x81\xa8\xe3\x81\xaf\xe3\x82\x93\xe3\x81\xb1",   5166, 1 },
    { "\xe3\x81\xa1\xe3\x82\x85\xe3\x81\x86\xe3\x81\xa9\xe3\x81\x8f",   5167, 1 },
    { "\xe3\x81\xa1\xe3\x82\x85\xe3\x81\x86\xe3\x81\xb0\xe3\x81\xa1",   5168, 1 },
    { "\xe3\x81\xa1\xe3\x82\x85\xe3\x81\x86\xe3\x81\xb3",   5169, 1 },
    { "\xe3\x81\xa1\xe3\x82\x85\xe3\x81\x86\xe3\x81\xb6",   5170, 1 },
    { "\xe3\x81\xa1\xe3\x82\x85\xe3\x81\x86\xe3\x82\x82\xe3\x81\x8f",   5171, 1 },
    { "\xe3\x81\xa1\xe3\x82\x85\xe3\x81\x86\xe3\x82\x82\xe3\x82\x93",   5172, 1 },
    { "\xe3\x81\xa1\xe3\x82\x85\xe3\x81\x86\xe3\x82\x8a\xe3\x81\xa4",   5173, 1 },
    { "\xe3\x81\xa1\xe3\x82\x85\xe3\x81\x86\xe3\x82\x8a\xe3\x82\x83\xe3\x81\x8f",   5174, 1 },
    { "\xe3\x81\xa1\xe3\x82\x87",   5175, 7 },
    { "\xe3\x81\xa1\xe3\x82\x87\xe3\x81\x86",   5182, 8 },
    { "\xe3\x81\xa1\xe3\x82\x87\xe3\x81\x86\xe3\x81\x8a\xe3\x82\x93",   5190, 1 },
    { "\xe3\x81\xa1\xe3\x82\x87\xe3\x81\x86\xe3\x81\x8b",   5191, 1 },
    { "\xe3\x81\xa1\xe3\x82\x87\xe3\x81\x86\xe3\x81\x8b\xe3\x81\x8f",   5192, 1 },
    { "\xe3\x81\xa1\xe3\x82\x87\xe3\x81\x86\xe3\x81\x8b\xe3\x82\x93",   5193, 1 },
    { "\xe3\x81\xa1\xe3\x82\x87\xe3\x81\x86\xe3\x81\x8d",   5194, 1 },
    { "\xe3\x81\xa1\xe3\x82\x87\xe3\x81\x86\xe3\x81\x8d\xe3\x82\x87\xe3\x82\x8a",   5195, 1 },
    { "\xe3\x81\xa1\xe3\x82\x87\xe3\x81\x86\xe3\x81\x8d\xe3\x82\x93",   5196, 1 },
    { "\xe3\x81\xa1\xe3\x82\x87\xe3\x81\x86\xe3\x81\x93\xe3\x81\x86",   5197, 2 },
    { "\xe3\x81\xa1\xe3\x82\x87\xe3\x81\x86\xe3\x81\x95",   5199, 1 },
    { "\xe3\x81\xa1\xe3\x82\x87\xe3\x81\x86\xe3\x81\x97",   5200, 2 },
    { "\xe3\x81\xa1\xe3\x82\x87\xe3\x81\x86\xe3\x81\x97\xe3\x82\x83",   5202, 1 },
    { "\xe3\x81\xa1\xe3\x82\x87\xe3\x81\x86\xe3\x81\x97\xe3\x82\x85\xe3\x81\x86",   5203, 2 },
    { "\xe3\x81\xa1\xe3\x82\x87\xe3\x81\x86\xe3\x81\x97\xe3\x82\x87",   5205, 2 },
    { "\xe3\x81\xa1\xe3\x82\x87\xe3\x81\x86\xe3\x81\x97\xe3\x82\x87\xe3\x81\x86",   5207, 1 },
    { "\xe3\x81\xa1\xe3\x82\x87\xe3\x81\x86\xe3\x81\x98\xe3\x81\x8b\xe3\x82\x93",   5208, 1 },
    { "\xe3\x81\xa1\xe3\x82\x87\xe3\x81\x86\xe3\x81\x98\xe3\x82\x85\xe3\x82\x93",   5209, 1 },
    { "\xe3\x81\xa1\xe3\x82\x87\xe3\x81\x86\xe3\x81\x98\xe3\x82\x87\xe3\x81\x86",   5210, 1 },
    { "\xe3\x81\xa1\xe3\x82\x87\xe3\x81\x86\xe3\x81\x98\xe3\x82\x87\xe3\x81\x86\xe3\x81\x97\xe3\x82\x83",   5211, 1 },
    { "\xe3\x81\xa1\xe3\x82\x87\xe3\x81\x86\xe3\x81\x9b\xe3\x81\x84",   5212, 1 },
    { "\xe3\x81\xa1\xe3\x82\x87\xe3\x81\x86\xe3\x81\x9b\xe3\x81\xa4",   5213, 1 },
    { "\xe3\x81\xa1\xe3\x82\x87\xe3\x81\x86\xe3\x81\x9b\xe3\x82\x93",   5214, 2 },
    { "\xe3\x81\xa1\xe3\x82\x87\xe3\x81\x86\xe3\x81\x9f\xe3\x82\x93",   5216, 1 },
    { "\xe3\x81\xa1\xe3\x82\x87\xe3\x81\x86\xe3\x81\xa1\xe3\x82\x87\xe3\x81\x86",   5217, 1 },
    { "\xe3\x81\xa1\xe3\x82\x87\xe3\x81\x86\xe3\x81\xa6\xe3\x82\x93",   5218, 1 },
    { "\xe3\x81\xa1\xe3\x82\x87\xe3\x81\x86\xe3\x81\xa7\xe3\x82\x93",   5219, 1 },
    { "\xe3\x81\xa1\xe3\x82\x87\xe3\x81\x86\xe3\x81\xa9",   5220, 1 },
    { "\xe3\x81\xa1\xe3\x82\x87\xe3\x81\x86\xe3\x81\xaf\xe3\x81\xa4",   5221, 1 },
    { "\xe3\x81\xa1\xe3\x82\x87\xe3\x81\x86\xe3\x81\xb2\xe3\x82\x87\xe3\x81\x86",   5222, 2 },
    { "\xe3\x81\xa1\xe3\x82\x87\xe3\x81\x86\xe3\x81\xb5",   5224, 1 },
    { "\xe3\x81\xa1\xe3\x82\x87\xe3\x81\x86\xe3\x81\xb5\xe3\x81\x8f",   5225, 1 },
    { "\xe3\x81\xa1\xe3\x82\x87\xe3\x81\x86\xe3\x81\xb8\xe3\x81\x84",   5226, 1 },
    { "\xe3\x81\xa1\xe3\x82\x87\xe3\x81\x86\xe3\x81\xbb\xe3\x81\x86",   5227, 1 },
    { "\xe3\x81\xa1\xe3\x82\x87\xe3\x81\x86\xe3\x81\xbb\xe3\x81\x86\xe3\x81\x91\xe3\x81\x84",   5228, 1 },
    { "\xe3\x81\xa1\xe3\x82\x87\xe3\x81\x86\xe3\x82\x81",   5229, 1 },
    { "\xe3\x81\xa1\xe3\x82\x87\xe3\x81\x86\xe3\x82\x81\xe3\x81\x84",   5230, 1 },
    { "\xe3\x81\xa1\xe3\x82\x87\xe3\x81\x8d\xe3\x82\x93",   5231, 1 },
    { "\xe3\x81\xa1\xe3\x82\x87\xe3\x81\x8f",   5232, 3 },
    { "\xe3\x81\xa1\xe3\x82\x87\xe3\x81\x8f\xe3\x81\x92\xe3\x81\x8d",   5235, 1 },
    { "\xe3\x81\xa1\xe3\x82\x87\xe3\x81\x8f\xe3\x81\x94",   5236, 1 },
    { "\xe3\x81\xa1\xe3\x82\x87\xe3\x81\x8f\xe3\x81\x9b\xe3\x81\x8d",   5237, 1 },
    { "\xe3\x81\xa1\xe3\x82\x87\xe3\x81\x8f\xe3\x81\x9b\xe3\x81\xa4",   5238, 1 },
    { "\xe3\x81\xa1\xe3\x82\x87\xe3\x81\x8f\xe3\x81\x9b\xe3\x81\xa4\xe3\x81\xa6\xe3\x81\x8d",   5239, 1 },
    { "\xe3\x81\xa1\xe3\x82\x87\xe3\x81\x8f\xe3\x81\x9b\xe3\x82\x93",   5240, 1 },
    { "\xe3\x81\xa1\xe3\x82\x87\xe3\x81\x8f\xe3\x81\x9c\xe3\x82\x93",   5241, 1 },
    { "\xe3\x81\xa1\xe3\x82\x87\xe3\x81\x8f\xe3\x81\xa4\xe3\x81\x86",   5242, 1 },
    { "\xe3\x81\xa1\xe3\x82\x87\xe3\x81\x8f\xe3\x82\x81\xe3\x82\x93",   5243, 1 },
    { "\xe3\x81\xa1\xe3\x82\x87\xe3\x81\x8f\xe3\x82\x8c\xe3\x81\xa4",   5244, 1 },
    { "\xe3\x81\xa1\xe3\x82\x87\xe3\x81\x8f\xe3\x82\x8f",   5245, 1 },
    { "\xe3\x81\xa1\xe3\x82\x87\xe3\x81\x95\xe3\x81\x8f",   5246, 1 },
    { "\xe3\x81\xa1\xe3\x82\x87\xe3\x81\x95\xe3\x81\x8f\xe3\x81\x91\xe3\x82\x93",   5247, 1 },
    { "\xe3\x81\xa1\xe3\x82\x87\xe3\x81\x95\xe3\x81\x8f\xe3\x81\x91\xe3\x82\x93\xe3\x81\xbb\xe3\x81\x86",   5248, 1 },
    { "\xe3\x81\xa1\xe3\x82\x87\xe3\x81\x95\xe3\x81\x8f\xe3\x81\x97\xe3\x82\x83",   5249, 1 },
    { "\xe3\x81\xa1\xe3\x82\x87\xe3\x81\x95\xe3\x81\x8f\xe3\x81\xb6\xe3\x81\xa4",   5250, 1 },
    { "\xe3\x81\xa1\xe3\x82\x87\xe3\x81\x97\xe3\x82\x83",   5251, 1 },
    { "\xe3\x81\xa1\xe3\x82\x87\xe3\x81\x97\xe3\x82\x83\xe3\x82\x81\xe3\x81\x84",   5252, 1 },
    { "\xe3\x81\xa1\xe3\x82\x87\xe3\x81\x97\xe3\x82\x87",   5253, 1 },
    { "\xe3\x81\xa1\xe3\x82\x87\xe3\x81\x99\xe3\x81\x84",   5254, 1 },
    { "\xe3\x81\xa1\xe3\x82\x87\xe3\x81\x99\xe3\x81\x84\xe3\x82\x8a\xe3\x82\x87\xe3\x81\x86",   5255, 1 },
    { "\xe3\x81\xa1\xe3\x82\x87\xe3\x81\xa1\xe3\x81\x8f",   5256, 1 },
    { "\xe3\x81\xa1\xe3\x82\x87\xe3\x81\xa3\xe3\x81\x8b\xe3\x82\x93",   5257, 2 },
    { "\xe3\x81\xa1\xe3\x82\x87\xe3\x81\xa3\xe3\x81\x91\xe3\x81\xa4",   5259, 1 },
    { "\xe3\x81\xa1\xe3\x82\x87\xe3\x81\xa3\xe3\x81\x93\xe3\x81\x86",   5260, 1 },
    { "\xe3\x81\xa1\xe3\x82\x87\xe3\x81\xa3\xe3\x81\x93\xe3\x81\x86\xe3\x81\x9b\xe3\x81\x84",   5261, 1 },
    { "\xe3\x81\xa1\xe3\x82\x87\xe3\x82\x81\xe3\x81\x84",   5262, 1 },
    { "\xe3\x81\xa1\xe3\x82\x88\xe3\x81\xa0",   5263, 1 },
    { "\xe3\x81\xa1\xe3\x82\x88\xe3\x81\xa0\xe3\x81\x8f",   5264, 1 },
    { "\xe3\x81\xa1\xe3\x82\x8a",   5265, 1 },
    { "\xe3\x81\xa1\xe3\x82\x93",   5266, 7 },
    { "\xe3\x81\xa1\xe3\x82\x93\xe3\x81\x8e\xe3\x82\x93",   5273, 1 },
    { "\xe3\x81\xa2\xe3\x82\x81\xe3\x82\x93",   5274, 1 },
    { "\xe3\x81\xa4",   5275, 3 },
    { "\xe3\x81\xa4\xe3\x81\x84",   5278, 6 },
    { "\xe3\x81\xa4\xe3\x81\x84\xe3\x81\x8b",   5284, 1 },
    { "\xe3\x81\xa4\xe3\x81\x84\xe3\x81\x8d\xe3\x82\x85\xe3\x81\x86",   5285, 2 },
    { "\xe3\x81\xa4\xe3\x81\x84\xe3\x81\x97\xe3\x82\x93",   5287, 1 },
    { "\xe3\x81\xa4\xe3\x81\x84\xe3\x81\x9f\xe3\x81\xa1",   5288, 1 },
    { "\xe3\x81\xa4\xe3\x81\x84\xe3\x81\xb3",   5289, 1 },
    { "\xe3\x81\xa4\xe3\x81\x84\xe3\x81\xb3\xe3\x81\x9d\xe3\x81\x86\xe3\x81\xa1",   5290, 1 },
    { "\xe3\x81\xa4\xe3\x81\x86",   5291, 2 },
    { "\xe3\x81\xa4\xe3\x81\x86\xe3\x81\x86\xe3\x82\x93",   5293, 1 },
    { "\xe3\x81\xa4\xe3\x81\x86\xe3\x81\x8b",   5294, 1 },
    { "\xe3\x81\xa4\xe3\x81\x86\xe3\x81\x8b\xe3\x81\x84",   5295, 1 },
    { "\xe3\x81\xa4\xe3\x81\x86\xe3\x81\x8c\xe3\x81\x8f",   5296, 1 },
    { "\xe3\x81\xa4\xe3\x81\x86\xe3\x81\x8d\xe3\x82\x93",   5297, 1 },
    { "\xe3\x81\xa4\xe3\x81\x86\xe3\x81\x91\xe3\x82\x93",   5298, 1 },
    { "\xe3\x81\xa4\xe3\x81\x86\xe3\x81\x95\xe3\x82\x93",   5299, 1 },
    { "\xe3\x81\xa4\xe3\x81\x86\xe3\x81\x97\xe3\x82\x87\xe3\x81\x86",   5300, 1 },
    { "\xe3\x81\xa4\xe3\x81\x86\xe3\x81\x97\xe3\x82\x93",   5301, 1 },
    { "\xe3\x81\xa4\xe3\x81\x86\xe3\x81\x97\xe3\x82\x93\xe3\x81\xbb\xe3\x81\x86\xe3\x81\x97\xe3\x81\x8d",   5302, 1 },
    { "\xe3\x81\xa4\xe3\x81\x86\xe3\x81\x98\xe3\x82\x87\xe3\x81\x86",   5303, 1 },
    { "\xe3\x81\xa4\xe3\x81\x86\xe3\x81\xa1",   5304, 1 },
    { "\xe3\x81\xa4\xe3\x81\x86\xe3\x81\xbb\xe3\x81\x86",   5305, 1 },
    { "\xe3\x81\xa4\xe3\x81\x86\xe3\x82\x84\xe3\x81\x8f",   5306, 1 },
    { "\xe3\x81\xa4\xe3\x81\x86\xe3\x82\x88\xe3\x81\x86",   5307, 2 },
    { "\xe3\x81\xa4\xe3\x81\x8b",   5309, 1 },
    { "\xe3\x81\xa4\xe3\x81\x8b\xe3\x81\x84\xe3\x81\x8b\xe3\x81\x9f",   5310, 1 },
    { "\xe3\x81\xa4\xe3\x81\x8b\xe3\x81\x84\xe3\x81\x8c\xe3\x81\xa3\xe3\x81\xa6",   5311, 1 },
    { "\xe3\x81\xa4\xe3\x81\x8b\xe3\x82\x82\xe3\x81\xa8",   5312, 1 },
    { "\xe3\x81\xa4\xe3\x81\x8c",   5313, 1 },
    { "\xe3\x81\xa4\xe3\x81\x8d",   5314, 4 },
    { "\xe3\x81\xa4\xe3\x81\x8d\xe3\x81\x98",   5318, 1 },
    { "\xe3\x81\xa4\xe3\x81\x8e",   5319, 1 },
    { "\xe3\x81\xa4\xe3\x81\x8e\xe3\x81\xa4\xe3\x81\x8e",   5320, 1 },
    { "\xe3\x81\xa4\xe3\x81\x8f",   5321, 1 },
    { "\xe3\x81\xa4\xe3\x81\x8f\xe3\x81\x88",   5322, 1 },
    { "\xe3\x81\xa4\xe3\x81\x8f\xe3\x81\xa0",   5323, 1 },
    { "\xe3\x81\xa4\xe3\x81\x8f\xe3\x81\xb0",   5324, 1 },
    { "\xe3\x81\xa4\xe3\x81\x8f\xe3\x81\xb0\xe3\x81\xa0\xe3\x81\x84",   5325, 1 },
    { "\xe3\x81\xa4\xe3\x81\x8f\xe3\x81\xb0\xe3\x81\xa0\xe3\x81\x84\xe3\x81\x8c\xe3\x81\x8f",   5326, 1 },
    { "\xe3\x81\xa4\xe3\x81\x8f\xe3\x82\x8a\xe3\x81\x8b\xe3\x81\x9f",   5327, 1 },
    { "\xe3\x81\xa4\xe3\x81\x8f\xe3\x82\x8a\xe3\x81\xa6",   5328, 1 },
    { "\xe3\x81\xa4\xe3\x81\x91\xe3\x81\x8b\xe3\x81\x9f",   5329, 1 },
    { "\xe3\x81\xa4\xe3\x81\x92",   5330, 2 },
    { "\xe3\x81\xa4\xe3\x81\x94\xe3\x81\x86",   5332, 1 },
    { "\xe3\x81\xa4\xe3\x81\x97\xe3\x81\xbe",   5333, 1 },
    { "\xe3\x81\xa4\xe3\x81\x98",   5334, 1 },
    { "\xe3\x81\xa4\xe3\x81\x98\xe3\x81\x84",   5335, 1 },
    { "\xe3\x81\xa4\xe3\x81\x9f",   5336, 1 },
    { "\xe3\x81\xa4\xe3\x81\xa0",   5337, 1 },
    { "\xe3\x81\xa4\xe3\x81\xa0\xe3\x81\x98\xe3\x82\x85\xe3\x81\x8f",   5338, 1 },
    { "\xe3\x81\xa4\xe3\x81\xa0\xe3\x81\xac\xe3\x81\xbe",   5339, 1 },
    { "\xe3\x81\xa4\xe3\x81\xa1",   5340, 1 },
    { "\xe3\x81\xa4\xe3\x81\xa1\xe3\x81\x86\xe3\x82\x89",   5341, 1 },
    { "\xe3\x81\xa4\xe3\x81\xa1\xe3\x82\x84",   5342, 1 },
    { "\xe3\x81\xa4\xe3\x81\xa4",   5343, 2 },
    { "\xe3\x81\xa4\xe3\x81\xa4\xe3\x81\xbf",   5345, 1 },
    { "\xe3\x81\xa4\xe3\x81\xa5\xe3\x81\xbf",   5346, 1 },
    { "\xe3\x81\xa4\xe3\x81\xa8\xe3\x82\x80",   5347, 2 },
    { "\xe3\x81\xa4\xe3\x81\xa9",   5349, 1 },
    { "\xe3\x81\xa4\xe3\x81\xa9\xe3\x81\x84",   5350, 1 },
    { "\xe3\x81\xa4\xe3\x81\xaa",   5351, 1 },
    { "\xe3\x81\xa4\xe3\x81\xad",   5352, 1 },
    { "\xe3\x81\xa4\xe3\x81\xad\xe3\x81\x98",   5353, 1 },
    { "\xe3\x81\xa4\xe3\x81\xae",   5354, 1 },
    { "\xe3\x81\xa4\xe3\x81\xb0",   5355, 1 },
    { "\xe3\x81\xa4\xe3\x81\xb0\xe3\x81\x8d",   5356, 1 },
    { "\xe3\x81\xa4\xe3\x81\xb0\xe3\x81\x95",   5357, 1 },
    { "\xe3\x81\xa4\xe3\x81\xb6",   5358, 1 },
    { "\xe3\x81\xa4\xe3\x81\xbc",   5359, 2 },
    { "\xe3\x81\xa4\xe3\x81\xbe",   5361, 2 },
    { "\xe3\x81\xa4\xe3\x81\xbf",   5363, 1 },
    { "\xe3\x81\xa4\xe3\x81\xbf\xe3\x81\x8d",   5364, 1 },
    { "\xe3\x81\xa4\xe3\x81\xbf\xe3\x81\x9f\xe3\x81\xa6",   5365, 1 },
    { "\xe3\x81\xa4\xe3\x82\x80",   5366, 1 },
    { "\xe3\x81\xa4\xe3\x82\x80\xe3\x81\x8e",   5367, 1 },
    { "\xe3\x81\xa4\xe3\x82\x80\xe3\x81\x98\xe3\x81\x8b\xe3\x81\x9c",   5368, 1 },
    { "\xe3\x81\xa4\xe3\x82\x81",   5369, 2 },
    { "\xe3\x81\xa4\xe3\x82\x86",   5371, 2 },
    { "\xe3\x81\xa4\xe3\x82\x88\xe3\x81\x8d",   5373, 1 },
    { "\xe3\x81\xa4\xe3\x82\x89",   5374, 1 },
    { "\xe3\x81\xa4\xe3\x82\x8a",   5375, 2 },
    { "\xe3\x81\xa4\xe3\x82\x8b",   5377, 3 },
    { "\xe3\x81\xa4\xe3\x82\x8b\xe3\x81\x8e",   5380, 1 },
    { "\xe3\x81\xa5\xe3\x81\x91",   5381, 1 },
    { "\xe3\x81\xa5\xe3\x82\x81",   5382, 1 },
    { "\xe3\x81\xa6",   5383, 1 },
    { "\xe3\x81\xa6\xe3\x81\x84",   5384, 8 },
    { "\xe3\x81\xa6\xe3\x81\x84\xe3\x81\x82\xe3\x82\x93",   5392, 1 },
    { "\xe3\x81\xa6\xe3\x81\x84\xe3\x81\x84\xe3\x82\x93",   5393, 1 },
    { "\xe3\x81\xa6\xe3\x81\x84\xe3\x81\x8a\xe3\x82\x93",   5394, 1 },
    { "\xe3\x81\xa6\xe3\x81\x84\xe3\x81\x8b",   5395, 2 },
    { "\xe3\x81\xa6\xe3\x81\x84\xe3\x81\x8d",   5397, 2 },
    { "\xe3\x81\xa6\xe3\x81\x84\xe3\x81\x8d\xe3\x82\x87\xe3\x81\x86",   5399, 1 },
    { "\xe3\x81\xa6\xe3\x81\x84\xe3\x81\x8e",   5400, 1 },
    { "\xe3\x81\xa6\xe3\x81\x84\xe3\x81\x8e\xe3\x81\x84\xe3\x81\x8d",   5401, 1 },
    { "\xe3\x81\xa6\xe3\x81\x84\xe3\x81\x91\xe3\x81\x84",   5402, 1 },
    { "\xe3\x81\xa6\xe3\x81\x84\xe3\x81\x92\xe3\x82\x93",   5403, 1 },
    { "\xe3\x81\xa6\xe3\x81\x84\xe3\x81\x93\xe3\x81\x8f",   5404, 1 },
    { "\xe3\x81\xa6\xe3\x81\x84\xe3\x81\x97",   5405, 1 },
    { "\xe3\x81\xa6\xe3\x81\x84\xe3\x81\x97\xe3\x81\x8d",   5406, 1 },
    { "\xe3\x81\xa6\xe3\x81\x84\xe3\x81\x97\xe3\x81\x8d\xe3\x81\x8b",   5407, 1 },
    { "\xe3\x81\xa6\xe3\x81\x84\xe3\x81\x97\xe3\x81\x9b\xe3\x81\x84",   5408, 1 },
    { "\xe3\x81\xa6\xe3\x81\x84\xe3\x81\x97\xe3\x82\x85\xe3\x81\xa4",   5409, 1 },
    { "\xe3\x81\xa6\xe3\x81\x84\xe3\x81\x97\xe3\x82\x87\xe3\x81\x86",   5410, 1 },
    { "\xe3\x81\xa6\xe3\x81\x84\xe3\x81\x98",   5411, 2 },
    { "\xe3\x81\xa6\xe3\x81\x84\xe3\x81\x99\xe3\x81\x86",   5413, 1 },
    { "\xe3\x81\xa6\xe3\x81\x84\xe3\x81\x9b\xe3\x81\x84",   5414, 2 },
    { "\xe3\x81\xa6\xe3\x81\x84\xe3\x81\x9b\xe3\x81\x84\xe3\x81\xa6\xe3\x81\x8d",   5416, 1 },
    { "\xe3\x81\xa6\xe3\x81\x84\xe3\x81\x9d\xe3\x81\x8f",   5417, 1 },
    { "\xe3\x81\xa6\xe3\x81\x84\xe3\x81\xa7\xe3\x82\x93",   5418, 1 },
    { "\xe3\x81\xa6\xe3\x81\x84\xe3\x81\xa9",   5419, 1 },
    { "\xe3\x81\xa6\xe3\x81\x84\xe3\x81\xad\xe3\x81\x84",   5420, 1 },
    { "\xe3\x81\xa6\xe3\x81\x84\xe3\x82\x8a",   5421, 1 },
    { "\xe3\x81\xa6\xe3\x81\x84\xe3\x82\x8a\xe3\x81\xa4",   5422, 1 },
    { "\xe3\x81\xa6\xe3\x81\x84\xe3\x82\x8a\xe3\x82\x87\xe3\x81\x86",   5423, 1 },
    { "\xe3\x81\xa6\xe3\x81\x84\xe3\x82\x8c\xe3\x81\x84",   5424, 1 },
    { "\xe3\x81\xa6\xe3\x81\x8b\xe3\x81\x9a",   5425, 1 },
    { "\xe3\x81\xa6\xe3\x81\x8c\xe3\x81\xbf",   5426, 1 },
    { "\xe3\x81\xa6\xe3\x81\x8c\xe3\x82\x8b",   5427, 1 },
    { "\xe3\x81\xa6\xe3\x81\x8d",   5428, 8 },
    { "\xe3\x81\xa6\xe3\x81\x8d\xe3\x81\x8a\xe3\x81\x86",   5436, 1 },
    { "\xe3\x81\xa6\xe3\x81\x8d\xe3\x81\x8b\xe3\x81\x8f",   5437, 2 },
    { "\xe3\x81\xa6\xe3\x81\x8d\xe3\x81\x8b\xe3\x82\x93",   5439, 1 },
    { "\xe3\x81\xa6\xe3\x81\x8d\xe3\x81\x8e",   5440, 1 },
    { "\xe3\x81\xa6\xe3\x81\x8d\xe3\x81\x94\xe3\x81\x86",   5441, 1 },
    { "\xe3\x81\xa6\xe3\x81\x8d\xe3\x81\x9b\xe3\x81\xa4",   5442, 1 },
    { "\xe3\x81\xa6\xe3\x81\x8d\xe3\x81\xa8\xe3\x81\x86",   5443, 1 },
    { "\xe3\x81\xa6\xe3\x81\x8d\xe3\x81\xa9",   5444, 1 },
    { "\xe3\x81\xa6\xe3\x81\x8d\xe3\x81\xab\xe3\x82\x93",   5445, 1 },
    { "\xe3\x81\xa6\xe3\x81\x8d\xe3\x82\x88\xe3\x81\x86",   5446, 1 },
    { "\xe3\x81\xa6\xe3\x81\x8e\xe3\x82\x8f",   5447, 1 },
    { "\xe3\x81\xa6\xe3\x81\x8f\xe3\x81\xb3",   5448, 1 },
    { "\xe3\x81\xa6\xe3\x81\x94\xe3\x82\x8d",   5449, 1 },
    { "\xe3\x81\xa6\xe3\x81\x95\xe3\x81\x8e\xe3\x82\x87\xe3\x81\x86",   5450, 1 },
    { "\xe3\x81\xa6\xe3\x81\x98\xe3\x82\x85\xe3\x82\x93",   5451, 1 },
    { "\xe3\x81\xa6\xe3\x81\x99\xe3\x81\x86",   5452, 1 },
    { "\xe3\x81\xa6\xe3\x81\x99\xe3\x81\x86\xe3\x82\x8a\xe3\x82\x87\xe3\x81\x86",   5453, 1 },
    { "\xe3\x81\xa6\xe3\x81\xa1\xe3\x82\x87\xe3\x81\x86",   5454, 1 },
    { "\xe3\x81\xa6\xe3\x81\xa3\xe3\x81\x93\xe3\x81\xa4",   5455, 1 },
    { "\xe3\x81\xa6\xe3\x81\xa3\xe3\x81\xa6\xe3\x81\x84",   5456, 1 },
    { "\xe3\x81\xa6\xe3\x81\xa4",   5457, 7 },
    { "\xe3\x81\xa6\xe3\x81\xa4\xe3\x81\x8a",   5464, 1 },
    { "\xe3\x81\xa6\xe3\x81\xa4\xe3\x81\x8c\xe3\x81\x8f",   5465, 1 },
    { "\xe3\x81\xa6\xe3\x81\xa4\xe3\x81\x8c\xe3\x81\x8f\xe3\x81\x97\xe3\x82\x83",   5466, 1 },
    { "\xe3\x81\xa6\xe3\x81\xa4\xe3\x81\xa9\xe3\x81\x86",   5467, 1 },
    { "\xe3\x81\xa6\xe3\x81\xa4\xe3\x82\x84",   5468, 2 },
    { "\xe3\x81\xa6\xe3\x81\xaf\xe3\x81\x84",   5470, 1 },
    { "\xe3\x81\xa6\xe3\x81\xb3\xe3\x81\x8d",   5471, 1 },
    { "\xe3\x81\xa6\xe3\x81\xb5\xe3\x81\xa0",   5472, 1 },
    { "\xe3\x81\xa6\xe3\x81\xbb\xe3\x82\x93",   5473, 1 },
    { "\xe3\x81\xa6\xe3\x81\xbe",   5474, 1 },
    { "\xe3\x81\xa6\xe3\x81\xbe\xe3\x81\x88",   5475, 1 },
    { "\xe3\x81\xa6\xe3\x82\x82\xe3\x81\xa8",   5476, 1 },
    { "\xe3\x81\xa6\xe3\x82\x89",   5477, 1 },
    { "\xe3\x81\xa6\xe3\x82\x89\xe3\x81\x97\xe3\x81\x9f",   5478, 1 },
    { "\xe3\x81\xa6\xe3\x82\x8b",   5479, 2 },
    { "\xe3\x81\xa6\xe3\x82\x8b\xe3\x81\x84",   5481, 1 },
    { "\xe3\x81\xa6\xe3\x82\x8b\xe3\x81\x8a",   5482, 1 },
    { "\xe3\x81\xa6\xe3\x82\x8c\xe3\x82\x84",   5483, 1 },
    { "\xe3\x81\xa6\xe3\x82\x93",   5484, 8 },
    { "\xe3\x81\xa6\xe3\x82\x93\xe3\x81\x84",   5492, 1 },
    { "\xe3\x81\xa6\xe3\x82\x93\xe3\x81\x84\xe3\x82\x93",   5493, 1 },
    { "\xe3\x81\xa6\xe3\x82\x93\xe3\x81\x8b",   5494, 3 },
    { "\xe3\x81\xa6\xe3\x82\x93\xe3\x81\x8b\xe3\x81\x84",   5497, 1 },
    { "\xe3\x81\xa6\xe3\x82\x93\xe3\x81\x8b\xe3\x82\x93",   5498, 1 },
    { "\xe3\x81\xa6\xe3\x82\x93\xe3\x81\x8d",   5499, 1 },
    { "\xe3\x81\xa6\xe3\x82\x93\xe3\x81\x8d\xe3\x82\x93",   5500, 1 },
    { "\xe3\x81\xa6\xe3\x82\x93\xe3\x81\x8f\xe3\x81\x86",   5501, 1 },
    { "\xe3\x81\xa6\xe3\x82\x93\xe3\x81\x91\xe3\x81\x84\xe3\x81\xa6\xe3\x81\x8d",   5502, 1 },
    { "\xe3\x81\xa6\xe3\x82\x93\xe3\x81\x91\xe3\x81\xa4\xe3\x81\x94\xe3\x81\x86",   5503, 1 },
    { "\xe3\x81\xa6\xe3\x82\x93\xe3\x81\x91\xe3\x82\x93",   5504, 1 },
    { "\xe3\x81\xa6\xe3\x82\x93\xe3\x81\x93\xe3\x81\x86",   5505, 2 },
    { "\xe3\x81\xa6\xe3\x82\x93\xe3\x81\x93\xe3\x81\x86\xe3\x81\x9b\xe3\x81\x84",   5507, 1 },
    { "\xe3\x81\xa6\xe3\x82\x93\xe3\x81\x94\xe3\x81\x8f",   5508, 1 },
    { "\xe3\x81\xa6\xe3\x82\x93\xe3\x81\x95\xe3\x81\x84",   5509, 2 },
    { "\xe3\x81\xa6\xe3\x82\x93\xe3\x81\x95\xe3\x81\x8f",   5511, 1 },
    { "\xe3\x81\xa6\xe3\x82\x93\xe3\x81\x97",   5512, 1 },
    { "\xe3\x81\xa6\xe3\x82\x93\xe3\x81\x97\xe3\x82\x85\xe3\x81\x86\xe3\x81\x94\xe3\x81\x86",   5513, 1 },
    { "\xe3\x81\xa6\xe3\x82\x93\xe3\x81\x97\xe3\x82\x85\xe3\x81\xa4",   5514, 1 },
    { "\xe3\x81\xa6\xe3\x82\x93\xe3\x81\x97\xe3\x82\x85\xe3\x81\xa4\xe3\x81\x93\xe3\x81\x86",   5515, 1 },
    { "\xe3\x81\xa6\xe3\x82\x93\xe3\x81\x98",   5516, 1 },
    { "\xe3\x81\xa6\xe3\x82\x93\xe3\x81\x98\xe3\x82\x93",   5517, 1 },
    { "\xe3\x81\xa6\xe3\x82\x93\xe3\x81\x9d\xe3\x81\x86",   5518, 1 },
    { "\xe3\x81\xa6\xe3\x82\x93\xe3\x81\xa4\xe3\x81\x84",   5519, 1 },
    { "\xe3\x81\xa6\xe3\x82\x93\xe3\x81\xa6\xe3\x82\x93",   5520, 4 },
    { "\xe3\x81\xa6\xe3\x82\x93\xe3\x81\xa8\xe3\x81\x86",   5524, 3 },
    { "\xe3\x81\xa6\xe3\x82\x93\xe3\x81\xab\xe3\x82\x85\xe3\x81\x86",   5527, 1 },
    { "\xe3\x81\xa6\xe3\x82\x93\xe3\x81\xab\xe3\x82\x85\xe3\x81\x86\xe3\x81\x9b\xe3\x81\x84",   5528, 1 },
    { "\xe3\x81\xa6\xe3\x82\x93\xe3\x81\xab\xe3\x82\x93",   5529, 1 },
    { "\xe3\x81\xa6\xe3\x82\x93\xe3\x81\xad\xe3\x82\x93",   5530, 1 },
    { "\xe3\x81\xa6\xe3\x82\x93\xe3\x81\xae\xe3\x81\x86",   5531, 1 },
    { "\xe3\x81\xa6\xe3\x82\x93\xe3\x81\xae\xe3\x81\x86\xe3\x81\xa0\xe3\x81\x84",   5532, 1 },
    { "\xe3\x81\xa6\xe3\x82\x93\xe3\x81\xb1\xe3\x82\x93",   5533, 1 },
    { "\xe3\x81\xa6\xe3\x82\x93\xe3\x81\xb7",   5534, 1 },
    { "\xe3\x81\xa6\xe3\x82\x93\xe3\x81\xbc\xe3\x81\x86",   5535, 1 },
    { "\xe3\x81\xa6\xe3\x82\x93\xe3\x82\x82\xe3\x82\x93",   5536, 1 },
    { "\xe3\x81\xa6\xe3\x82\x93\xe3\x82\x8a",   5537, 1 },
    { "\xe3\x81\xa6\xe3\x82\x93\xe3\x82\x8c\xe3\x81\xa4",   5538, 1 },
    { "\xe3\x81\xa6\xe3\x82\x93\xe3\x82\x8c\xe3\x82\x93\xe3\x81\x91\xe3\x81\xa4",   5539, 1 },
    { "\xe3\x81\xa7",   5540, 2 },
    { "\xe3\x81\xa7\xe3\x81\x84",   5542, 1 },
    { "\xe3\x81\xa7\xe3\x81\x84\xe3\x82\x8a\xe3\x81\x90\xe3\x81\xa1",   5543, 1 },
    { "\xe3\x81\xa7\xe3\x81\x8d",   5544, 2 },
    { "\xe3\x81\xa7\xe3\x81\x8d\xe3\x81\x94\xe3\x81\xa8",   5546, 1 },
    { "\xe3\x81\xa7\xe3\x81\x90\xe3\x81\xa1",   5547, 1 },
    { "\xe3\x81\xa7\xe3\x81\x93\xe3\x81\xbc\xe3\x81\x93",   5548, 1 },
    { "\xe3\x81\xa7\xe3\x81\x97",   5549, 1 },
    { "\xe3\x81\xa7\xe3\x81\xb0\xe3\x82\x93",   5550, 1 },
    { "\xe3\x81\xa7\xe3\x82\x93",   5551, 5 },
    { "\xe3\x81\xa7\xe3\x82\x93\xe3\x81\x88\xe3\x82\x93\xe3\x81\xa8\xe3\x81\x97\xe3\x81\x9b\xe3\x82\x93",   5556, 1 },
    { "\xe3\x81\xa7\xe3\x82\x93\xe3\x81\x8b",   5557, 2 },
    { "\xe3\x81\xa7\xe3\x82\x93\xe3\x81\x8b\xe3\x81\x9b\xe3\x81\x84\xe3\x81\xb2\xe3\x82\x93",   5559, 1 },
    { "\xe3\x81\xa7\xe3\x82\x93\xe3\x81\x8d",   5560, 4 },
    { "\xe3\x81\xa7\xe3\x82\x93\xe3\x81\x8d\xe3\x81\x91\xe3\x81\x84",   5564, 1 },
    { "\xe3\x81\xa7\xe3\x82\x93\xe3\x81\x8d\xe3\x81\x93\xe3\x81\x86\xe3\x81\x8c\xe3\x81\x8f",   5565, 1 },
    { "\xe3\x81\xa7\xe3\x82\x93\xe3\x81\x8d\xe3\x81\x93\xe3\x81\x86\xe3\x81\x8c\xe3\x81\x8f\xe3\x81\x8b",   5566, 1 },
    { "\xe3\x81\xa7\xe3\x82\x93\xe3\x81\x8d\xe3\x81\x93\xe3\x81\x86\xe3\x81\x8c\xe3\x81\xa3\xe3\x81\x8b",   5567, 1 },
    { "\xe3\x81\xa7\xe3\x82\x93\xe3\x81\x92\xe3\x82\x93",   5568, 1 },
    { "\xe3\x81\xa7\xe3\x82\x93\xe3\x81\x94\xe3\x82\x93",   5569, 1 },
    { "\xe3\x81\xa7\xe3\x82\x93\xe3\x81\x94\xe3\x82\x93\xe3\x81\xb0\xe3\x82\x93",   5570, 1 },
    { "\xe3\x81\xa7\xe3\x82\x93\xe3\x81\x95\xe3\x82\x93",   5571, 1 },
    { "\xe3\x81\xa7\xe3\x82\x93\xe3\x81\x95\xe3\x82\x93\xe3\x81\x8d",   5572, 1 },
    { "\xe3\x81\xa7\xe3\x82\x93\xe3\x81\x97",   5573, 1 },
    { "\xe3\x81\xa7\xe3\x82\x93\xe3\x81\x97\xe3\x81\x91\xe3\x81\x84\xe3\x81\x95\xe3\x82\x93",   5574, 1 },
    { "\xe3\x81\xa7\xe3\x82\x93\xe3\x81\x97\xe3\x81\x93\xe3\x81\x86\xe3\x81\x8c\xe3\x81\xa3\xe3\x81\x8b",   5575, 1 },
    { "\xe3\x81\xa7\xe3\x82\x93\xe3\x81\x97\xe3\x81\xb6\xe3\x81\xa4\xe3\x82\x8a",   5576, 1 },
    { "\xe3\x81\xa7\xe3\x82\x93\xe3\x81\x97\xe3\x82\x83",   5577, 1 },
    { "\xe3\x81\xa7\xe3\x82\x93\xe3\x81\x97\xe3\x82\x87\xe3\x81\x8f",   5578, 1 },
    { "\xe3\x81\xa7\xe3\x82\x93\xe3\x81\x97\xe3\x82\x93",   5579, 1 },
    { "\xe3\x81\xa7\xe3\x82\x93\xe3\x81\x97\xe3\x82\x93\xe3\x81\xa7\xe3\x82\x93\xe3\x82\x8f",   5580, 1 },
    { "\xe3\x81\xa7\xe3\x82\x93\xe3\x81\x9d\xe3\x81\x86",   5581, 2 },
    { "\xe3\x81\xa7\xe3\x82\x93\xe3\x81\x9d\xe3\x81\x86\xe3\x81\x91\xe3\x82\x93",   5583, 1 },
    { "\xe3\x81\xa7\xe3\x82\x93\xe3\x81\x9f\xe3\x81\x8f",   5584, 1 },
    { "\xe3\x81\xa7\xe3\x82\x93\xe3\x81\x9f\xe3\x81\xa4",   5585, 1 },
    { "\xe3\x81\xa7\xe3\x82\x93\xe3\x81\xa4\xe3\x81\x86",   5586, 1 },
    { "\xe3\x81\xa7\xe3\x82\x93\xe3\x81\xa4\xe3\x81\x86\xe3\x81\xa0\xe3\x81\x84",   5587, 1 },
    { "\xe3\x81\xa7\xe3\x82\x93\xe3\x81\xa8\xe3\x81\x86",   5588, 1 },
    { "\xe3\x81\xa7\xe3\x82\x93\xe3\x81\xb1",   5589, 1 },
    { "\xe3\x81\xa7\xe3\x82\x93\xe3\x81\xb1\xe3\x81\x91\xe3\x82\x93",   5590, 1 },
    { "\xe3\x81\xa7\xe3\x82\x93\xe3\x81\xb4\xe3\x82\x87\xe3\x81\x86",   5591, 1 },
    { "\xe3\x81\xa7\xe3\x82\x93\xe3\x81\xbe\xe3\x81\xa1\xe3\x82\x87\xe3\x81\x86",   5592, 1 },
    { "\xe3\x81\xa7\xe3\x82\x93\xe3\x82\x8a\xe3\x82\x85\xe3\x81\x86",   5593, 1 },
    { "\xe3\x81\xa7\xe3\x82\x93\xe3\x82\x8a\xe3\x82\x87\xe3\x81\x8f",   5594, 1 },
    { "\xe3\x81\xa7\xe3\x82\x93\xe3\x82\x8f",   5595, 1 },
    { "\xe3\x81\xa7\xe3\x82\x93\xe3\x82\x8f\xe3\x81\xa0\xe3\x81\x84",   5596, 1 },
    { "\xe3\x81\xa7\xe3\x82\x93\xe3\x82\x8f\xe3\x81\xb0\xe3\x82\x93\xe3\x81\x94\xe3\x81\x86",   5597, 1 },
    { "\xe3\x81\xa8",   5598, 8 },
    { "\xe3\x81\xa8\xe3\x81\x84",   5606, 1 },
    { "\xe3\x81\xa8\xe3\x81\x86",   5607, 8 },
    { "\xe3\x81\xa8\xe3\x81\x86\xe3\x81\x84\xe3\x81\xa4",   5615, 1 },
    { "\xe3\x81\xa8\xe3\x81\x86\xe3\x81\x84\xe3\x81\xa4\xe3\x81\x8b",   5616, 1 },
    { "\xe3\x81\xa8\xe3\x81\x86\xe3\x81\x88\xe3\x81\x84",   5617, 1 },
    { "\xe3\x81\xa8\xe3\x81\x86\xe3\x81\x8b",   5618, 1 },
    { "\xe3\x81\xa8\xe3\x81\x86\xe3\x81\x8b\xe3\x81\x84",   5619, 1 },
    { "\xe3\x81\xa8\xe3\x81\x86\xe3\x81\x8b\xe3\x81\x84\xe3\x81\xa9\xe3\x81\x86",   5620, 1 },
    { "\xe3\x81\xa8\xe3\x81\x86\xe3\x81\x8b\xe3\x81\xa4",   5621, 1 },
    { "\xe3\x81\xa8\xe3\x81\x86\xe3\x81\x8b\xe3\x82\x93\xe3\x81\x8b\xe3\x81\x8f",   5622, 1 },
    { "\xe3\x81\xa8\xe3\x81\x86\xe3\x81\x8c\xe3\x81\x84",   5623, 1 },
    { "\xe3\x81\xa8\xe3\x81\x86\xe3\x81\x8d",   5624, 2 },
    { "\xe3\x81\xa8\xe3\x81\x86\xe3\x81\x8d\xe3\x82\x85\xe3\x81\x86",   5626, 1 },
    { "\xe3\x81\xa8\xe3\x81\x86\xe3\x81\x8d\xe3\x82\x87\xe3\x81\x86",   5627, 1 },
    { "\xe3\x81\xa8\xe3\x81\x86\xe3\x81\x8d\xe3\x82\x87\xe3\x81\x86\xe3\x81\xa8",   5628, 1 },
    { "\xe3\x81\xa8\xe3\x81\x86\xe3\x81\x91\xe3\x81\x84",   5629, 1 },
    { "\xe3\x81\xa8\xe3\x81\x86\xe3\x81\x91\xe3\x81\x84\xe3\x81\xa6\xe3\x81\x8d",   5630, 1 },
    { "\xe3\x81\xa8\xe3\x81\x86\xe3\x81\x92",   5631, 1 },
    { "\xe3\x81\xa8\xe3\x81\x86\xe3\x81\x93\xe3\x81\x86",   5632, 2 },
    { "\xe3\x81\xa8\xe3\x81\x86\xe3\x81\x93\xe3\x81\x86\xe3\x81\x97\xe3\x82\x83",   5634, 1 },
    { "\xe3\x81\xa8\xe3\x81\x86\xe3\x81\x93\xe3\x81\x86\xe3\x81\x9b\xe3\x82\x93",   5635, 1 },
    { "\xe3\x81\xa8\xe3\x81\x86\xe3\x81\x93\xe3\x81\x86\xe3\x81\xa0\xe3\x81\x84",   5636, 1 },
    { "\xe3\x81\xa8\xe3\x81\x86\xe3\x81\x94\xe3\x81\x86",   5637, 2 },
    { "\xe3\x81\xa8\xe3\x81\x86\xe3\x81\x94\xe3\x81\x86\xe3\x81\x8b",   5639, 1 },
    { "\xe3\x81\xa8\xe3\x81\x86\xe3\x81\x95\xe3\x81\x84",   5640, 1 },
    { "\xe3\x81\xa8\xe3\x81\x86\xe3\x81\x95\xe3\x82\x93\xe3\x81\x95\xe3\x81\x84",   5641, 1 },
    { "\xe3\x81\xa8\xe3\x81\x86\xe3\x81\x96",   5642, 1 },
    { "\xe3\x81\xa8\xe3\x81\x86\xe3\x81\x96\xe3\x81\x84",   5643, 1 },
    { "\xe3\x81\xa8\xe3\x81\x86\xe3\x81\x97\xe3\x81\x8d",   5644, 1 },
    { "\xe3\x81\xa8\xe3\x81\x86\xe3\x81\x97\xe3\x81\xb0",   5645, 1 },
    { "\xe3\x81\xa8\xe3\x81\x86\xe3\x81\x97\xe3\x82\x83",   5646, 1 },
    { "\xe3\x81\xa8\xe3\x81\x86\xe3\x81\x97\xe3\x82\x87",   5647, 1 },
    { "\xe3\x81\xa8\xe3\x81\x86\xe3\x81\x97\xe3\x82\x87\xe3\x81\x86",   5648, 1 },
    { "\xe3\x81\xa8\xe3\x81\x86\xe3\x81\x98",   5649, 1 },
    { "\xe3\x81\xa8\xe3\x81\x86\xe3\x81\x98\xe3\x81\x97\xe3\x82\x83",   5650, 1 },
    { "\xe3\x81\xa8\xe3\x81\x86\xe3\x81\x98\xe3\x81\xa4",   5651, 1 },
    { "\xe3\x81\xa8\xe3\x81\x86\xe3\x81\x98\xe3\x82\x87\xe3\x81\x86",   5652, 1 },
    { "\xe3\x81\xa8\xe3\x81\x86\xe3\x81\x9c\xe3\x82\x93",   5653, 1 },
    { "\xe3\x81\xa8\xe3\x81\x86\xe3\x81\x9f\xe3\x81\xa4",   5654, 1 },
    { "\xe3\x81\xa8\xe3\x81\x86\xe3\x81\xa0\xe3\x81\x84",   5655, 1 },
    { "\xe3\x81\xa8\xe3\x81\x86\xe3\x81\xa1",   5656, 1 },
    { "\xe3\x81\xa8\xe3\x81\x86\xe3\x81\xa1\xe3\x82\x83\xe3\x81\x8f",   5657, 1 },
    { "\xe3\x81\xa8\xe3\x81\x86\xe3\x81\xa1\xe3\x82\x87\xe3\x81\x86",   5658, 1 },
    { "\xe3\x81\xa8\xe3\x81\x86\xe3\x81\xab\xe3\x82\x93",   5659, 1 },
    { "\xe3\x81\xa8\xe3\x81\x86\xe3\x81\xb0\xe3\x82\x93",   5660, 1 },
    { "\xe3\x81\xa8\xe3\x81\x86\xe3\x81\xb2\xe3\x82\x87\xe3\x81\x86",   5661, 1 },
    { "\xe3\x81\xa8\xe3\x81\x86\xe3\x81\xb5",   5662, 1 },
    { "\xe3\x81\xa8\xe3\x81\x86\xe3\x81\xb6\xe3\x82\x93",   5663, 1 },
    { "\xe3\x81\xa8\xe3\x81\x86\xe3\x81\xbb\xe3\x81\x86",   5664, 1 },
    { "\xe3\x81\xa8\xe3\x81\x86\xe3\x81\xbb\xe3\x81\x8f",   5665, 1 },
    { "\xe3\x81\xa8\xe3\x81\x86\xe3\x81\xbb\xe3\x81\x8f\xe3\x81\x97\xe3\x81\x97\xe3\x82\x83",   5666, 1 },
    { "\xe3\x81\xa8\xe3\x81\x86\xe3\x81\xbb\xe3\x81\x8f\xe3\x81\xa0\xe3\x81\x84",   5667, 1 },
    { "\xe3\x81\xa8\xe3\x81\x86\xe3\x81\xbb\xe3\x81\x8f\xe3\x81\xa0\xe3\x81\x84\xe3\x81\x8c\xe3\x81\x8f",   5668, 1 },
    { "\xe3\x81\xa8\xe3\x81\x86\xe3\x81\xbb\xe3\x82\x93",   5669, 1 },
    { "\xe3\x81\xa8\xe3\x81\x86\xe3\x82\x81\xe3\x81\x84",   5670, 2 },
    { "\xe3\x81\xa8\xe3\x81\x86\xe3\x82\x81\xe3\x81\x84\xe3\x81\x9b\xe3\x81\x84",   5672, 1 },
    { "\xe3\x81\xa8\xe3\x81\x86\xe3\x82\x81\xe3\x82\x93",   5673, 1 },
    { "\xe3\x81\xa8\xe3\x81\x86\xe3\x82\x88\xe3\x81\x86",   5674, 2 },
    { "\xe3\x81\xa8\xe3\x81\x86\xe3\x82\x88\xe3\x81\x86\xe3\x81\xa1\xe3\x82\x87\xe3\x81\x86",   5676, 1 },
    { "\xe3\x81\xa8\xe3\x81\x86\xe3\x82\x88\xe3\x81\x93",   5677, 1 },
    { "\xe3\x81\xa8\xe3\x81\x86\xe3\x82\x89\xe3\x81\x84",   5678, 1 },
    { "\xe3\x81\xa8\xe3\x81\x86\xe3\x82\x8d\xe3\x81\x8f",   5679, 1 },
    { "\xe3\x81\xa8\xe3\x81\x86\xe3\x82\x8d\xe3\x82\x93",   5680, 2 },
    { "\xe3\x81\xa8\xe3\x81\x8a",   5682, 1 },
    { "\xe3\x81\xa8\xe3\x81\x8a\xe3\x82\x8a",   5683, 1 },
    { "\xe3\x81\xa8\xe3\x81\x8a\xe3\x82\x8b",   5684, 2 },
    { "\xe3\x81\xa8\xe3\x81\x8b\xe3\x81\x84",   5686, 1 },
    { "\xe3\x81\xa8\xe3\x81\x8d",   5687, 2 },
    { "\xe3\x81\xa8\xe3\x81\x8d\xe3\x81\xa9\xe3\x81\x8d",   5689, 1 },
    { "\xe3\x81\xa8\xe3\x81\x8d\xe3\x82\x8f",   5690, 1 },
    { "\xe3\x81\xa8\xe3\x81\x8f",   5691, 8 },
    { "\xe3\x81\xa8\xe3\x81\x8f\xe3\x81\x84",   5699, 1 },
    { "\xe3\x81\xa8\xe3\x81\x8f\xe3\x81\x8c\xe3\x82\x8f",   5700, 1 },
    { "\xe3\x81\xa8\xe3\x81\x8f\xe3\x81\x8e",   5701, 1 },
    { "\xe3\x81\xa8\xe3\x81\x8f\xe3\x81\x95\xe3\x81\xa4",   5702, 1 },
    { "\xe3\x81\xa8\xe3\x81\x8f\xe3\x81\x97\xe3\x81\xa4",   5703, 1 },
    { "\xe3\x81\xa8\xe3\x81\x8f\xe3\x81\x97\xe3\x81\xbe",   5704, 1 },
    { "\xe3\x81\xa8\xe3\x81\x8f\xe3\x81\x97\xe3\x82\x85",   5705, 1 },
    { "\xe3\x81\xa8\xe3\x81\x8f\xe3\x81\x97\xe3\x82\x85\xe3\x81\x86",   5706, 1 },
    { "\xe3\x81\xa8\xe3\x81\x8f\xe3\x81\x97\xe3\x82\x85\xe3\x81\x86\xe3\x81\x94\xe3\x81\x86",   5707, 1 },
    { "\xe3\x81\xa8\xe3\x81\x8f\xe3\x81\x97\xe3\x82\x87\xe3\x81\x8f",   5708, 1 },
    { "\xe3\x81\xa8\xe3\x81\x8f\xe3\x81\x9b\xe3\x81\x84",   5709, 1 },
    { "\xe3\x81\xa8\xe3\x81\x8f\xe3\x81\xa0",   5710, 1 },
    { "\xe3\x81\xa8\xe3\x81\x8f\xe3\x81\xa1\xe3\x82\x87\xe3\x81\x86",   5711, 2 },
    { "\xe3\x81\xa8\xe3\x81\x8f\xe3\x81\xa6\xe3\x81\x84",   5713, 1 },
    { "\xe3\x81\xa8\xe3\x81\x8f\xe3\x81\xa6\xe3\x82\x93",   5714, 2 },
    { "\xe3\x81\xa8\xe3\x81\x8f\xe3\x81\xaa\xe3\x81\x8c",   5716, 1 },
    { "\xe3\x81\xa8\xe3\x81\x8f\xe3\x81\xaf\xe3\x82\x89",   5717, 1 },
    { "\xe3\x81\xa8\xe3\x81\x8f\xe3\x81\xb0\xe3\x82\x93",   5718, 1 },
    { "\xe3\x81\xa8\xe3\x81\x8f\xe3\x81\xb9\xe3\x81\xa4",   5719, 1 },
    { "\xe3\x81\xa8\xe3\x81\x8f\xe3\x82\x86\xe3\x81\x86",   5720, 1 },
    { "\xe3\x81\xa8\xe3\x81\x8f\xe3\x82\x8d\xe3\x82\x93",   5721, 1 },
    { "\xe3\x81\xa8\xe3\x81\x91\xe3\x81\x84",   5722, 1 },
    { "\xe3\x81\xa8\xe3\x81\x91\xe3\x81\xa4",   5723, 1 },
    { "\xe3\x81\xa8\xe3\x81\x93",   5724, 2 },
    { "\xe3\x81\xa8\xe3\x81\x93\xe3\x82\x8d",   5726, 1 },
    { "\xe3\x81\xa8\xe3\x81\x96\xe3\x82\x93",   5727, 1 },
    { "\xe3\x81\xa8\xe3\x81\x97",   5728, 8 },
    { "\xe3\x81\xa8\xe3\x81\x97\xe3\x81\x82\xe3\x81\x8d",   5736, 1 },
    { "\xe3\x81\xa8\xe3\x81\x97\xe3\x81\x8a",   5737, 1 },
    { "\xe3\x81\xa8\xe3\x81\x97\xe3\x81\x9f\xe3\x81\x8b",   5738, 1 },
    { "\xe3\x81\xa8\xe3\x81\x97\xe3\x81\xaf\xe3\x82\x8b",   5739, 1 },
    { "\xe3\x81\xa8\xe3\x81\x97\xe3\x81\xb2\xe3\x81\x95",   5740, 1 },
    { "\xe3\x81\xa8\xe3\x81\x97\xe3\x81\xbe",   5741, 1 },
    { "\xe3\x81\xa8\xe3\x81\x97\xe3\x81\xbe\xe3\x81\x8f",   5742, 1 },
    { "\xe3\x81\xa8\xe3\x81\x97\xe3\x82\x86\xe3\x81\x8d",   5743, 1 },
    { "\xe3\x81\xa8\xe3\x81\x97\xe3\x82\x87",   5744, 1 },
    { "\xe3\x81\xa8\xe3\x81\x97\xe3\x82\x87\xe3\x81\x8b\xe3\x82\x93",   5745, 1 },
    { "\xe3\x81\xa8\xe3\x81\x9b",   5746, 1 },
    { "\xe3\x81\xa8\xe3\x81\x9f\xe3\x82\x93",   5747, 1 },
    { "\xe3\x81\xa8\xe3\x81\xa0",   5748, 1 },
    { "\xe3\x81\xa8\xe3\x81\xa1",   5749, 3 },
    { "\xe3\x81\xa8\xe3\x81\xa1\xe3\x82\x85\xe3\x81\x86",   5752, 1 },
    { "\xe3\x81\xa8\xe3\x81\xa3\xe3\x81\x8d\xe3\x82\x87",   5753, 1 },
    { "\xe3\x81\xa8\xe3\x81\xa3\xe3\x81\x91\xe3\x82\x93",   5754, 1 },
    { "\xe3\x81\xa8\xe3\x81\xa3\xe3\x81\x97\xe3\x82\x93",   5755, 1 },
    { "\xe3\x81\xa8\xe3\x81\xa3\xe3\x81\xa8\xe3\x82\x8a",   5756, 1 },
    { "\xe3\x81\xa8\xe3\x81\xa3\xe3\x81\xb4",   5757, 1 },
    { "\xe3\x81\xa8\xe3\x81\xa4",   5758, 2 },
    { "\xe3\x81\xa8\xe3\x81\xa4\xe3\x81\x9c\xe3\x82\x93",   5760, 1 },
    { "\xe3\x81\xa8\xe3\x81\xa8\xe3\x81\x86",   5761, 1 },
    { "\xe3\x81\xa8\xe3\x81\xa9",   5762, 1 },
    { "\xe3\x81\xa8\xe3\x81\xa9\xe3\x81\x86\xe3\x81\xb5\xe3\x81\x91\xe3\x82\x93",   5763, 1 },
    { "\xe3\x81\xa8\xe3\x81\xaa\xe3\x81\x84",   5764, 1 },
    { "\xe3\x81\xa8\xe3\x81\xaa\xe3\x82\x8a",   5765, 1 },
    { "\xe3\x81\xa8\xe3\x81\xae",   5766, 1 },
    { "\xe3\x81\xa8\xe3\x81\xb3",   5767, 1 },
    { "\xe3\x81\xa8\xe3\x81\xb3\xe3\x82\x89",   5768, 1 },
    { "\xe3\x81\xa8\xe3\x81\xbe",   5769, 1 },
    { "\xe3\x81\xa8\xe3\x81\xbf",   5770, 2 },
    { "\xe3\x81\xa8\xe3\x81\xbf\xe3\x81\x8a\xe3\x81\x8b",   5772, 1 },
    { "\xe3\x81\xa8\xe3\x82\x80\xe3\x82\x89",   5773, 1 },
    { "\xe3\x81\xa8\xe3\x82\x82",   5774, 5 },
    { "\xe3\x81\xa8\xe3\x82\x82\xe3\x81\x8a",   5779, 1 },
    { "\xe3\x81\xa8\xe3\x82\x82\xe3\x81\x93",   5780, 1 },
    { "\xe3\x81\xa8\xe3\x82\x82\xe3\x81\xa0\xe3\x81\xa1",   5781, 1 },
    { "\xe3\x81\xa8\xe3\x82\x82\xe3\x81\xbf",   5782, 1 },
    { "\xe3\x81\xa8\xe3\x82\x84\xe3\x81\xbe",   5783, 1 },
    { "\xe3\x81\xa8\xe3\x82\x88",   5784, 1 },
    { "\xe3\x81\xa8\xe3\x82\x88\xe3\x81\xaa\xe3\x81\x8b",   5785, 1 },
    { "\xe3\x81\xa8\xe3\x82\x88\xe3\x81\xaf\xe3\x81\x97",   5786, 1 },
    { "\xe3\x81\xa8\xe3\x82\x89",   5787, 2 },
    { "\xe3\x81\xa8\xe3\x82\x89\xe3\x81\x84",   5789, 1 },
    { "\xe3\x81\xa8\xe3\x82\x89\xe3\x81\xae\xe3\x82\x82\xe3\x82\x93",   5790, 1 },
    { "\xe3\x81\xa8\xe3\x82\x8a",   5791, 2 },
    { "\xe3\x81\xa8\xe3\x82\x8a\xe3\x81\x97\xe3\x81\xbe\xe3\x82\x8a\xe3\x82\x84\xe3\x81\x8f",   5793, 1 },
    { "\xe3\x81\xa8\xe3\x82\x8a\xe3\x81\xa4",   5794, 1 },
    { "\xe3\x81\xa8\xe3\x82\x8d",   5795, 1 },
    { "\xe3\x81\xa8\xe3\x82\x93",   5796, 8 },
    { "\xe3\x81\xa9",   5804, 5 },
    { "\xe3\x81\xa9\xe3\x81\x82\xe3\x81\x84",   5809, 1 },
    { "\xe3\x81\xa9\xe3\x81\x86",   5810, 8 },
    { "\xe3\x81\xa9\xe3\x81\x86\xe3\x81\x84",   5818, 1 },
    { "\xe3\x81\xa9\xe3\x81\x86\xe3\x81\x84\xe3\x81\xa4",   5819, 1 },
    { "\xe3\x81\xa9\xe3\x81\x86\xe3\x81\x84\xe3\x81\xa4\xe3\x81\x97",   5820, 1 },
    { "\xe3\x81\xa9\xe3\x81\x86\xe3\x81\x84\xe3\x82\x93",   5821, 1 },
    { "\xe3\x81\xa9\xe3\x81\x86\xe3\x81\x8b\xe3\x82\x93",   5822, 1 },
    { "\xe3\x81\xa9\xe3\x81\x86\xe3\x81\x8d",   5823, 2 },
    { "\xe3\x81\xa9\xe3\x81\x86\xe3\x81\x8e",   5825, 1 },
    { "\xe3\x81\xa9\xe3\x81\x86\xe3\x81\x8f\xe3\x82\x93",   5826, 1 },
    { "\xe3\x81\xa9\xe3\x81\x86\xe3\x81\x90",   5827, 1 },
    { "\xe3\x81\xa9\xe3\x81\x86\xe3\x81\x91\xe3\x81\x84",   5828, 2 },
    { "\xe3\x81\xa9\xe3\x81\x86\xe3\x81\x92\xe3\x82\x93\xe3\x81\x96\xe3\x81\x8b",   5830, 1 },
    { "\xe3\x81\xa9\xe3\x81\x86\xe3\x81\x93\xe3\x81\x86",   5831, 3 },
    { "\xe3\x81\xa9\xe3\x81\x86\xe3\x81\x95",   5834, 1 },
    { "\xe3\x81\xa9\xe3\x81\x86\xe3\x81\x95\xe3\x81\xa4",   5835, 1 },
    { "\xe3\x81\xa9\xe3\x81\x86\xe3\x81\x97",   5836, 3 },
    { "\xe3\x81\xa9\xe3\x81\x86\xe3\x81\x97\xe3\x82\x83",   5839, 1 },
    { "\xe3\x81\xa9\xe3\x81\x86\xe3\x81\x97\xe3\x82\x85\xe3\x81\xa4",   5840, 1 },
    { "\xe3\x81\xa9\xe3\x81\x86\xe3\x81\x98",   5841, 2 },
    { "\xe3\x81\xa9\xe3\x81\x86\xe3\x81\x98\xe3\x81\x8f",   5843, 1 },
    { "\xe3\x81\xa9\xe3\x81\x86\xe3\x81\x98\xe3\x81\xa4",   5844, 1 },
    { "\xe3\x81\xa9\xe3\x81\x86\xe3\x81\x98\xe3\x82\x87\xe3\x81\x86",   5845, 3 },
    { "\xe3\x81\xa9\xe3\x81\x86\xe3\x81\x98\xe3\x82\x87\xe3\x81\x86\xe3\x81\x97\xe3\x82\x83",   5848, 1 },
    { "\xe3\x81\xa9\xe3\x81\x86\xe3\x81\x98\xe3\x82\x93",   5849, 1 },
    { "\xe3\x81\xa9\xe3\x81\x86\xe3\x81\x98\xe3\x82\x93\xe3\x81\x97",   5850, 1 },
    { "\xe3\x81\xa9\xe3\x81\x86\xe3\x81\x9b\xe3\x81\x84",   5851, 1 },
    { "\xe3\x81\xa9\xe3\x81\x86\xe3\x81\x9b\xe3\x81\x84\xe3\x81\xa9\xe3\x81\x86\xe3\x82\x81\xe3\x81\x84",   5852, 1 },
    { "\xe3\x81\xa9\xe3\x81\x86\xe3\x81\x9b\xe3\x81\x8d",   5853, 1 },
    { "\xe3\x81\xa9\xe3\x81\x86\xe3\x81\x9d\xe3\x81\x86",   5854, 1 },
    { "\xe3\x81\xa9\xe3\x81\x86\xe3\x81\x9d\xe3\x81\x86\xe3\x81\x8b\xe3\x81\x84",   5855, 1 },
    { "\xe3\x81\xa9\xe3\x81\x86\xe3\x81\x9f\xe3\x81\x84",   5856, 1 },
    { "\xe3\x81\xa9\xe3\x81\x86\xe3\x81\xa0\xe3\x82\x93",   5857, 1 },
    { "\xe3\x81\xa9\xe3\x81\x86\xe3\x81\xa1",   5858, 1 },
    { "\xe3\x81\xa9\xe3\x81\x86\xe3\x81\xa1\xe3\x81\x8b\xe3\x82\x93\xe3\x81\x91\xe3\x81\x84",   5859, 1 },
    { "\xe3\x81\xa9\xe3\x81\x86\xe3\x81\xa1\xe3\x81\x9b\xe3\x81\x84",   5860, 1 },
    { "\xe3\x81\xa9\xe3\x81\x86\xe3\x81\xa1\xe3\x82\x87\xe3\x81\x86",   5861, 1 },
    { "\xe3\x81\xa9\xe3\x81\x86\xe3\x81\xa6\xe3\x81\x8d",   5862, 1 },
    { "\xe3\x81\xa9\xe3\x81\x86\xe3\x81\xa8\xe3\x81\x86",   5863, 1 },
    { "\xe3\x81\xa9\xe3\x81\x86\xe3\x81\xab\xe3\x82\x85\xe3\x81\x86",   5864, 1 },
    { "\xe3\x81\xa9\xe3\x81\x86\xe3\x81\xad\xe3\x82\x93",   5865, 1 },
    { "\xe3\x81\xa9\xe3\x81\x86\xe3\x81\xad\xe3\x82\x93\xe3\x82\x8c\xe3\x81\x84",   5866, 1 },
    { "\xe3\x81\xa9\xe3\x81\x86\xe3\x81\xb5\xe3\x81\x86",   5867, 1 },
    { "\xe3\x81\xa9\xe3\x81\x86\xe3\x81\xb6\xe3\x81\xa4",   5868, 1 },
    { "\xe3\x81\xa9\xe3\x81\x86\xe3\x81\xb6\xe3\x82\x93",   5869, 1 },
    { "\xe3\x81\xa9\xe3\x81\x86\xe3\x81\xbb\xe3\x81\x86",   5870, 1 },
    { "\xe3\x81\xa9\xe3\x81\x86\xe3\x82\x81\xe3\x81\x84",   5871, 1 },
    { "\xe3\x81\xa9\xe3\x81\x86\xe3\x82\x88\xe3\x81\x86",   5872, 1 },
    { "\xe3\x81\xa9\xe3\x81\x86\xe3\x82\x8a",   5873, 1 },
    { "\xe3\x81\xa9\xe3\x81\x86\xe3\x82\x8a\xe3\x82\x87\xe3\x81\x86",   5874, 1 },
    { "\xe3\x81\xa9\xe3\x81\x86\xe3\x82\x8b\xe3\x81\x84",   5875, 1 },
    { "\xe3\x81\xa9\xe3\x81\x86\xe3\x82\x8d",   5876, 1 },
    { "\xe3\x81\xa9\xe3\x81\x8c\xe3\x81\x84\xe3\x81\x97",   5877, 1 },
    { "\xe3\x81\xa9\xe3\x81\x8d\xe3\x82\x87\xe3\x81\x86",   5878, 1 },
    { "\xe3\x81\xa9\xe3\x81\x8f",   5879, 3 },
    { "\xe3\x81\xa9\xe3\x81\x8f\xe3\x81\x8c\xe3\x81\x8f",   5882, 1 },
    { "\xe3\x81\xa9\xe3\x81\x8f\xe3\x81\x97\xe3\x82\x83",   5883, 1 },
    { "\xe3\x81\xa9\xe3\x81\x8f\xe3\x81\x97\xe3\x82\x85\xe3\x81\x86",   5884, 1 },
    { "\xe3\x81\xa9\xe3\x81\x8f\xe3\x81\x97\xe3\x82\x87",   5885, 1 },
    { "\xe3\x81\xa9\xe3\x81\x8f\xe3\x81\x97\xe3\x82\x93",   5886, 1 },
    { "\xe3\x81\xa9\xe3\x81\x8f\xe3\x81\x98",   5887, 1 },
    { "\xe3\x81\xa9\xe3\x81\x8f\xe3\x81\x9b\xe3\x82\x93",   5888, 1 },
    { "\xe3\x81\xa9\xe3\x81\x8f\xe3\x81\x9d\xe3\x81\x86",   5889, 1 },
    { "\xe3\x81\xa9\xe3\x81\x8f\xe3\x81\xa0\xe3\x82\x93",   5890, 1 },
    { "\xe3\x81\xa9\xe3\x81\x8f\xe3\x81\xa8\xe3\x81\x8f",   5891, 1 },
    { "\xe3\x81\xa9\xe3\x81\x8f\xe3\x82\x8a\xe3\x81\xa4",   5892, 1 },
    { "\xe3\x81\xa9\xe3\x81\x8f\xe3\x82\x8a\xe3\x82\x87\xe3\x81\x8f",   5893, 1 },
    { "\xe3\x81\xa9\xe3\x81\x93",   5894, 1 },
    { "\xe3\x81\xa9\xe3\x81\x97\xe3\x82\x83",   5895, 1 },
    { "\xe3\x81\xa9\xe3\x81\xa0\xe3\x81\x84",   5896, 1 },
    { "\xe3\x81\xa9\xe3\x81\xa6",   5897, 1 },
    { "\xe3\x81\xa9\xe3\x81\xab\xe3\x81\xa1",   5898, 1 },
    { "\xe3\x81\xa9\xe3\x81\xae",   5899, 1 },
    { "\xe3\x81\xa9\xe3\x81\xbc\xe3\x81\x8f",   5900, 1 },
    { "\xe3\x81\xa9\xe3\x82\x88\xe3\x81\x86",   5901, 1 },
    { "\xe3\x81\xa9\xe3\x82\x88\xe3\x81\x86\xe3\x81\xb3",   5902, 1 },
    { "\xe3\x81\xa9\xe3\x82\x8a\xe3\x82\x87\xe3\x81\x8f",   5903, 1 },
    { "\xe3\x81\xa9\xe3\x82\x8d",   5904, 1 },
    { "\xe3\x81\xa9\xe3\x82\x8d\xe3\x81\xa4\xe3\x81\xa1",   5905, 1 },
    { "\xe3\x81\xa9\xe3\x82\x93",   5906, 5 },
    { "\xe3\x81\xa9\xe3\x82\x93\xe3\x81\x8d",   5911, 1 },
    { "\xe3\x81\xa9\xe3\x82\x93\xe3\x81\xa6\xe3\x82\x93",   5912, 1 },
    { "\xe3\x81\xa9\xe3\x82\x93\xe3\x82\x88\xe3\x81\x8f",   5913, 1 },
    { "\xe3\x81\xaa",   5914, 6 },
    { "\xe3\x81\xaa\xe3\x81\x84",   5920, 2 },
    { "\xe3\x81\xaa\xe3\x81\x84\xe3\x81\x8c\xe3\x81\x84",   5922, 1 },
    { "\xe3\x81\xaa\xe3\x81\x84\xe3\x81\x8d",   5923, 1 },
    { "\xe3\x81\xaa\xe3\x81\x84\xe3\x81\x97\xe3\x82\x87",   5924, 1 },
    { "\xe3\x81\xaa\xe3\x81\x84\xe3\x81\x9b\xe3\x82\x93",   5925, 1 },
    { "\xe3\x81\xaa\xe3\x81\x84\xe3\x81\x9e\xe3\x81\x86",   5926, 2 },
    { "\xe3\x81\xaa\xe3\x81\x84\xe3\x81\xa1",   5928, 1 },
    { "\xe3\x81\xaa\xe3\x81\x84\xe3\x81\xa6\xe3\x81\x84",   5929, 1 },
    { "\xe3\x81\xaa\xe3\x81\x84\xe3\x81\xb6",   5930, 1 },
    { "\xe3\x81\xaa\xe3\x81\x84\xe3\x81\xb6\xe3\x81\x97\xe3\x82\x8a\xe3\x82\x87\xe3\x81\x86",   5931, 1 },
    { "\xe3\x81\xaa\xe3\x81\x84\xe3\x81\xb6\xe3\x81\xb2\xe3\x82\x87\xe3\x81\x86\xe3\x81\x92\xe3\x82\x93",   5932, 1 },
    { "\xe3\x81\xaa\xe3\x81\x84\xe3\x81\xb6\xe3\x81\xb8\xe3\x82\x93\xe3\x81\x99\xe3\x81\x86",   5933, 1 },
    { "\xe3\x81\xaa\xe3\x81\x84\xe3\x82\x88\xe3\x81\x86",   5934, 1 },
    { "\xe3\x81\xaa\xe3\x81\x84\xe3\x82\x88\xe3\x81\x86\xe3\x81\xa6\xe3\x81\x8d",   5935, 1 },
    { "\xe3\x81\xaa\xe3\x81\x84\xe3\x82\x8a\xe3\x82\x93",   5936, 1 },
    { "\xe3\x81\xaa\xe3\x81\x88",   5937, 1 },
    { "\xe3\x81\xaa\xe3\x81\x88\xe3\x81\xb0",   5938, 1 },
    { "\xe3\x81\xaa\xe3\x81\x8a",   5939, 2 },
    { "\xe3\x81\xaa\xe3\x81\x8a\xe3\x81\x9f",   5941, 1 },
    { "\xe3\x81\xaa\xe3\x81\x8a\xe3\x81\xa8",   5942, 1 },
    { "\xe3\x81\xaa\xe3\x81\x8a\xe3\x82\x86\xe3\x81\x8d",   5943, 1 },
    { "\xe3\x81\xaa\xe3\x81\x8b",   5944, 2 },
    { "\xe3\x81\xaa\xe3\x81\x8b\xe3\x81\x8a",   5946, 1 },
    { "\xe3\x81\xaa\xe3\x81\x8b\xe3\x81\x8c\xe3\x82\x8f",   5947, 1 },
    { "\xe3\x81\xaa\xe3\x81\x8b\xe3\x81\x94\xe3\x82\x8d",   5948, 1 },
    { "\xe3\x81\xaa\xe3\x81\x8b\xe3\x81\x97\xe3\x81\xbe",   5949, 1 },
    { "\xe3\x81\xaa\xe3\x81\x8b\xe3\x81\x98\xe3\x81\xbe",   5950, 1 },
    { "\xe3\x81\xaa\xe3\x81\x8b\xe3\x81\x9a",   5951, 1 },
    { "\xe3\x81\xaa\xe3\x81\x8b\xe3\x81\x9f",   5952, 1 },
    { "\xe3\x81\xaa\xe3\x81\x8b\xe3\x81\xa6\xe3\x82\x93",   5953, 1 },
    { "\xe3\x81\xaa\xe3\x81\x8b\xe3\x81\xab\xe3\x81\x97",   5954, 1 },
    { "\xe3\x81\xaa\xe3\x81\x8b\xe3\x81\xae",   5955, 1 },
    { "\xe3\x81\xaa\xe3\x81\x8b\xe3\x81\xaf\xe3\x82\x89",   5956, 1 },
    { "\xe3\x81\xaa\xe3\x81\x8b\xe3\x81\xbe",   5957, 1 },
    { "\xe3\x81\xaa\xe3\x81\x8b\xe3\x81\xbe\xe3\x81\xa9\xe3\x81\x86\xe3\x81\x97",   5958, 1 },
    { "\xe3\x81\xaa\xe3\x81\x8b\xe3\x81\xbf",   5959, 1 },
    { "\xe3\x81\xaa\xe3\x81\x8b\xe3\x82\x80\xe3\x82\x89",   5960, 1 },
    { "\xe3\x81\xaa\xe3\x81\x8b\xe3\x82\x84\xe3\x81\xbe",   5961, 1 },
    { "\xe3\x81\xaa\xe3\x81\x8c",   5962, 2 },
    { "\xe3\x81\xaa\xe3\x81\x8c\xe3\x81\x84",   5964, 1 },
    { "\xe3\x81\xaa\xe3\x81\x8c\xe3\x81\x8a",   5965, 1 },
    { "\xe3\x81\xaa\xe3\x81\x8c\xe3\x81\x8a\xe3\x81\x8b",   5966, 1 },
    { "\xe3\x81\xaa\xe3\x81\x8c\xe3\x81\x95\xe3\x81\x8d",   5967, 1 },
    { "\xe3\x81\xaa\xe3\x81\x8c\xe3\x81\x95\xe3\x82\x8f",   5968, 1 },
    { "\xe3\x81\xaa\xe3\x81\x8c\xe3\x81\x97\xe3\x81\xbe",   5969, 1 },
    { "\xe3\x81\xaa\xe3\x81\x8c\xe3\x81\x9f",   5970, 1 },
    { "\xe3\x81\xaa\xe3\x81\x8c\xe3\x81\xaa\xe3\x81\x8c",   5971, 1 },
    { "\xe3\x81\xaa\xe3\x81\x8c\xe3\x81\xae",   5972, 2 },
    { "\xe3\x81\xaa\xe3\x81\x8c\xe3\x81\xbe\xe3\x81\xa1",   5974, 1 },
    { "\xe3\x81\xaa\xe3\x81\x8c\xe3\x82\x89",   5975, 1 },
    { "\xe3\x81\xaa\xe3\x81\x8c\xe3\x82\x8c\xe3\x81\x9a",   5976, 1 },
    { "\xe3\x81\xaa\xe3\x81\x8e",   5977, 2 },
    { "\xe3\x81\xaa\xe3\x81\x8e\xe3\x81\x95",   5979, 1 },
    { "\xe3\x81\xaa\xe3\x81\x90",   5980, 1 },
    { "\xe3\x81\xaa\xe3\x81\x94\xe3\x82\x84",   5981, 1 },
    { "\xe3\x81\xaa\xe3\x81\x94\xe3\x82\x84\xe3\x81\x97",   5982, 1 },
    { "\xe3\x81\xaa\xe3\x81\x94\xe3\x82\x84\xe3\x81\xa0\xe3\x81\x84",   5983, 1 },
    { "\xe3\x81\xaa\xe3\x81\x94\xe3\x82\x84\xe3\x81\xa0\xe3\x81\x84\xe3\x81\x8c\xe3\x81\x8f",   5984, 1 },
    { "\xe3\x81\xaa\xe3\x81\x95\xe3\x81\x91",   5985, 1 },
    { "\xe3\x81\xaa\xe3\x81\x97",   5986, 1 },
    { "\xe3\x81\xaa\xe3\x81\x99",   5987, 1 },
    { "\xe3\x81\xaa\xe3\x81\x9c",   5988, 1 },
    { "\xe3\x81\xaa\xe3\x81\x9e",   5989, 1 },
    { "\xe3\x81\xaa\xe3\x81\xa0",   5990, 1 },
    { "\xe3\x81\xaa\xe3\x81\xa3",   5991, 1 },
    { "\xe3\x81\xaa\xe3\x81\xa3\xe3\x81\xa8\xe3\x81\x8f",   5992, 1 },
    { "\xe3\x81\xaa\xe3\x81\xa4",   5993, 2 },
    { "\xe3\x81\xaa\xe3\x81\xa4\xe3\x81\x98\xe3\x81\x8b\xe3\x82\x93",   5995, 1 },
    { "\xe3\x81\xaa\xe3\x81\xa9",   5996, 1 },
    { "\xe3\x81\xaa\xe3\x81\xaa",   5997, 1 },
    { "\xe3\x81\xaa\xe3\x81\xaa\xe3\x81\x88",   5998, 1 },
    { "\xe3\x81\xaa\xe3\x81\xaa\xe3\x81\x8f\xe3\x81\x95",   5999, 1 },
    { "\xe3\x81\xaa\xe3\x81\xab",   6000, 1 },
    { "\xe3\x81\xaa\xe3\x81\xab\xe3\x81\x92",   6001, 1 },
    { "\xe3\x81\xaa\xe3\x81\xb9",   6002, 1 },
    { "\xe3\x81\xaa\xe3\x81\xbe",   6003, 1 },
    { "\xe3\x81\xaa\xe3\x81\xbe\xe3\x81\x88",   6004, 1 },
    { "\xe3\x81\xaa\xe3\x81\xbe\xe3\x82\x8a",   6005, 1 },
    { "\xe3\x81\xaa\xe3\x81\xbf",   6006, 4 },
    { "\xe3\x81\xaa\xe3\x81\xbf\xe3\x81\xa0",   6010, 2 },
    { "\xe3\x81\xaa\xe3\x82\x89",   6012, 2 },
    { "\xe3\x81\xaa\xe3\x82\x8a",   6014, 1 },
    { "\xe3\x81\xaa\xe3\x82\x8a\xe3\x81\x95\xe3\x82\x8f",   6015, 1 },
    { "\xe3\x81\xaa\xe3\x82\x8a\xe3\x81\x9f",   6016, 1 },
    { "\xe3\x81\xaa\xe3\x82\x8f",   6017, 2 },
    { "\xe3\x81\xaa\xe3\x82\x8f\xe3\x81\xa6",   6019, 1 },
    { "\xe3\x81\xaa\xe3\x82\x93",   6020, 7 },
    { "\xe3\x81\xaa\xe3\x82\x93\xe3\x81\x84",   6027, 1 },
    { "\xe3\x81\xaa\xe3\x82\x93\xe3\x81\x84\xe3\x81\xa9",   6028, 1 },
    { "\xe3\x81\xaa\xe3\x82\x93\xe3\x81\x8b\xe3\x81\x84",   6029, 2 },
    { "\xe3\x81\xaa\xe3\x82\x93\xe3\x81\x8d\xe3\x82\x87\xe3\x81\x8f",   6031, 1 },
    { "\xe3\x81\xaa\xe3\x82\x93\xe3\x81\x8e",   6032, 1 },
    { "\xe3\x81\xaa\xe3\x82\x93\xe3\x81\x8e\xe3\x82\x87\xe3\x81\x86",   6033, 1 },
    { "\xe3\x81\xaa\xe3\x82\x93\xe3\x81\x93\xe3\x81\x86\xe3\x81\xa0\xe3\x81\x84",   6034, 1 },
    { "\xe3\x81\xaa\xe3\x82\x93\xe3\x81\x96\xe3\x82\x93",   6035, 1 },
    { "\xe3\x81\xaa\xe3\x82\x93\xe3\x81\x97\xe3\x82\x87",   6036, 1 },
    { "\xe3\x81\xaa\xe3\x82\x93\xe3\x81\x98",   6037, 2 },
    { "\xe3\x81\xaa\xe3\x82\x93\xe3\x81\x98\xe3\x81\x8b\xe3\x82\x93",   6039, 1 },
    { "\xe3\x81\xaa\xe3\x82\x93\xe3\x81\xa0\xe3\x81\x84",   6040, 1 },
    { "\xe3\x81\xaa\xe3\x82\x93\xe3\x81\xa4\xe3\x81\x86",   6041, 1 },
    { "\xe3\x81\xaa\xe3\x82\x93\xe3\x81\xa9",   6042, 1 },
    { "\xe3\x81\xaa\xe3\x82\x93\xe3\x81\xab\xe3\x81\xa1",   6043, 1 },
    { "\xe3\x81\xaa\xe3\x82\x93\xe3\x81\xab\xe3\x82\x93",   6044, 1 },
    { "\xe3\x81\xaa\xe3\x82\x93\xe3\x81\xad\xe3\x82\x93",   6045, 1 },
    { "\xe3\x81\xaa\xe3\x82\x93\xe3\x81\xae",   6046, 1 },
    { "\xe3\x81\xaa\xe3\x82\x93\xe3\x81\xb0",   6047, 1 },
    { "\xe3\x81\xaa\xe3\x82\x93\xe3\x81\xb0\xe3\x82\x93",   6048, 1 },
    { "\xe3\x81\xaa\xe3\x82\x93\xe3\x81\xb7\xe3\x82\x93",   6049, 1 },
    { "\xe3\x81\xaa\xe3\x82\x93\xe3\x81\xbe\xe3\x81\x84",   6050, 1 },
    { "\xe3\x81\xaa\xe3\x82\x93\xe3\x82\x82\xe3\x82\x93",   6051, 1 },
    { "\xe3\x81\xab",   6052, 7 },
    { "\xe3\x81\xab\xe3\x81\x84",   6059, 2 },
    { "\xe3\x81\xab\xe3\x81\x84\xe3\x81\x8c\xe3\x81\x9f",   6061, 1 },
    { "\xe3\x81\xab\xe3\x81\x8b\xe3\x81\x84",   6062, 1 },
    { "\xe3\x81\xab\xe3\x81\x8c\xe3\x81\xa6",   6063, 1 },
    { "\xe3\x81\xab\xe3\x81\x8f",   6064, 1 },
    { "\xe3\x81\xab\xe3\x81\x93\xe3\x81\x86",   6065, 1 },
    { "\xe3\x81\xab\xe3\x81\x94\xe3\x81\x86\xe3\x81\x8b\xe3\x82\x93",   6066, 1 },
    { "\xe3\x81\xab\xe3\x81\x97",   6067, 1 },
    { "\xe3\x81\xab\xe3\x81\x97\xe3\x81\x8b\xe3\x81\xa9",   6068, 1 },
    { "\xe3\x81\xab\xe3\x81\x97\xe3\x81\x8b\xe3\x82\x8f",   6069, 1 },
    { "\xe3\x81\xab\xe3\x81\x97\xe3\x81\x8d",   6070, 1 },
    { "\xe3\x81\xab\xe3\x81\x97\xe3\x81\xa0",   6071, 1 },
    { "\xe3\x81\xab\xe3\x81\x97\xe3\x81\xaa",   6072, 1 },
    { "\xe3\x81\xab\xe3\x81\x97\xe3\x81\xaf\xe3\x82\x89",   6073, 1 },
    { "\xe3\x81\xab\xe3\x81\x97\xe3\x81\xb5\xe3\x81\xaa\xe3\x81\xb0\xe3\x81\x97",   6074, 1 },
    { "\xe3\x81\xab\xe3\x81\x97\xe3\x82\x80\xe3\x82\x89",   6075, 1 },
    { "\xe3\x81\xab\xe3\x81\x97\xe3\x82\x83\xe3\x81\x9f\xe3\x81\x8f\xe3\x81\x84\xe3\x81\xa4",   6076, 1 },
    { "\xe3\x81\xab\xe3\x81\x97\xe3\x82\x84\xe3\x81\xbe",   6077, 1 },
    { "\xe3\x81\xab\xe3\x81\x97\xe3\x82\x93\xe3\x81\xbb\xe3\x81\x86",   6078, 1 },
    { "\xe3\x81\xab\xe3\x81\x98",   6079, 2 },
    { "\xe3\x81\xab\xe3\x81\x98\xe3\x81\x8b\xe3\x81\x84",   6081, 1 },
    { "\xe3\x81\xab\xe3\x81\x98\xe3\x82\x85\xe3\x81\x86",   6082, 1 },
    { "\xe3\x81\xab\xe3\x81\x9b",   6083, 1 },
    { "\xe3\x81\xab\xe3\x81\xa1",   6084, 1 },
    { "\xe3\x81\xab\xe3\x81\xa1\xe3\x81\x98",   6085, 1 },
    { "\xe3\x81\xab\xe3\x81\xa1\xe3\x81\x98\xe3\x82\x87\xe3\x81\x86",   6086, 1 },
    { "\xe3\x81\xab\xe3\x81\xa1\xe3\x81\xb9\xe3\x81\x84",   6087, 1 },
    { "\xe3\x81\xab\xe3\x81\xa1\xe3\x82\x84",   6088, 1 },
    { "\xe3\x81\xab\xe3\x81\xa1\xe3\x82\x87\xe3\x81\x86\xe3\x82\x81",   6089, 1 },
    { "\xe3\x81\xab\xe3\x81\xa1\xe3\x82\x88\xe3\x81\x86",   6090, 1 },
    { "\xe3\x81\xab\xe3\x81\xa1\xe3\x82\x88\xe3\x81\x86\xe3\x81\xb3",   6091, 1 },
    { "\xe3\x81\xab\xe3\x81\xa3\xe3\x81\x8b\xe3\x82\x93",   6092, 1 },
    { "\xe3\x81\xab\xe3\x81\xa3\xe3\x81\x8d",   6093, 1 },
    { "\xe3\x81\xab\xe3\x81\xa3\xe3\x81\x91\xe3\x81\x84",   6094, 1 },
    { "\xe3\x81\xab\xe3\x81\xa3\xe3\x81\x97\xe3\x82\x93",   6095, 2 },
    { "\xe3\x81\xab\xe3\x81\xa3\xe3\x81\x99\xe3\x81\x86",   6097, 1 },
    { "\xe3\x81\xab\xe3\x81\xa3\xe3\x81\xa1\xe3\x82\x85\xe3\x81\x86",   6098, 1 },
    { "\xe3\x81\xab\xe3\x81\xa3\xe3\x81\xa6\xe3\x81\x84",   6099, 1 },
    { "\xe3\x81\xab\xe3\x81\xa3\xe3\x81\xa6\xe3\x81\xa4",   6100, 1 },
    { "\xe3\x81\xab\xe3\x81\xa3\xe3\x81\xa8\xe3\x81\x86",   6101, 1 },
    { "\xe3\x81\xab\xe3\x81\xa3\xe3\x81\xbd\xe3\x82\x93",   6102, 1 },
    { "\xe3\x81\xab\xe3\x81\xa9",   6103, 1 },
    { "\xe3\x81\xab\xe3\x81\xa9\xe3\x82\x81",   6104, 1 },
    { "\xe3\x81\xab\xe3\x81\xad\xe3\x82\x93",   6105, 1 },
    { "\xe3\x81\xab\xe3\x81\xaf\xe3\x81\x8f",   6106, 2 },
    { "\xe3\x81\xab\xe3\x81\xb0\xe3\x81\x84",   6108, 1 },
    { "\xe3\x81\xab\xe3\x81\xb0\xe3\x81\x84\xe3\x81\x99",   6109, 1 },
    { "\xe3\x81\xab\xe3\x81\xb6\xe3\x82\x93\xe3\x81\x8e",   6110, 1 },
    { "\xe3\x81\xab\xe3\x81\xbb\xe3\x82\x93",   6111, 2 },
    { "\xe3\x81\xab\xe3\x81\xbb\xe3\x82\x93\xe3\x81\x8c\xe3\x82\x8f",   6113, 1 },
    { "\xe3\x81\xab\xe3\x81\xbb\xe3\x82\x93\xe3\x81\x93\xe3\x81\x8f\xe3\x81\xaa\xe3\x81\x84",   6114, 1 },
    { "\xe3\x81\xab\xe3\x81\xbb\xe3\x82\x93\xe3\x81\x94",   6115, 1 },
    { "\xe3\x81\xab\xe3\x81\xbb\xe3\x82\x93\xe3\x81\x94\xe3\x81\x8b",   6116, 1 },
    { "\xe3\x81\xab\xe3\x81\xbb\xe3\x82\x93\xe3\x81\x94\xe3\x82\x84\xe3\x81\x8f",   6117, 1 },
    { "\xe3\x81\xab\xe3\x81\xbb\xe3\x82\x93\xe3\x81\x97\xe3\x82\x85",   6118, 1 },
    { "\xe3\x81\xab\xe3\x81\xbb\xe3\x82\x93\xe3\x81\x98\xe3\x82\x93",   6119, 1 },
    { "\xe3\x81\xab\xe3\x81\xbb\xe3\x82\x93\xe3\x81\xa0\xe3\x81\x84\xe3\x82\x89",   6120, 1 },
    { "\xe3\x81\xab\xe3\x81\xbb\xe3\x82\x93\xe3\x81\xb0\xe3\x81\x97",   6121, 1 },
    { "\xe3\x81\xab\xe3\x81\xbb\xe3\x82\x93\xe3\x82\x8a\xe3\x82\x87\xe3\x81\x86\xe3\x82\x8a",   6122, 1 },
    { "\xe3\x81\xab\xe3\x82\x82\xe3\x81\xa4",   6123, 1 },
    { "\xe3\x81\xab\xe3\x82\x82\xe3\x81\xae",   6124, 1 },
    { "\xe3\x81\xab\xe3\x82\x83\xe3\x81\x8f",   6125, 1 },
    { "\xe3\x81\xab\xe3\x82\x85\xe3\x81\x86",   6126, 2 },
    { "\xe3\x81\xab\xe3\x82\x85\xe3\x81\x86\xe3\x81\x84\xe3\x82\x93",   6128, 1 },
    { "\xe3\x81\xab\xe3\x82\x85\xe3\x81\x86\xe3\x81\x8b\xe3\x81\x84",   6129, 1 },
    { "\xe3\x81\xab\xe3\x82\x85\xe3\x81\x86\xe3\x81\x8c\xe3\x81\x8f",   6130, 1 },
    { "\xe3\x81\xab\xe3\x82\x85\xe3\x81\x86\xe3\x81\x97\xe3\x82\x83",   6131, 1 },
    { "\xe3\x81\xab\xe3\x82\x85\xe3\x81\x86\xe3\x81\x97\xe3\x82\x85",   6132, 1 },
    { "\xe3\x81\xab\xe3\x82\x85\xe3\x81\x86\xe3\x81\x97\xe3\x82\x85\xe3\x81\x8b\xe3\x81\xae\xe3\x81\x86",   6133, 1 },
    { "\xe3\x81\xab\xe3\x82\x85\xe3\x81\x86\xe3\x81\x98\xe3\x82\x87\xe3\x81\x86",   6134, 1 },
    { "\xe3\x81\xab\xe3\x82\x85\xe3\x81\x86\xe3\x81\xa7\xe3\x82\x93",   6135, 1 },
    { "\xe3\x81\xab\xe3\x82\x85\xe3\x81\x86\xe3\x82\x82\xe3\x82\x93",   6136, 1 },
    { "\xe3\x81\xab\xe3\x82\x85\xe3\x81\x86\xe3\x82\x8a\xe3\x82\x87\xe3\x81\x8f",   6137, 1 },
    { "\xe3\x81\xab\xe3\x82\x87",   6138, 2 },
    { "\xe3\x81\xab\xe3\x82\x87\xe3\x81\x86",   6140, 2 },
    { "\xe3\x81\xab\xe3\x82\x89",   6142, 1 },
    { "\xe3\x81\xab\xe3\x82\x8f",   6143, 1 },
    { "\xe3\x81\xab\xe3\x82\x8f\xe3\x81\xa8\xe3\x82\x8a",   6144, 1 },
    { "\xe3\x81\xab\xe3\x82\x93",   6145, 6 },
    { "\xe3\x81\xab\xe3\x82\x93\xe3\x81\x84",   6151, 1 },
    { "\xe3\x81\xab\xe3\x82\x93\xe3\x81\x8d",   6152, 2 },
    { "\xe3\x81\xab\xe3\x82\x93\xe3\x81\x8e\xe3\x82\x87\xe3\x81\x86",   6154, 1 },
    { "\xe3\x81\xab\xe3\x82\x93\xe3\x81\x92\xe3\x82\x93",   6155, 1 },
    { "\xe3\x81\xab\xe3\x82\x93\xe3\x81\x97\xe3\x81\x8d",   6156, 1 },
    { "\xe3\x81\xab\xe3\x82\x93\xe3\x81\x98\xe3\x82\x83",   6157, 1 },
    { "\xe3\x81\xab\xe3\x82\x93\xe3\x81\x9a\xe3\x81\x86",   6158, 1 },
    { "\xe3\x81\xab\xe3\x82\x93\xe3\x81\xa1",   6159, 1 },
    { "\xe3\x81\xab\xe3\x82\x93\xe3\x81\xa6\xe3\x81\x84",   6160, 1 },
    { "\xe3\x81\xab\xe3\x82\x93\xe3\x82\x80",   6161, 1 },
    { "\xe3\x81\xab\xe3\x82\x93\xe3\x82\x81",   6162, 1 },
    { "\xe3\x81\xac",   6163, 2 },
    { "\xe3\x81\xac\xe3\x81\x8b",   6165, 1 },
    { "\xe3\x81\xac\xe3\x81\x8d",   6166, 1 },
    { "\xe3\x81\xac\xe3\x81\x97",   6167, 1 },
    { "\xe3\x81\xac\xe3\x81\xae",   6168, 1 },
    { "\xe3\x81\xac\xe3\x81\xbe",   6169, 1 },
    { "\xe3\x81\xac\xe3\x81\xbe\xe3\x81\x9a",   6170, 1 },
    { "\xe3\x81\xad",   6171, 6 },
    { "\xe3\x81\xad\xe3\x81\x84",   6177, 3 },
    { "\xe3\x81\xad\xe3\x81\x86\xe3\x81\xa1",   6180, 1 },
    { "\xe3\x81\xad\xe3\x81\x8e",   6181, 1 },
    { "\xe3\x81\xad\xe3\x81\x8e\xe3\x81\x97",   6182, 1 },
    { "\xe3\x81\xad\xe3\x81\x93",   6183, 1 },
    { "\xe3\x81\xad\xe3\x81\x93\xe3\x81\x8b",   6184, 1 },
    { "\xe3\x81\xad\xe3\x81\xa0\xe3\x82\x93",   6185, 1 },
    { "\xe3\x81\xad\xe3\x81\xa3\xe3\x81\xa8\xe3\x81\x86",   6186, 1 },
    { "\xe3\x81\xad\xe3\x81\xa4",   6187, 1 },
    { "\xe3\x81\xad\xe3\x81\xa4\xe3\x81\x84",   6188, 1 },
    { "\xe3\x81\xad\xe3\x81\xbc\xe3\x81\x86",   6189, 1 },
    { "\xe3\x81\xad\xe3\x82\x82\xe3\x81\xa8",   6190, 1 },
    { "\xe3\x81\xad\xe3\x82\x84\xe3\x81\x8c\xe3\x82\x8f",   6191, 1 },
    { "\xe3\x81\xad\xe3\x82\x8a",   6192, 1 },
    { "\xe3\x81\xad\xe3\x82\x8a\xe3\x81\xbe",   6193, 1 },
    { "\xe3\x81\xad\xe3\x82\x93",   6194, 7 },
    { "\xe3\x81\xad\xe3\x82\x93\xe3\x81\x8b\xe3\x82\x93",   6201, 1 },
    { "\xe3\x81\xad\xe3\x82\x93\xe3\x81\x8c\xe3\x81\xa3\xe3\x81\xb4",   6202, 1 },
    { "\xe3\x81\xad\xe3\x82\x93\xe3\x81\x8d\xe3\x82\x85\xe3\x81\x86",   6203, 1 },
    { "\xe3\x81\xad\xe3\x82\x93\xe3\x81\x97",   6204, 1 },
    { "\xe3\x81\xad\xe3\x82\x93\xe3\x81\x97\xe3\x82\x87\xe3\x81\x86",   6205, 2 },
    { "\xe3\x81\xad\xe3\x82\x93\xe3\x81\x98\xe3\x82\x85\xe3\x81\x86",   6207, 1 },
    { "\xe3\x81\xad\xe3\x82\x93\xe3\x81\x9b\xe3\x81\x84",   6208, 1 },
    { "\xe3\x81\xad\xe3\x82\x93\xe3\x81\xa0\xe3\x81\x84",   6209, 1 },
    { "\xe3\x81\xad\xe3\x82\x93\xe3\x81\xa1\xe3\x82\x87\xe3\x81\x86",   6210, 1 },
    { "\xe3\x81\xad\xe3\x82\x93\xe3\x81\xa8\xe3\x81\x86",   6211, 1 },
    { "\xe3\x81\xad\xe3\x82\x93\xe3\x81\xa9",   6212, 1 },
    { "\xe3\x81\xad\xe3\x82\x93\xe3\x81\xaa\xe3\x81\x84",   6213, 1 },
    { "\xe3\x81\xad\xe3\x82\x93\xe3\x81\xb0\xe3\x82\x93",   6214, 1 },
    { "\xe3\x81\xad\xe3\x82\x93\xe3\x81\xb4",   6215, 1 },
    { "\xe3\x81\xad\xe3\x82\x93\xe3\x81\xbe\xe3\x81\x88",   6216, 1 },
    { "\xe3\x81\xad\xe3\x82\x93\xe3\x81\xbe\xe3\x81\xa4",   6217, 1 },
    { "\xe3\x81\xad\xe3\x82\x93\xe3\x82\x8a\xe3\x82\x87\xe3\x81\x86",   6218, 1 },
    { "\xe3\x81\xad\xe3\x82\x93\xe3\x82\x8a\xe3\x82\x87\xe3\x81\x86\xe3\x81\xb2",   6219, 1 },
    { "\xe3\x81\xad\xe3\x82\x93\xe3\x82\x8c\xe3\x81\x84",   6220, 1 },
    { "\xe3\x81\xae",   6221, 6 },
    { "\xe3\x81\xae\xe3\x81\x86",   6227, 8 },
    { "\xe3\x81\xae\xe3\x81\x86\xe3\x81\x8c\xe3\x81\x8f\xe3\x81\xb6",   6235, 1 },
    { "\xe3\x81\xae\xe3\x81\x86\xe3\x81\x8d",   6236, 1 },
    { "\xe3\x81\xae\xe3\x81\x86\xe3\x81\x8e\xe3\x82\x87\xe3\x81\x86",   6237, 1 },
    { "\xe3\x81\xae\xe3\x81\x86\xe3\x81\x93\xe3\x81\x86\xe3\x81\xa0\xe3\x81\x84",   6238, 1 },
    { "\xe3\x81\xae\xe3\x81\x86\xe3\x81\x9d\xe3\x82\x93",   6239, 1 },
    { "\xe3\x81\xae\xe3\x81\x86\xe3\x81\xa9",   6240, 1 },
    { "\xe3\x81\xae\xe3\x81\x86\xe3\x81\xab\xe3\x82\x85\xe3\x81\x86",   6241, 1 },
    { "\xe3\x81\xae\xe3\x81\x86\xe3\x81\xb2\xe3\x82\x93",   6242, 1 },
    { "\xe3\x81\xae\xe3\x81\x86\xe3\x81\xb2\xe3\x82\x93\xe3\x81\x91\xe3\x81\xa4",   6243, 1 },
    { "\xe3\x81\xae\xe3\x81\x86\xe3\x81\xb2\xe3\x82\x93\xe3\x81\x97\xe3\x82\x87",   6244, 1 },
    { "\xe3\x81\xae\xe3\x81\x86\xe3\x82\x8a\xe3\x82\x87\xe3\x81\x8f",   6245, 1 },
    { "\xe3\x81\xae\xe3\x81\x8d",   6246, 1 },
    { "\xe3\x81\xae\xe3\x81\x90\xe3\x81\xa1",   6247, 1 },
    { "\xe3\x81\xae\xe3\x81\x97\xe3\x81\x9f",   6248, 1 },
    { "\xe3\x81\xae\xe3\x81\x98\xe3\x81\xbe",   6249, 1 },
    { "\xe3\x81\xae\xe3\x81\xa1",   6250, 1 },
    { "\xe3\x81\xae\xe3\x81\xa8\xe3\x81\x9b\xe3\x82\x93",   6251, 1 },
    { "\xe3\x81\xae\xe3\x81\xaf\xe3\x82\x89",   6252, 1 },
    { "\xe3\x81\xae\xe3\x81\xb6",   6253, 3 },
    { "\xe3\x81\xae\xe3\x81\xb6\xe3\x81\x8a",   6256, 2 },
    { "\xe3\x81\xae\xe3\x81\xb6\xe3\x81\xb2\xe3\x82\x8d",   6258, 2 },
    { "\xe3\x81\xae\xe3\x81\xbc\xe3\x82\x8b",   6260, 1 },
    { "\xe3\x81\xae\xe3\x81\xbf",   6261, 1 },
    { "\xe3\x81\xae\xe3\x81\xbf\xe3\x81\x8b\xe3\x81\x84",   6262, 1 },
    { "\xe3\x81\xae\xe3\x82\x80\xe3\x82\x89",   6263, 1 },
    { "\xe3\x81\xae\xe3\x82\x8a",   6264, 8 },
    { "\xe3\x81\xae\xe3\x82\x8a\xe3\x81\x8a",   6272, 2 },
    { "\xe3\x81\xae\xe3\x82\x8a\xe3\x81\x93",   6274, 3 },
    { "\xe3\x81\xae\xe3\x82\x8a\xe3\x81\xb2\xe3\x81\x95",   6277, 1 },
    { "\xe3\x81\xae\xe3\x82\x8a\xe3\x82\x86\xe3\x81\x8d",   6278, 1 },
    { "\xe3\x81\xaf",   6279, 8 },
    { "\xe3\x81\xaf\xe3\x81\x82\xe3\x81\x8f",   6287, 1 },
    { "\xe3\x81\xaf\xe3\x81\x84",   6288, 8 },
    { "\xe3\x81\xaf\xe3\x81\x84\xe3\x81\x84\xe3\x82\x8d",   6296, 1 },
    { "\xe3\x81\xaf\xe3\x81\x84\xe3\x81\x91\xe3\x81\x84",   6297, 2 },
    { "\xe3\x81\xaf\xe3\x81\x84\xe3\x81\x91\xe3\x82\x93",   6299, 1 },
    { "\xe3\x81\xaf\xe3\x81\x84\xe3\x81\x94",   6300, 1 },
    { "\xe3\x81\xaf\xe3\x81\x84\xe3\x81\x97",   6301, 1 },
    { "\xe3\x81\xaf\xe3\x81\x84\xe3\x81\x98\xe3\x82\x87",   6302, 1 },
    { "\xe3\x81\xaf\xe3\x81\x84\xe3\x81\x9b\xe3\x82\x93",   6303, 1 },
    { "\xe3\x81\xaf\xe3\x81\x84\xe3\x81\x9d\xe3\x81\x86",   6304, 1 },
    { "\xe3\x81\xaf\xe3\x81\x84\xe3\x81\x9e\xe3\x81\x8f",   6305, 1 },
    { "\xe3\x81\xaf\xe3\x81\x84\xe3\x81\x9f",   6306, 1 },
    { "\xe3\x81\xaf\xe3\x81\x84\xe3\x81\x9f\xe3\x81\xa4",   6307, 1 },
    { "\xe3\x81\xaf\xe3\x81\x84\xe3\x81\xa1",   6308, 1 },
    { "\xe3\x81\xaf\xe3\x81\x84\xe3\x81\xa1\xe3\x82\x85\xe3\x81\x86\xe3\x82\x8a\xe3\x81\xa4",   6309, 1 },
    { "\xe3\x81\xaf\xe3\x81\x84\xe3\x81\xb5",   6310, 1 },
    { "\xe3\x81\xaf\xe3\x81\x84\xe3\x81\xb5\xe3\x81\xaf\xe3\x82\x93\xe3\x81\x84",   6311, 1 },
    { "\xe3\x81\xaf\xe3\x81\x84\xe3\x81\xb5\xe3\x81\xbb\xe3\x81\x86\xe3\x81\xbb\xe3\x81\x86",   6312, 1 },
    { "\xe3\x81\xaf\xe3\x81\x84\xe3\x81\xb6\xe3\x82\x93",   6313, 1 },
    { "\xe3\x81\xaf\xe3\x81\x84\xe3\x81\xbc\xe3\x81\x8f",   6314, 1 },
    { "\xe3\x81\xaf\xe3\x81\x84\xe3\x82\x8a",   6315, 1 },
    { "\xe3\x81\xaf\xe3\x81\x84\xe3\x82\x8a\xe3\x81\xbb\xe3\x81\x86",   6316, 1 },
    { "\xe3\x81\xaf\xe3\x81\x84\xe3\x82\x8a\xe3\x82\x87",   6317, 1 },
    { "\xe3\x81\xaf\xe3\x81\x84\xe3\x82\x8c\xe3\x81\xa4",   6318, 1 },
    { "\xe3\x81\xaf\xe3\x81\x88",   6319, 1 },
    { "\xe3\x81\xaf\xe3\x81\x8b",   6320, 1 },
    { "\xe3\x81\xaf\xe3\x81\x8b\xe3\x81\x84",   6321, 1 },
    { "\xe3\x81\xaf\xe3\x81\x8b\xe3\x81\x84\xe3\x81\xa6\xe3\x81\x8d",   6322, 1 },
    { "\xe3\x81\xaf\xe3\x81\x8b\xe3\x81\x84\xe3\x82\x8a\xe3\x82\x87\xe3\x81\x8f",   6323, 1 },
    { "\xe3\x81\xaf\xe3\x81\x8b\xe3\x81\x8f",   6324, 1 },
    { "\xe3\x81\xaf\xe3\x81\x8b\xe3\x81\x9b",   6325, 1 },
    { "\xe3\x81\xaf\xe3\x81\x8b\xe3\x81\x9b\xe3\x81\x8b\xe3\x81\xa6\xe3\x81\x84",   6326, 1 },
    { "\xe3\x81\xaf\xe3\x81\x8b\xe3\x81\xbe",   6327, 1 },
    { "\xe3\x81\xaf\xe3\x81\x8b\xe3\x82\x8a",   6328, 1 },
    { "\xe3\x81\xaf\xe3\x81\x8c\xe3\x81\xad",   6329, 1 },
    { "\xe3\x81\xaf\xe3\x81\x8d",   6330, 1 },
    { "\xe3\x81\xaf\xe3\x81\x8e",   6331, 2 },
    { "\xe3\x81\xaf\xe3\x81\x8e\xe3\x82\x84",   6333, 1 },
    { "\xe3\x81\xaf\xe3\x81\x8f",   6334, 8 },
    { "\xe3\x81\xaf\xe3\x81\x8f\xe3\x81\x84",   6342, 1 },
    { "\xe3\x81\xaf\xe3\x81\x8f\xe3\x81\x8c\xe3\x81\x84",   6343, 1 },
    { "\xe3\x81\xaf\xe3\x81\x8f\xe3\x81\x95\xe3\x82\x93",   6344, 1 },
    { "\xe3\x81\xaf\xe3\x81\x8f\xe3\x81\x97",   6345, 1 },
    { "\xe3\x81\xaf\xe3\x81\x8f\xe3\x81\x97\xe3\x81\x8b\xe3\x81\xa6\xe3\x81\x84",   6346, 1 },
    { "\xe3\x81\xaf\xe3\x81\x8f\xe3\x81\x97\xe3\x82\x83\xe3\x81\x8f",   6347, 1 },
    { "\xe3\x81\xaf\xe3\x81\x8f\xe3\x81\x98\xe3\x82\x87\xe3\x81\x86",   6348, 2 },
    { "\xe3\x81\xaf\xe3\x81\x8f\xe3\x81\x98\xe3\x82\x93",   6350, 1 },
    { "\xe3\x81\xaf\xe3\x81\x8f\xe3\x81\xb6\xe3\x81\xa4\xe3\x81\x8b\xe3\x82\x93",   6351, 1 },
    { "\xe3\x81\xaf\xe3\x81\x8f\xe3\x82\x8a\xe3\x82\x87\xe3\x81\x8f",   6352, 1 },
    { "\xe3\x81\xaf\xe3\x81\x90\xe3\x82\x8d",   6353, 1 },
    { "\xe3\x81\xaf\xe3\x81\x91\xe3\x82\x93",   6354, 1 },
    { "\xe3\x81\xaf\xe3\x81\x93",   6355, 2 },
    { "\xe3\x81\xaf\xe3\x81\x93\xe3\x81\x96\xe3\x81\x8d",   6357, 1 },
    { "\xe3\x81\xaf\xe3\x81\x93\xe3\x81\xa0\xe3\x81\xa6",   6358, 1 },
    { "\xe3\x81\xaf\xe3\x81\x93\xe3\x81\xad",   6359, 1 },
    { "\xe3\x81\xaf\xe3\x81\x95\xe3\x82\x93",   6360, 1 },
    { "\xe3\x81\xaf\xe3\x81\x96\xe3\x81\xbe",   6361, 1 },
    { "\xe3\x81\xaf\xe3\x81\x97",   6362, 3 },
    { "\xe3\x81\xaf\xe3\x81\x97\xe3\x81\xa0",   6365, 1 },
    { "\xe3\x81\xaf\xe3\x81\x97\xe3\x82\x89",   6366, 1 },
    { "\xe3\x81\xaf\xe3\x81\x98",   6367, 1 },
    { "\xe3\x81\xaf\xe3\x81\x98\xe3\x82\x81",   6368, 2 },
    { "\xe3\x81\xaf\xe3\x81\x99",   6370, 1 },
    { "\xe3\x81\xaf\xe3\x81\x9a",   6371, 1 },
    { "\xe3\x81\xaf\xe3\x81\x9a\xe3\x82\x8c",   6372, 1 },
    { "\xe3\x81\xaf\xe3\x81\x9b\xe3\x81\x8c\xe3\x82\x8f",   6373, 1 },
    { "\xe3\x81\xaf\xe3\x81\x9c",   6374, 1 },
    { "\xe3\x81\xaf\xe3\x81\x9f",   6375, 5 },
    { "\xe3\x81\xaf\xe3\x81\x9f\xe3\x81\x91",   6380, 2 },
    { "\xe3\x81\xaf\xe3\x81\x9f\xe3\x82\x93",   6382, 1 },
    { "\xe3\x81\xaf\xe3\x81\xa0",   6383, 1 },
    { "\xe3\x81\xaf\xe3\x81\xa0\xe3\x81\x8b",   6384, 1 },
    { "\xe3\x81\xaf\xe3\x81\xa1",   6385, 2 },
    { "\xe3\x81\xaf\xe3\x81\xa3",   6387, 1 },
    { "\xe3\x81\xaf\xe3\x81\xa3\xe3\x81\x8b\xe3\x82\x93",   6388, 1 },
    { "\xe3\x81\xaf\xe3\x81\xa3\xe3\x81\x8d",   6389, 1 },
    { "\xe3\x81\xaf\xe3\x81\xa3\xe3\x81\x8d\xe3\x82\x87\xe3\x81\x86",   6390, 1 },
    { "\xe3\x81\xaf\xe3\x81\xa3\xe3\x81\x8f\xe3\x81\xa4",   6391, 1 },
    { "\xe3\x81\xaf\xe3\x81\xa3\xe3\x81\x91\xe3\x81\x84",   6392, 1 },
    { "\xe3\x81\xaf\xe3\x81\xa3\xe3\x81\x91\xe3\x82\x93",   6393, 1 },
    { "\xe3\x81\xaf\xe3\x81\xa3\xe3\x81\x93\xe3\x81\x86",   6394, 2 },
    { "\xe3\x81\xaf\xe3\x81\xa3\xe3\x81\x93\xe3\x81\x86\xe3\x81\xad\xe3\x82\x93",   6396, 1 },
    { "\xe3\x81\xaf\xe3\x81\xa3\xe3\x81\x95\xe3\x82\x93",   6397, 1 },
    { "\xe3\x81\xaf\xe3\x81\xa3\xe3\x81\x97\xe3\x82\x83",   6398, 1 },
    { "\xe3\x81\xaf\xe3\x81\xa3\xe3\x81\x97\xe3\x82\x87\xe3\x81\x86",   6399, 1 },
    { "\xe3\x81\xaf\xe3\x81\xa3\xe3\x81\x97\xe3\x82\x93",   6400, 1 },
    { "\xe3\x81\xaf\xe3\x81\xa3\xe3\x81\x97\xe3\x82\x93\xe3\x81\xb3",   6401, 1 },
    { "\xe3\x81\xaf\xe3\x81\xa3\xe3\x81\x9b\xe3\x81\x84",   6402, 1 },
    { "\xe3\x81\xaf\xe3\x81\xa3\xe3\x81\x9b\xe3\x81\x84\xe3\x81\xbb\xe3\x81\x86",   6403, 1 },
    { "\xe3\x81\xaf\xe3\x81\xa3\xe3\x81\x9d\xe3\x81\x86",   6404, 2 },
    { "\xe3\x81\xaf\xe3\x81\xa3\xe3\x81\x9f\xe3\x81\xa4",   6406, 1 },
    { "\xe3\x81\xaf\xe3\x81\xa3\xe3\x81\xa1\xe3\x82\x85\xe3\x81\x86",   6407, 1 },
    { "\xe3\x81\xaf\xe3\x81\xa3\xe3\x81\xa6\xe3\x82\x93",   6408, 1 },
    { "\xe3\x81\xaf\xe3\x81\xa3\xe3\x81\xb4\xe3\x82\x83\xe3\x81\x8f",   6409, 1 },
    { "\xe3\x81\xaf\xe3\x81\xa3\xe3\x81\xb4\xe3\x82\x87\xe3\x81\x86",   6410, 1 },
    { "\xe3\x81\xaf\xe3\x81\xa3\xe3\x81\xb4\xe3\x82\x87\xe3\x81\x86\xe3\x81\x8b\xe3\x81\x84",   6411, 1 },
    { "\xe3\x81\xaf\xe3\x81\xa3\xe3\x81\xb4\xe3\x82\x87\xe3\x81\x86\xe3\x81\x97\xe3\x82\x83",   6412, 1 },
    { "\xe3\x81\xaf\xe3\x81\xa4",   6413, 5 },
    { "\xe3\x81\xaf\xe3\x81\xa4\xe3\x81\x8a\xe3\x82\x93",   6418, 1 },
    { "\xe3\x81\xaf\xe3\x81\xa4\xe3\x81\x92\xe3\x82\x93",   6419, 1 },
    { "\xe3\x81\xaf\xe3\x81\xa4\xe3\x81\x95\xe3\x82\x8f",   6420, 1 },
    { "\xe3\x81\xaf\xe3\x81\xa4\xe3\x81\xa7\xe3\x82\x93",   6421, 1 },
    { "\xe3\x81\xaf\xe3\x81\xa4\xe3\x81\xa7\xe3\x82\x93\xe3\x81\x97\xe3\x82\x87",   6422, 1 },
    { "\xe3\x81\xaf\xe3\x81\xa4\xe3\x81\xab",   6423, 1 },
    { "\xe3\x81\xaf\xe3\x81\xa4\xe3\x81\xb0\xe3\x81\x84",   6424, 1 },
    { "\xe3\x81\xaf\xe3\x81\xa4\xe3\x81\xb2\xe3\x81\xae\xe3\x81\xa7",   6425, 1 },
    { "\xe3\x81\xaf\xe3\x81\xa4\xe3\x81\xbb\xe3\x82\x93",   6426, 1 },
    { "\xe3\x81\xaf\xe3\x81\xa4\xe3\x82\x81\xe3\x81\x84",   6427, 1 },
    { "\xe3\x81\xaf\xe3\x81\xa4\xe3\x82\x82\xe3\x81\x86\xe3\x81\xa7",   6428, 1 },
    { "\xe3\x81\xaf\xe3\x81\xa4\xe3\x82\x86\xe3\x82\x81",   6429, 1 },
    { "\xe3\x81\xaf\xe3\x81\xa6\xe3\x81\xaa",   6430, 1 },
    { "\xe3\x81\xaf\xe3\x81\xa7",   6431, 1 },
    { "\xe3\x81\xaf\xe3\x81\xa8",   6432, 1 },
    { "\xe3\x81\xaf\xe3\x81\xaa",   6433, 3 },
    { "\xe3\x81\xaf\xe3\x81\xaa\xe3\x81\x84\xe3\x81\x9a\xe3\x81\xbf",   6436, 1 },
    { "\xe3\x81\xaf\xe3\x81\xaa\xe3\x81\x97",   6437, 2 },
    { "\xe3\x81\xaf\xe3\x81\xaa\xe3\x81\x9f\xe3\x81\xb0",   6439, 1 },
    { "\xe3\x81\xaf\xe3\x81\xaa\xe3\x81\xb3",   6440, 1 },
    { "\xe3\x81\xaf\xe3\x81\xaa\xe3\x82\x82\xe3\x81\x98",   6441, 1 },
    { "\xe3\x81\xaf\xe3\x81\xaa\xe3\x82\x88\xe3\x82\x81",   6442, 1 },
    { "\xe3\x81\xaf\xe3\x81\xaa\xe3\x82\x8f",   6443, 1 },
    { "\xe3\x81\xaf\xe3\x81\xad",   6444, 2 },
    { "\xe3\x81\xaf\xe3\x81\xad\xe3\x81\xa0",   6446, 1 },
    { "\xe3\x81\xaf\xe3\x81\xaf",   6447, 1 },
    { "\xe3\x81\xaf\xe3\x81\xaf\xe3\x81\x8a\xe3\x82\x84",   6448, 1 },
    { "\xe3\x81\xaf\xe3\x81\xb0",   6449, 1 },
    { "\xe3\x81\xaf\xe3\x81\xb8\xe3\x82\x93",   6450, 1 },
    { "\xe3\x81\xaf\xe3\x81\xbe",   6451, 1 },
    { "\xe3\x81\xaf\xe3\x81\xbe\xe3\x81\x8b\xe3\x82\x8f",   6452, 1 },
    { "\xe3\x81\xaf\xe3\x81\xbe\xe3\x81\x90\xe3\x82\x8a",   6453, 1 },
    { "\xe3\x81\xaf\xe3\x81\xbe\xe3\x81\xa0",   6454, 1 },
    { "\xe3\x81\xaf\xe3\x81\xbe\xe3\x81\xbe\xe3\x81\xa4",   6455, 1 },
    { "\xe3\x81\xaf\xe3\x81\xbe\xe3\x81\xbe\xe3\x81\xa4\xe3\x81\x97",   6456, 1 },
    { "\xe3\x81\xaf\xe3\x82\x82\xe3\x81\xae",   6457, 1 },
    { "\xe3\x81\xaf\xe3\x82\x82\xe3\x82\x93",   6458, 1 },
    { "\xe3\x81\xaf\xe3\x82\x84",   6459, 1 },
    { "\xe3\x81\xaf\xe3\x82\x84\xe3\x81\x8b\xe3\x82\x8f\xe3\x81\xb6\xe3\x82\x93\xe3\x81\x93",   6460, 1 },
    { "\xe3\x81\xaf\xe3\x82\x84\xe3\x81\x97",   6461, 1 },
    { "\xe3\x81\xaf\xe3\x82\x84\xe3\x81\xb0\xe3\x82\x84",   6462, 1 },
    { "\xe3\x81\xaf\xe3\x82\x84\xe3\x81\xb6\xe3\x81\x95",   6463, 1 },
    { "\xe3\x81\xaf\xe3\x82\x84\xe3\x82\x81",   6464, 1 },
    { "\xe3\x81\xaf\xe3\x82\x84\xe3\x82\x8a",   6465, 1 },
    { "\xe3\x81\xaf\xe3\x82\x89",   6466, 2 },
    { "\xe3\x81\xaf\xe3\x82\x89\xe3\x81\xa0",   6468, 1 },
    { "\xe3\x81\xaf\xe3\x82\x89\xe3\x82\x93",   6469, 1 },
    { "\xe3\x81\xaf\xe3\x82\x8a",   6470, 2 },
    { "\xe3\x81\xaf\xe3\x82\x8b",   6472, 2 },
    { "\xe3\x81\xaf\xe3\x82\x8b\xe3\x81\x8b",   6474, 1 },
    { "\xe3\x81\xaf\xe3\x82\x8b\xe3\x81\x8d",   6475, 1 },
    { "\xe3\x81\xaf\xe3\x82\x93",   6476, 8 },
    { "\xe3\x81\xaf\xe3\x82\x93\xe3\x81\x84",   6484, 1 },
    { "\xe3\x81\xaf\xe3\x82\x93\xe3\x81\x88\xe3\x81\x84",   6485, 1 },
    { "\xe3\x81\xaf\xe3\x82\x93\xe3\x81\x8b\xe3\x81\x8f",   6486, 1 },
    { "\xe3\x81\xaf\xe3\x82\x93\xe3\x81\x8b\xe3\x81\x8f\xe3\x81\x8b\xe3\x81\x9f\xe3\x81\x8b\xe3\x81\xaa",   6487, 1 },
    { "\xe3\x81\xaf\xe3\x82\x93\xe3\x81\x8b\xe3\x81\x8f\xe3\x81\x8b\xe3\x81\xaa",   6488, 1 },
    { "\xe3\x81\xaf\xe3\x82\x93\xe3\x81\x8c\xe3\x81\x8f",   6489, 1 },
    { "\xe3\x81\xaf\xe3\x82\x93\xe3\x81\x8d\xe3\x82\x85\xe3\x81\x86",   6490, 1 },
    { "\xe3\x81\xaf\xe3\x82\x93\xe3\x81\x8d\xe3\x82\x87\xe3\x81\x86",   6491, 1 },
    { "\xe3\x81\xaf\xe3\x82\x93\xe3\x81\x96\xe3\x81\x84",   6492, 1 },
    { "\xe3\x81\xaf\xe3\x82\x93\xe3\x81\x96\xe3\x81\x84\xe3\x81\x97\xe3\x82\x83",   6493, 1 },
    { "\xe3\x81\xaf\xe3\x82\x93\xe3\x81\x97\xe3\x82\x83",   6494, 1 },
    { "\xe3\x81\xaf\xe3\x82\x93\xe3\x81\x97\xe3\x82\x83\xe3\x81\xa6\xe3\x81\x8d",   6495, 1 },
    { "\xe3\x81\xaf\xe3\x82\x93\xe3\x81\x97\xe3\x82\x87\xe3\x81\x8f",   6496, 1 },
    { "\xe3\x81\xaf\xe3\x82\x93\xe3\x81\x97\xe3\x82\x87\xe3\x81\x8f\xe3\x81\xa1",   6497, 1 },
    { "\xe3\x81\xaf\xe3\x82\x93\xe3\x81\x97\xe3\x82\x93",   6498, 1 },
    { "\xe3\x81\xaf\xe3\x82\x93\xe3\x81\x9b\xe3\x81\x84",   6499, 1 },
    { "\xe3\x81\xaf\xe3\x82\x93\xe3\x81\x9b\xe3\x81\x84\xe3\x81\x8b\xe3\x81\x84",   6500, 1 },
    { "\xe3\x81\xaf\xe3\x82\x93\xe3\x81\x9f\xe3\x81\x84",   6501, 1 },
    { "\xe3\x81\xaf\xe3\x82\x93\xe3\x81\xa0",   6502, 1 },
    { "\xe3\x81\xaf\xe3\x82\x93\xe3\x81\xa0\xe3\x81\x84",   6503, 1 },
    { "\xe3\x81\xaf\xe3\x82\x93\xe3\x81\xa0\xe3\x82\x93",   6504, 1 },
    { "\xe3\x81\xaf\xe3\x82\x93\xe3\x81\xa6\xe3\x81\x84",   6505, 1 },
    { "\xe3\x81\xaf\xe3\x82\x93\xe3\x81\xa6\xe3\x81\x84\xe3\x81\x8b\xe3\x81\x84\xe3\x82\x8d",   6506, 1 },
    { "\xe3\x81\xaf\xe3\x82\x93\xe3\x81\xa6\xe3\x81\x84\xe3\x81\x8b\xe3\x81\xae\xe3\x81\x86",   6507, 1 },
    { "\xe3\x81\xaf\xe3\x82\x93\xe3\x81\xa6\xe3\x82\x93",   6508, 1 },
    { "\xe3\x81\xaf\xe3\x82\x93\xe3\x81\xa8\xe3\x81\x97",   6509, 1 },
    { "\xe3\x81\xaf\xe3\x82\x93\xe3\x81\xa9\xe3\x81\x86\xe3\x81\x9f\xe3\x81\x84",   6510, 1 },
    { "\xe3\x81\xaf\xe3\x82\x93\xe3\x81\xab\xe3\x82\x93",   6511, 1 },
    { "\xe3\x81\xaf\xe3\x82\x93\xe3\x81\xae\xe3\x81\x86",   6512, 1 },
    { "\xe3\x81\xaf\xe3\x82\x93\xe3\x81\xb0\xe3\x81\x84",   6513, 1 },
    { "\xe3\x81\xaf\xe3\x82\x93\xe3\x81\xb0\xe3\x81\x84\xe3\x81\xa6\xe3\x82\x93",   6514, 1 },
    { "\xe3\x81\xaf\xe3\x82\x93\xe3\x81\xb1",   6515, 1 },
    { "\xe3\x81\xaf\xe3\x82\x93\xe3\x81\xb6\xe3\x82\x93",   6516, 1 },
    { "\xe3\x81\xaf\xe3\x82\x93\xe3\x81\xb7\xe3\x81\x8f",   6517, 1 },
    { "\xe3\x81\xaf\xe3\x82\x93\xe3\x81\xb9\xe3\x81\xa4",   6518, 1 },
    { "\xe3\x81\xaf\xe3\x82\x93\xe3\x82\x81\xe3\x81\x84",   6519, 1 },
    { "\xe3\x81\xaf\xe3\x82\x93\xe3\x82\x81\xe3\x82\x93",   6520, 1 },
    { "\xe3\x81\xaf\xe3\x82\x93\xe3\x82\x88\xe3\x81\x86",   6521, 1 },
    { "\xe3\x81\xaf\xe3\x82\x93\xe3\x82\x88\xe3\x81\x86\xe3\x81\x8d",   6522, 1 },
    { "\xe3\x81\xaf\xe3\x82\x93\xe3\x82\x88\xe3\x81\x86\xe3\x81\xa6\xe3\x81\x8d",   6523, 1 },
    { "\xe3\x81\xaf\xe3\x82\x93\xe3\x82\x89\xe3\x82\x93",   6524, 1 },
    { "\xe3\x81\xaf\xe3\x82\x93\xe3\x82\x8d\xe3\x82\x93",   6525, 1 },
    { "\xe3\x81\xb0",   6526, 6 },
    { "\xe3\x81\xb0\xe3\x81\x82\xe3\x81\x84",   6532, 1 },
    { "\xe3\x81\xb0\xe3\x81\x84",   6533, 8 },
    { "\xe3\x81\xb0\xe3\x81\x84\xe3\x81\x86",   6541, 1 },
    { "\xe3\x81\xb0\xe3\x81\x84\xe3\x81\x8b\xe3\x81\x84",   6542, 1 },
    { "\xe3\x81\xb0\xe3\x81\x84\xe3\x81\x8b\xe3\x81\x8f",   6543, 1 },
    { "\xe3\x81\xb0\xe3\x81\x84\xe3\x81\x99\xe3\x81\x86",   6544, 1 },
    { "\xe3\x81\xb0\xe3\x81\x84\xe3\x81\x9f\xe3\x81\x84",   6545, 1 },
    { "\xe3\x81\xb0\xe3\x81\x84\xe3\x81\xb0\xe3\x81\x84",   6546, 1 },
    { "\xe3\x81\xb0\xe3\x81\x8b",   6547, 1 },
    { "\xe3\x81\xb0\xe3\x81\x8f",   6548, 8 },
    { "\xe3\x81\xb0\xe3\x81\x8f\xe3\x81\x97\xe3\x82\x87\xe3\x81\x86",   6556, 1 },
    { "\xe3\x81\xb0\xe3\x81\x8f\xe3\x81\x9c\xe3\x82\x93",   6557, 1 },
    { "\xe3\x81\xb0\xe3\x81\x8f\xe3\x81\xa0\xe3\x81\x84",   6558, 1 },
    { "\xe3\x81\xb0\xe3\x81\x8f\xe3\x81\xaf",   6559, 1 },
    { "\xe3\x81\xb0\xe3\x81\x8f\xe3\x81\xaf\xe3\x81\xa4",   6560, 1 },
    { "\xe3\x81\xb0\xe3\x81\x8f\xe3\x81\xaf\xe3\x81\xa4\xe3\x81\xa6\xe3\x81\x8d",   6561, 1 },
    { "\xe3\x81\xb0\xe3\x81\x97",   6562, 1 },
    { "\xe3\x81\xb0\xe3\x81\x97\xe3\x82\x87",   6563, 1 },
    { "\xe3\x81\xb0\xe3\x81\x9b\xe3\x81\x84",   6564, 1 },
    { "\xe3\x81\xb0\xe3\x81\xa1",   6565, 1 },
    { "\xe3\x81\xb0\xe3\x81\xa3\xe3\x81\x99\xe3\x81\x84",   6566, 1 },
    { "\xe3\x81\xb0\xe3\x81\xa4",   6567, 7 },
    { "\xe3\x81\xb0\xe3\x82\x81\xe3\x82\x93",   6574, 1 },
    { "\xe3\x81\xb0\xe3\x82\x93",   6575, 8 },
    { "\xe3\x81\xb0\xe3\x82\x93\xe3\x81\x8c\xe3\x81\x84",   6583, 1 },
    { "\xe3\x81\xb0\xe3\x82\x93\xe3\x81\x90\xe3\x81\xbf",   6584, 1 },
    { "\xe3\x81\xb0\xe3\x82\x93\xe3\x81\x93\xe3\x81\x8f",   6585, 1 },
    { "\xe3\x81\xb0\xe3\x82\x93\xe3\x81\x94\xe3\x81\x86",   6586, 1 },
    { "\xe3\x81\xb0\xe3\x82\x93\xe3\x81\x97\xe3\x82\x87\xe3\x81\x86",   6587, 1 },
    { "\xe3\x81\xb0\xe3\x82\x93\xe3\x81\x9d\xe3\x81\x86",   6588, 1 },
    { "\xe3\x81\xb0\xe3\x82\x93\xe3\x81\xa1",   6589, 1 },
    { "\xe3\x81\xb0\xe3\x82\x93\xe3\x81\xae\xe3\x81\x86",   6590, 1 },
    { "\xe3\x81\xb0\xe3\x82\x93\xe3\x82\x81",   6591, 1 },
    { "\xe3\x81\xb0\xe3\x82\x93\xe3\x82\x8a",   6592, 1 },
    { "\xe3\x81\xb1",   6593, 2 },
    { "\xe3\x81\xb1\xe3\x82\x93",   6595, 1 },
    { "\xe3\x81\xb2",   6596, 8 },
    { "\xe3\x81\xb2\xe3\x81\x84\xe3\x82\x89\xe3\x81\x8e",   6604, 1 },
    { "\xe3\x81\xb2\xe3\x81\x88",   6605, 1 },
    { "\xe3\x81\xb2\xe3\x81\x8b\xe3\x81\x8b\xe3\x81\x84",   6606, 1 },
    { "\xe3\x81\xb2\xe3\x81\x8b\xe3\x81\x8f",   6607, 1 },
    { "\xe3\x81\xb2\xe3\x81\x8b\xe3\x81\x8f\xe3\x81\xa6\xe3\x81\x8d",   6608, 1 },
    { "\xe3\x81\xb2\xe3\x81\x8b\xe3\x81\x92",   6609, 1 },
    { "\xe3\x81\xb2\xe3\x81\x8b\xe3\x82\x8a",   6610, 1 },
    { "\xe3\x81\xb2\xe3\x81\x8b\xe3\x82\x93",   6611, 1 },
    { "\xe3\x81\xb2\xe3\x81\x8c\xe3\x81\x84",   6612, 1 },
    { "\xe3\x81\xb2\xe3\x81\x8c\xe3\x81\x97",   6613, 1 },
    { "\xe3\x81\xb2\xe3\x81\x8c\xe3\x81\x97\xe3\x81\xae",   6614, 1 },
    { "\xe3\x81\xb2\xe3\x81\x8d",   6615, 4 },
    { "\xe3\x81\xb2\xe3\x81\x8d\xe3\x81\x99\xe3\x81\x86",   6619, 1 },
    { "\xe3\x81\xb2\xe3\x81\x90\xe3\x81\xa1",   6620, 1 },
    { "\xe3\x81\xb2\xe3\x81\x91\xe3\x81\xa3\xe3\x81\xa6\xe3\x81\x84\xe3\x81\x9b\xe3\x81\x84",   6621, 1 },
    { "\xe3\x81\xb2\xe3\x81\x92",   6622, 1 },
    { "\xe3\x81\xb2\xe3\x81\x92\xe3\x81\x8d",   6623, 1 },
    { "\xe3\x81\xb2\xe3\x81\x92\xe3\x82\x93\xe3\x81\x98\xe3\x81\xa4\xe3\x81\xa6\xe3\x81\x8d",   6624, 1 },
    { "\xe3\x81\xb2\xe3\x81\x93",   6625, 1 },
    { "\xe3\x81\xb2\xe3\x81\x93\xe3\x81\x86",   6626, 2 },
    { "\xe3\x81\xb2\xe3\x81\x93\xe3\x81\x86\xe3\x81\x8d",   6628, 1 },
    { "\xe3\x81\xb2\xe3\x81\x93\xe3\x81\x86\xe3\x81\x97\xe3\x82\x87\xe3\x81\x86\xe3\x81\xad\xe3\x82\x93",   6629, 1 },
    { "\xe3\x81\xb2\xe3\x81\x94\xe3\x82\x8d",   6630, 1 },
    { "\xe3\x81\xb2\xe3\x81\x95",   6631, 2 },
    { "\xe3\x81\xb2\xe3\x81\x95\xe3\x81\x8a",   6633, 1 },
    { "\xe3\x81\xb2\xe3\x81\x95\xe3\x81\x8d",   6634, 1 },
    { "\xe3\x81\xb2\xe3\x81\x95\xe3\x82\x93",   6635, 1 },
    { "\xe3\x81\xb2\xe3\x81\x96",   6636, 1 },
    { "\xe3\x81\xb2\xe3\x81\x97",   6637, 1 },
    { "\xe3\x81\xb2\xe3\x81\x97\xe3\x81\x8c\xe3\x81\x9f",   6638, 1 },
    { "\xe3\x81\xb2\xe3\x81\x97\xe3\x81\xa0",   6639, 1 },
    { "\xe3\x81\xb2\xe3\x81\x97\xe3\x82\x87",   6640, 1 },
    { "\xe3\x81\xb2\xe3\x81\x98",   6641, 1 },
    { "\xe3\x81\xb2\xe3\x81\x98\xe3\x82\x85\xe3\x81\x86\xe3\x81\xb5\xe3\x81\x8f",   6642, 1 },
    { "\xe3\x81\xb2\xe3\x81\x98\xe3\x82\x85\xe3\x81\x86\xe3\x81\xb5\xe3\x81\x8f\xe3\x82\x8f",   6643, 1 },
    { "\xe3\x81\xb2\xe3\x81\x98\xe3\x82\x87\xe3\x81\x86",   6644, 1 },
    { "\xe3\x81\xb2\xe3\x81\x98\xe3\x82\x87\xe3\x81\x86\xe3\x81\x8d\xe3\x82\x93",   6645, 1 },
    { "\xe3\x81\xb2\xe3\x81\x9f\xe3\x81\x84",   6646, 1 },
    { "\xe3\x81\xb2\xe3\x81\x9f\xe3\x81\xa1",   6647, 1 },
    { "\xe3\x81\xb2\xe3\x81\x9f\xe3\x82\x93\xe3\x81\xa1\xe3\x82\x87\xe3\x81\x86",   6648, 1 },
    { "\xe3\x81\xb2\xe3\x81\xa0",   6649, 2 },
    { "\xe3\x81\xb2\xe3\x81\xa0\xe3\x81\x84",   6651, 1 },
    { "\xe3\x81\xb2\xe3\x81\xa0\xe3\x81\x84\xe3\x81\x8b",   6652, 1 },
    { "\xe3\x81\xb2\xe3\x81\xa0\xe3\x81\x8b",   6653, 1 },
    { "\xe3\x81\xb2\xe3\x81\xa0\xe3\x82\x8a",   6654, 2 },
    { "\xe3\x81\xb2\xe3\x81\xa0\xe3\x82\x8a\xe3\x81\x8c\xe3\x82\x8f",   6656, 1 },
    { "\xe3\x81\xb2\xe3\x81\xa0\xe3\x82\x8a\xe3\x82\x88\xe3\x81\x86\xe3\x81\x9d",   6657, 1 },
    { "\xe3\x81\xb2\xe3\x81\xa3",   6658, 1 },
    { "\xe3\x81\xb2\xe3\x81\xa3\xe3\x81\x97",   6659, 1 },
    { "\xe3\x81\xb2\xe3\x81\xa3\xe3\x81\x97\xe3\x82\x83",   6660, 1 },
    { "\xe3\x81\xb2\xe3\x81\xa3\xe3\x81\x99",   6661, 1 },
    { "\xe3\x81\xb2\xe3\x81\xa3\xe3\x81\xa1\xe3\x82\x83\xe3\x81\x8f",   6662, 1 },
    { "\xe3\x81\xb2\xe3\x81\xa4",   6663, 6 },
    { "\xe3\x81\xb2\xe3\x81\xa4\xe3\x81\x8e",   6669, 1 },
    { "\xe3\x81\xb2\xe3\x81\xa4\xe3\x81\x98",   6670, 2 },
    { "\xe3\x81\xb2\xe3\x81\xa4\xe3\x81\x98\xe3\x82\x85",   6672, 1 },
    { "\xe3\x81\xb2\xe3\x81\xa4\xe3\x81\x9c\xe3\x82\x93",   6673, 1 },
    { "\xe3\x81\xb2\xe3\x81\xa4\xe3\x81\x9c\xe3\x82\x93\xe3\x81\x9b\xe3\x81\x84",   6674, 1 },
    { "\xe3\x81\xb2\xe3\x81\xa4\xe3\x81\x9c\xe3\x82\x93\xe3\x81\xa6\xe3\x81\x8d",   6675, 1 },
    { "\xe3\x81\xb2\xe3\x81\xa4\xe3\x81\xa9\xe3\x81\x8f",   6676, 1 },
    { "\xe3\x81\xb2\xe3\x81\xa4\xe3\x82\x88\xe3\x81\x86",   6677, 1 },
    { "\xe3\x81\xb2\xe3\x81\xa4\xe3\x82\x88\xe3\x81\x86\xe3\x81\x9b\xe3\x81\x84",   6678, 1 },
    { "\xe3\x81\xb2\xe3\x81\xa5\xe3\x81\x91",   6679, 1 },
    { "\xe3\x81\xb2\xe3\x81\xa6\xe3\x81\x84",   6680, 1 },
    { "\xe3\x81\xb2\xe3\x81\xa7",   6681, 2 },
    { "\xe3\x81\xb2\xe3\x81\xa7\xe3\x81\x82\xe3\x81\x8d",   6683, 1 },
    { "\xe3\x81\xb2\xe3\x81\xa7\xe3\x81\x8d",   6684, 1 },
    { "\xe3\x81\xb2\xe3\x81\xa7\xe3\x81\xb2\xe3\x81\x93",   6685, 1 },
    { "\xe3\x81\xb2\xe3\x81\xa7\xe3\x82\x86\xe3\x81\x8d",   6686, 1 },
    { "\xe3\x81\xb2\xe3\x81\xa8",   6687, 1 },
    { "\xe3\x81\xb2\xe3\x81\xa8\xe3\x81\x84\xe3\x81\x8d",   6688, 1 },
    { "\xe3\x81\xb2\xe3\x81\xa8\xe3\x81\x8f\xe3\x81\xa1",   6689, 1 },
    { "\xe3\x81\xb2\xe3\x81\xa8\xe3\x81\x91",   6690, 1 },
    { "\xe3\x81\xb2\xe3\x81\xa8\xe3\x81\x93\xe3\x81\x88",   6691, 1 },
    { "\xe3\x81\xb2\xe3\x81\xa8\xe3\x81\x93\xe3\x81\xa8",   6692, 1 },
    { "\xe3\x81\xb2\xe3\x81\xa8\xe3\x81\x94\xe3\x81\xa8",   6693, 1 },
    { "\xe3\x81\xb2\xe3\x81\xa8\xe3\x81\x99\xe3\x81\x98",   6694, 1 },
    { "\xe3\x81\xb2\xe3\x81\xa8\xe3\x81\x99\xe3\x81\x98\xe3\x81\xaa\xe3\x82\x8f",   6695, 1 },
    { "\xe3\x81\xb2\xe3\x81\xa8\xe3\x81\x9f\xe3\x81\xa1",   6696, 1 },
    { "\xe3\x81\xb2\xe3\x81\xa8\xe3\x81\x9f\xe3\x81\xb3",   6697, 1 },
    { "\xe3\x81\xb2\xe3\x81\xa8\xe3\x81\xa7",   6698, 2 },
    { "\xe3\x81\xb2\xe3\x81\xa8\xe3\x81\xaa\xe3\x81\xbf",   6700, 1 },
    { "\xe3\x81\xb2\xe3\x81\xa8\xe3\x81\xb3\xe3\x81\xa8",   6701, 1 },
    { "\xe3\x81\xb2\xe3\x81\xa8\xe3\x81\xbf",   6702, 1 },
    { "\xe3\x81\xb2\xe3\x81\xa8\xe3\x82\x81",   6703, 1 },
    { "\xe3\x81\xb2\xe3\x81\xa8\xe3\x82\x8a",   6704, 1 },
    { "\xe3\x81\xb2\xe3\x81\xa9\xe3\x81\x86\xe3\x81\x8d",   6705, 1 },
    { "\xe3\x81\xb2\xe3\x81\xaa\xe3\x81\x9f",   6706, 1 },
    { "\xe3\x81\xb2\xe3\x81\xaa\xe3\x82\x93",   6707, 1 },
    { "\xe3\x81\xb2\xe3\x81\xab\xe3\x81\x8f",   6708, 1 },
    { "\xe3\x81\xb2\xe3\x81\xae",   6709, 1 },
    { "\xe3\x81\xb2\xe3\x81\xae\xe3\x81\x8d",   6710, 1 },
    { "\xe3\x81\xb2\xe3\x81\xaf\xe3\x82\x93",   6711, 1 },
    { "\xe3\x81\xb2\xe3\x81\xb3",   6712, 1 },
    { "\xe3\x81\xb2\xe3\x81\xb3\xe3\x82\x84",   6713, 1 },
    { "\xe3\x81\xb2\xe3\x81\xbe",   6714, 1 },
    { "\xe3\x81\xb2\xe3\x81\xbf\xe3\x81\xa4",   6715, 1 },
    { "\xe3\x81\xb2\xe3\x82\x81",   6716, 2 },
    { "\xe3\x81\xb2\xe3\x82\x81\xe3\x81\x84",   6718, 1 },
    { "\xe3\x81\xb2\xe3\x82\x82",   6719, 1 },
    { "\xe3\x81\xb2\xe3\x82\x83\xe3\x81\x8f",   6720, 1 },
    { "\xe3\x81\xb2\xe3\x82\x84\xe3\x81\x82\xe3\x81\x9b",   6721, 1 },
    { "\xe3\x81\xb2\xe3\x82\x87\xe3\x81\x86",   6722, 8 },
    { "\xe3\x81\xb2\xe3\x82\x87\xe3\x81\x86\xe3\x81\x8b",   6730, 1 },
    { "\xe3\x81\xb2\xe3\x82\x87\xe3\x81\x86\xe3\x81\x8b\xe3\x81\x91\xe3\x81\xa3\xe3\x81\x8b",   6731, 1 },
    { "\xe3\x81\xb2\xe3\x82\x87\xe3\x81\x86\xe3\x81\x8b\xe3\x81\x94",   6732, 1 },
    { "\xe3\x81\xb2\xe3\x82\x87\xe3\x81\x86\xe3\x81\x8b\xe3\x81\x9a",   6733, 1 },
    { "\xe3\x81\xb2\xe3\x82\x87\xe3\x81\x86\xe3\x81\x8b\xe3\x81\xa1",   6734, 1 },
    { "\xe3\x81\xb2\xe3\x82\x87\xe3\x81\x86\xe3\x81\x8b\xe3\x81\xbb\xe3\x81\x86",   6735, 1 },
    { "\xe3\x81\xb2\xe3\x82\x87\xe3\x81\x86\xe3\x81\x8b\xe3\x82\x88\xe3\x81\x86",   6736, 1 },
    { "\xe3\x81\xb2\xe3\x82\x87\xe3\x81\x86\xe3\x81\x8d",   6737, 2 },
    { "\xe3\x81\xb2\xe3\x82\x87\xe3\x81\x86\xe3\x81\x8d\xe3\x81\xbb\xe3\x81\x86",   6739, 1 },
    { "\xe3\x81\xb2\xe3\x82\x87\xe3\x81\x86\xe3\x81\x8e\xe3\x81\x8b\xe3\x81\x84",   6740, 1 },
    { "\xe3\x81\xb2\xe3\x82\x87\xe3\x81\x86\xe3\x81\x92\xe3\x82\x93",   6741, 1 },
    { "\xe3\x81\xb2\xe3\x82\x87\xe3\x81\x86\xe3\x81\x97",   6742, 2 },
    { "\xe3\x81\xb2\xe3\x82\x87\xe3\x81\x86\xe3\x81\x97\xe3\x82\x87\xe3\x81\x86",   6744, 2 },
    { "\xe3\x81\xb2\xe3\x82\x87\xe3\x81\x86\xe3\x81\x98",   6746, 1 },
    { "\xe3\x81\xb2\xe3\x82\x87\xe3\x81\x86\xe3\x81\x98\xe3\x82\x85\xe3\x82\x93",   6747, 1 },
    { "\xe3\x81\xb2\xe3\x82\x87\xe3\x81\x86\xe3\x81\x98\xe3\x82\x85\xe3\x82\x93\xe3\x81\x8b",   6748, 1 },
    { "\xe3\x81\xb2\xe3\x82\x87\xe3\x81\x86\xe3\x81\x98\xe3\x82\x85\xe3\x82\x93\xe3\x81\x94",   6749, 1 },
    { "\xe3\x81\xb2\xe3\x82\x87\xe3\x81\x86\xe3\x81\x98\xe3\x82\x85\xe3\x82\x93\xe3\x81\xa6\xe3\x81\x8d",   6750, 1 },
    { "\xe3\x81\xb2\xe3\x82\x87\xe3\x81\x86\xe3\x81\x98\xe3\x82\x87\xe3\x81\x86",   6751, 1 },
    { "\xe3\x81\xb2\xe3\x82\x87\xe3\x81\x86\xe3\x81\x9f\xe3\x82\x93",   6752, 1 },
    { "\xe3\x81\xb2\xe3\x82\x87\xe3\x81\x86\xe3\x81\xa0\xe3\x81\x84",   6753, 2 },
    { "\xe3\x81\xb2\xe3\x82\x87\xe3\x81\x86\xe3\x81\xb0\xe3\x82\x93",   6755, 1 },
    { "\xe3\x81\xb2\xe3\x82\x87\xe3\x81\x86\xe3\x81\xb8\xe3\x82\x93",   6756, 1 },
    { "\xe3\x81\xb2\xe3\x82\x87\xe3\x81\x86\xe3\x81\xbb\xe3\x82\x93",   6757, 1 },
    { "\xe3\x81\xb2\xe3\x82\x87\xe3\x81\x86\xe3\x82\x81\xe3\x81\x84",   6758, 1 },
    { "\xe3\x81\xb2\xe3\x82\x87\xe3\x81\x86\xe3\x82\x81\xe3\x82\x93",   6759, 1 },
    { "\xe3\x81\xb2\xe3\x82\x87\xe3\x81\x86\xe3\x82\x81\xe3\x82\x93\xe3\x81\x9b\xe3\x81\x8d",   6760, 1 },
    { "\xe3\x81\xb2\xe3\x82\x87\xe3\x81\x86\xe3\x82\x8d\xe3\x82\x93",   6761, 1 },
    { "\xe3\x81\xb2\xe3\x82\x87\xe3\x81\x86\xe3\x82\x8d\xe3\x82\x93\xe3\x81\x97\xe3\x82\x83",   6762, 1 },
    { "\xe3\x81\xb2\xe3\x82\x88\xe3\x81\x86",   6763, 1 },
    { "\xe3\x81\xb2\xe3\x82\x88\xe3\x82\x8a",   6764, 1 },
    { "\xe3\x81\xb2\xe3\x82\x89",   6765, 1 },
    { "\xe3\x81\xb2\xe3\x82\x89\xe3\x81\x84",   6766, 1 },
    { "\xe3\x81\xb2\xe3\x82\x89\xe3\x81\x9f",   6767, 1 },
    { "\xe3\x81\xb2\xe3\x82\x89\xe3\x81\xae",   6768, 1 },
    { "\xe3\x81\xb2\xe3\x82\x89\xe3\x81\xb0\xe3\x82\x8b",   6769, 1 },
    { "\xe3\x81\xb2\xe3\x82\x89\xe3\x82\x84\xe3\x81\xbe",   6770, 1 },
    { "\xe3\x81\xb2\xe3\x82\x8a\xe3\x81\x8d",   6771, 1 },
    { "\xe3\x81\xb2\xe3\x82\x8b",   6772, 4 },
    { "\xe3\x81\xb2\xe3\x82\x8b\xe3\x81\xbe",   6776, 1 },
    { "\xe3\x81\xb2\xe3\x82\x8b\xe3\x82\x81\xe3\x81\x97",   6777, 1 },
    { "\xe3\x81\xb2\xe3\x82\x8c",   6778, 1 },
    { "\xe3\x81\xb2\xe3\x82\x8c\xe3\x81\x84",   6779, 2 },
    { "\xe3\x81\xb2\xe3\x82\x8c\xe3\x81\xa4",   6781, 1 },
    { "\xe3\x81\xb2\xe3\x82\x8d",   6782, 8 },
    { "\xe3\x81\xb2\xe3\x82\x8d\xe3\x81\x86",   6790, 1 },
    { "\xe3\x81\xb2\xe3\x82\x8d\xe3\x81\x86\xe3\x81\x88\xe3\x82\x93",   6791, 1 },
    { "\xe3\x81\xb2\xe3\x82\x8d\xe3\x81\x93",   6792, 1 },
    { "\xe3\x81\xb2\xe3\x82\x8d\xe3\x81\x97",   6793, 4 },
    { "\xe3\x81\xb2\xe3\x82\x8d\xe3\x81\x97\xe3\x81\xbe",   6797, 1 },
    { "\xe3\x81\xb2\xe3\x82\x8d\xe3\x81\x97\xe3\x81\xbe\xe3\x81\xa0\xe3\x81\x84",   6798, 1 },
    { "\xe3\x81\xb2\xe3\x82\x8d\xe3\x81\x9b",   6799, 1 },
    { "\xe3\x81\xb2\xe3\x82\x8d\xe3\x81\xb5\xe3\x81\xbf",   6800, 2 },
    { "\xe3\x81\xb2\xe3\x82\x8d\xe3\x81\xbf",   6802, 1 },
    { "\xe3\x81\xb2\xe3\x82\x8d\xe3\x82\x86\xe3\x81\x8d",   6803, 1 },
    { "\xe3\x81\xb2\xe3\x82\x93",   6804, 8 },
    { "\xe3\x81\xb2\xe3\x82\x93\xe3\x81\x84",   6812, 1 },
    { "\xe3\x81\xb2\xe3\x82\x93\xe3\x81\x91\xe3\x81\xa4",   6813, 1 },
    { "\xe3\x81\xb2\xe3\x82\x93\xe3\x81\x93\xe3\x82\x93",   6814, 1 },
    { "\xe3\x81\xb2\xe3\x82\x93\xe3\x81\x98\xe3\x82\x83\xe3\x81\x8f",   6815, 1 },
    { "\xe3\x81\xb2\xe3\x82\x93\xe3\x81\xa9",   6816, 1 },
    { "\xe3\x81\xb2\xe3\x82\x93\xe3\x81\xb1\xe3\x82\x93",   6817, 1 },
    { "\xe3\x81\xb3",   6818, 8 },
    { "\xe3\x81\xb3\xe3\x81\x8a\xe3\x82\x93",   6826, 1 },
    { "\xe3\x81\xb3\xe3\x81\x8a\xe3\x82\x93\xe3\x81\x8b",   6827, 1 },
    { "\xe3\x81\xb3\xe3\x81\x93\xe3\x81\x86",   6828, 1 },
    { "\xe3\x81\xb3\xe3\x81\x97\xe3\x82\x87\xe3\x81\x86",   6829, 1 },
    { "\xe3\x81\xb3\xe3\x81\x97\xe3\x82\x87\xe3\x81\x86\xe3\x81\x98\xe3\x82\x87",   6830, 1 },
    { "\xe3\x81\xb3\xe3\x81\x97\xe3\x82\x87\xe3\x81\x86\xe3\x81\xad\xe3\x82\x93",   6831, 1 },
    { "\xe3\x81\xb3\xe3\x81\x98\xe3\x82\x93",   6832, 1 },
    { "\xe3\x81\xb3\xe3\x81\xa0\xe3\x81\x8f\xe3\x81\x8a\xe3\x82\x93",   6833, 1 },
    { "\xe3\x81\xb3\xe3\x81\xa3\xe3\x81\x8f\xe3\x82\x8a",   6834, 1 },
    { "\xe3\x81\xb3\xe3\x81\xa8",   6835, 1 },
    { "\xe3\x81\xb3\xe3\x81\xa9\xe3\x81\x86",   6836, 1 },
    { "\xe3\x81\xb3\xe3\x81\xb2\xe3\x82\x93",   6837, 1 },
    { "\xe3\x81\xb3\xe3\x81\xb6\xe3\x82\x93",   6838, 1 },
    { "\xe3\x81\xb3\xe3\x81\xbf",   6839, 1 },
    { "\xe3\x81\xb3\xe3\x81\xbf\xe3\x82\x87\xe3\x81\x86",   6840, 1 },
    { "\xe3\x81\xb3\xe3\x82\x83\xe3\x81\x8f",   6841, 1 },
    { "\xe3\x81\xb3\xe3\x82\x85\xe3\x81\x86",   6842, 1 },
    { "\xe3\x81\xb3\xe3\x82\x87\xe3\x81\x86",   6843, 8 },
    { "\xe3\x81\xb3\xe3\x82\x87\xe3\x81\x86\xe3\x81\x84\xe3\x82\x93",   6851, 1 },
    { "\xe3\x81\xb3\xe3\x82\x87\xe3\x81\x86\xe3\x81\x8d",   6852, 1 },
    { "\xe3\x81\xb3\xe3\x82\x87\xe3\x81\x86\xe3\x81\x92\xe3\x82\x93\xe3\x81\x8d\xe3\x82\x93",   6853, 1 },
    { "\xe3\x81\xb3\xe3\x82\x88\xe3\x81\x86\xe3\x81\x84\xe3\x82\x93",   6854, 1 },
    { "\xe3\x81\xb3\xe3\x82\x8a\xe3\x82\x87\xe3\x81\x86",   6855, 1 },
    { "\xe3\x81\xb3\xe3\x82\x8f",   6856, 2 },
    { "\xe3\x81\xb3\xe3\x82\x93",   6858, 4 },
    { "\xe3\x81\xb3\xe3\x82\x93\xe3\x81\x98\xe3\x82\x87\xe3\x81\x86",   6862, 1 },
    { "\xe3\x81\xb3\xe3\x82\x93\xe3\x81\x9b\xe3\x82\x93",   6863, 1 },
    { "\xe3\x81\xb3\xe3\x82\x93\xe3\x81\xbc\xe3\x81\x86",   6864, 1 },
    { "\xe3\x81\xb3\xe3\x82\x93\xe3\x82\x81\xe3\x81\x84",   6865, 1 },
    { "\xe3\x81\xb3\xe3\x82\x93\xe3\x82\x89\xe3\x82\x93",   6866, 1 },
    { "\xe3\x81\xb5",   6867, 8 },
    { "\xe3\x81\xb5\xe3\x81\x82\xe3\x82\x93",   6875, 1 },
    { "\xe3\x81\xb5\xe3\x81\x82\xe3\x82\x93\xe3\x81\xa6\xe3\x81\x84",   6876, 1 },
    { "\xe3\x81\xb5\xe3\x81\x86",   6877, 5 },
    { "\xe3\x81\xb5\xe3\x81\x86\xe3\x81\x91\xe3\x81\x84",   6882, 1 },
    { "\xe3\x81\xb5\xe3\x81\x86\xe3\x81\xa1\xe3\x82\x87\xe3\x81\x86",   6883, 1 },
    { "\xe3\x81\xb5\xe3\x81\x86\xe3\x81\xa8\xe3\x81\x86",   6884, 1 },
    { "\xe3\x81\xb5\xe3\x81\x86\xe3\x81\xb5",   6885, 1 },
    { "\xe3\x81\xb5\xe3\x81\x86\xe3\x81\xbf",   6886, 1 },
    { "\xe3\x81\xb5\xe3\x81\x88",   6887, 1 },
    { "\xe3\x81\xb5\xe3\x81\x8b",   6888, 3 },
    { "\xe3\x81\xb5\xe3\x81\x8b\xe3\x81\x91\xe3\x81\xa4",   6891, 1 },
    { "\xe3\x81\xb5\xe3\x81\x8b\xe3\x81\x95\xe3\x82\x8f",   6892, 1 },
    { "\xe3\x81\xb5\xe3\x81\x8b\xe3\x81\x96\xe3\x82\x8f",   6893, 1 },
    { "\xe3\x81\xb5\xe3\x81\x8b\xe3\x81\xae\xe3\x81\x86",   6894, 1 },
    { "\xe3\x81\xb5\xe3\x81\x8b\xe3\x82\x84",   6895, 1 },
    { "\xe3\x81\xb5\xe3\x81\x8b\xe3\x82\x93\xe3\x81\x9c\xe3\x82\x93",   6896, 1 },
    { "\xe3\x81\xb5\xe3\x81\x8d",   6897, 2 },
    { "\xe3\x81\xb5\xe3\x81\x8d\xe3\x82\x85\xe3\x81\x86",   6899, 1 },
    { "\xe3\x81\xb5\xe3\x81\x8d\xe3\x82\x87\xe3\x81\x86",   6900, 1 },
    { "\xe3\x81\xb5\xe3\x81\x8d\xe3\x82\x93",   6901, 1 },
    { "\xe3\x81\xb5\xe3\x81\x8f",   6902, 8 },
    { "\xe3\x81\xb5\xe3\x81\x8f\xe3\x81\x84",   6910, 1 },
    { "\xe3\x81\xb5\xe3\x81\x8f\xe3\x81\x8a\xe3\x81\x8b",   6911, 1 },
    { "\xe3\x81\xb5\xe3\x81\x8f\xe3\x81\x8a\xe3\x81\x8b\xe3\x81\x97",   6912, 1 },
    { "\xe3\x81\xb5\xe3\x81\x8f\xe3\x81\x92\xe3\x82\x93",   6913, 1 },
    { "\xe3\x81\xb5\xe3\x81\x8f\xe3\x81\x94\xe3\x81\x86",   6914, 2 },
    { "\xe3\x81\xb5\xe3\x81\x8f\xe3\x81\x95\xe3\x82\x88\xe3\x81\x86",   6916, 1 },
    { "\xe3\x81\xb5\xe3\x81\x8f\xe3\x81\x96\xe3\x81\xa4",   6917, 1 },
    { "\xe3\x81\xb5\xe3\x81\x8f\xe3\x81\x96\xe3\x81\xa4\xe3\x81\x8b",   6918, 1 },
    { "\xe3\x81\xb5\xe3\x81\x8f\xe3\x81\x97\xe3\x82\x83",   6919, 1 },
    { "\xe3\x81\xb5\xe3\x81\x8f\xe3\x81\x97\xe3\x82\x85",   6920, 1 },
    { "\xe3\x81\xb5\xe3\x81\x8f\xe3\x81\x97\xe3\x82\x85\xe3\x81\x86",   6921, 1 },
    { "\xe3\x81\xb5\xe3\x81\x8f\xe3\x81\x99\xe3\x81\x86",   6922, 1 },
    { "\xe3\x81\xb5\xe3\x81\x8f\xe3\x81\x9b\xe3\x81\x84",   6923, 1 },
    { "\xe3\x81\xb5\xe3\x81\x8f\xe3\x81\x9d\xe3\x81\x86",   6924, 1 },
    { "\xe3\x81\xb5\xe3\x81\x8f\xe3\x81\xa1\xe3\x82\x87\xe3\x81\x86",   6925, 1 },
    { "\xe3\x81\xb5\xe3\x81\x8f\xe3\x81\xb6",   6926, 1 },
    { "\xe3\x81\xb5\xe3\x81\x8f\xe3\x81\xb6\xe3\x81\x8f\xe3\x82\x8d",   6927, 1 },
    { "\xe3\x81\xb5\xe3\x81\x8f\xe3\x82\x82\xe3\x81\xa8",   6928, 1 },
    { "\xe3\x81\xb5\xe3\x81\x8f\xe3\x82\x8d",   6929, 1 },
    { "\xe3\x81\xb5\xe3\x81\x93\xe3\x81\x86",   6930, 1 },
    { "\xe3\x81\xb5\xe3\x81\x94\xe3\x81\x86",   6931, 1 },
    { "\xe3\x81\xb5\xe3\x81\x94\xe3\x81\x86\xe3\x81\x8b",   6932, 1 },
    { "\xe3\x81\xb5\xe3\x81\x94\xe3\x81\x86\xe3\x81\x8b\xe3\x81\x8f",   6933, 1 },
    { "\xe3\x81\xb5\xe3\x81\x94\xe3\x81\x86\xe3\x81\x94",   6934, 1 },
    { "\xe3\x81\xb5\xe3\x81\x95",   6935, 2 },
    { "\xe3\x81\xb5\xe3\x81\x95\xe3\x82\x93\xe3\x81\x8b",   6937, 1 },
    { "\xe3\x81\xb5\xe3\x81\x96\xe3\x81\x84",   6938, 1 },
    { "\xe3\x81\xb5\xe3\x81\x97",   6939, 1 },
    { "\xe3\x81\xb5\xe3\x81\x97\xe3\x81\x8e",   6940, 1 },
    { "\xe3\x81\xb5\xe3\x81\x97\xe3\x81\x9c\xe3\x82\x93",   6941, 1 },
    { "\xe3\x81\xb5\xe3\x81\x98",   6942, 2 },
    { "\xe3\x81\xb5\xe3\x81\x98\xe3\x81\x84",   6944, 1 },
    { "\xe3\x81\xb5\xe3\x81\x98\xe3\x81\x95\xe3\x82\x93",   6945, 1 },
    { "\xe3\x81\xb5\xe3\x81\x98\xe3\x81\x9f",   6946, 1 },
    { "\xe3\x81\xb5\xe3\x81\x98\xe3\x81\x9f\xe3\x81\xab",   6947, 1 },
    { "\xe3\x81\xb5\xe3\x81\x98\xe3\x81\xa4\xe3\x81\x86",   6948, 1 },
    { "\xe3\x81\xb5\xe3\x81\x98\xe3\x81\xbf",   6949, 1 },
    { "\xe3\x81\xb5\xe3\x81\x98\xe3\x82\x85\xe3\x81\x86\xe3\x81\xb6\xe3\x82\x93",   6950, 1 },
    { "\xe3\x81\xb5\xe3\x81\x98\xe3\x82\x8f\xe3\x82\x89",   6951, 1 },
    { "\xe3\x81\xb5\xe3\x81\x99\xe3\x81\xbe",   6952, 1 },
    { "\xe3\x81\xb5\xe3\x81\x9a\xe3\x81\x84",   6953, 2 },
    { "\xe3\x81\xb5\xe3\x81\x9b\xe3\x81\x84\xe3\x81\x8b\xe3\x81\x8f",   6955, 1 },
    { "\xe3\x81\xb5\xe3\x81\x9d\xe3\x81\x8f",   6956, 1 },
    { "\xe3\x81\xb5\xe3\x81\x9e\xe3\x81\x8f",   6957, 2 },
    { "\xe3\x81\xb5\xe3\x81\x9f",   6959, 2 },
    { "\xe3\x81\xb5\xe3\x81\x9f\xe3\x81\x8c\xe3\x81\xbf",   6961, 1 },
    { "\xe3\x81\xb5\xe3\x81\x9f\xe3\x81\x94",   6962, 1 },
    { "\xe3\x81\xb5\xe3\x81\x9f\xe3\x81\x94\xe3\x81\x96",   6963, 1 },
    { "\xe3\x81\xb5\xe3\x81\x9f\xe3\x81\xa4",   6964, 1 },
    { "\xe3\x81\xb5\xe3\x81\x9f\xe3\x81\xa4\xe3\x81\x8e",   6965, 1 },
    { "\xe3\x81\xb5\xe3\x81\x9f\xe3\x81\xb0\xe3\x81\x97\xe3\x82\x83",   6966, 1 },
    { "\xe3\x81\xb5\xe3\x81\x9f\xe3\x82\x80\xe3\x82\x89",   6967, 1 },
    { "\xe3\x81\xb5\xe3\x81\x9f\xe3\x82\x8a",   6968, 1 },
    { "\xe3\x81\xb5\xe3\x81\x9f\xe3\x82\x93",   6969, 1 },
    { "\xe3\x81\xb5\xe3\x81\xa0",   6970, 2 },
    { "\xe3\x81\xb5\xe3\x81\xa0\xe3\x82\x93",   6972, 1 },
    { "\xe3\x81\xb5\xe3\x81\xa1",   6973, 2 },
    { "\xe3\x81\xb5\xe3\x81\xa1\xe3\x82\x85\xe3\x81\x86",   6975, 1 },
    { "\xe3\x81\xb5\xe3\x81\xa1\xe3\x82\x87\xe3\x81\x86",   6976, 1 },
    { "\xe3\x81\xb5\xe3\x81\xa3\xe3\x81\x8b\xe3\x81\xa4",   6977, 1 },
    { "\xe3\x81\xb5\xe3\x81\xa3\xe3\x81\x8d",   6978, 1 },
    { "\xe3\x81\xb5\xe3\x81\xa3\xe3\x81\x8d\xe3\x82\x85\xe3\x81\x86",   6979, 1 },
    { "\xe3\x81\xb5\xe3\x81\xa3\xe3\x81\x8d\xe3\x82\x93",   6980, 1 },
    { "\xe3\x81\xb5\xe3\x81\xa4",   6981, 4 },
    { "\xe3\x81\xb5\xe3\x81\xa4\xe3\x81\x86",   6985, 2 },
    { "\xe3\x81\xb5\xe3\x81\xa4\xe3\x81\x94\xe3\x81\x86",   6987, 1 },
    { "\xe3\x81\xb5\xe3\x81\xa6\xe3\x81\x8d",   6988, 1 },
    { "\xe3\x81\xb5\xe3\x81\xa6\xe3\x81\x8d\xe3\x81\xa8\xe3\x81\x86",   6989, 1 },
    { "\xe3\x81\xb5\xe3\x81\xa6\xe3\x82\x93",   6990, 1 },
    { "\xe3\x81\xb5\xe3\x81\xa7",   6991, 1 },
    { "\xe3\x81\xb5\xe3\x81\xa8\xe3\x81\x93\xe3\x82\x8d",   6992, 1 },
    { "\xe3\x81\xb5\xe3\x81\xa8\xe3\x82\x93",   6993, 1 },
    { "\xe3\x81\xb5\xe3\x81\xa9\xe3\x81\x86",   6994, 1 },
    { "\xe3\x81\xb5\xe3\x81\xa9\xe3\x81\x86\xe3\x81\xa6\xe3\x82\x93",   6995, 2 },
    { "\xe3\x81\xb5\xe3\x81\xaa",   6997, 3 },
    { "\xe3\x81\xb5\xe3\x81\xaa\xe3\x81\xb0\xe3\x81\x97",   7000, 1 },
    { "\xe3\x81\xb5\xe3\x81\xab\xe3\x82\x93",   7001, 1 },
    { "\xe3\x81\xb5\xe3\x81\xad",   7002, 2 },
    { "\xe3\x81\xb5\xe3\x81\xae\xe3\x81\x86",   7004, 1 },
    { "\xe3\x81\xb5\xe3\x81\xb2\xe3\x81\xa4\xe3\x82\x88\xe3\x81\x86",   7005, 1 },
    { "\xe3\x81\xb5\xe3\x81\xb8\xe3\x82\x93",   7006, 1 },
    { "\xe3\x81\xb5\xe3\x81\xb9\xe3\x82\x93",   7007, 1 },
    { "\xe3\x81\xb5\xe3\x81\xbe\xe3\x82\x93",   7008, 1 },
    { "\xe3\x81\xb5\xe3\x81\xbf",   7009, 1 },
    { "\xe3\x81\xb5\xe3\x82\x81\xe3\x81\x84",   7010, 1 },
    { "\xe3\x81\xb5\xe3\x82\x82\xe3\x82\x93",   7011, 1 },
    { "\xe3\x81\xb5\xe3\x82\x86",   7012, 1 },
    { "\xe3\x81\xb5\xe3\x82\x88",   7013, 1 },
    { "\xe3\x81\xb5\xe3\x82\x88\xe3\x81\x86",   7014, 1 },
    { "\xe3\x81\xb5\xe3\x82\x8a",   7015, 1 },
    { "\xe3\x81\xb5\xe3\x82\x8a\xe3\x81\x8b\xe3\x81\x88",   7016, 1 },
    { "\xe3\x81\xb5\xe3\x82\x8a\xe3\x81\xa4",   7017, 1 },
    { "\xe3\x81\xb5\xe3\x82\x8a\xe3\x82\x87\xe3\x81\x86",   7018, 1 },
    { "\xe3\x81\xb5\xe3\x82\x8b\xe3\x81\x8b\xe3\x82\x8f",   7019, 1 },
    { "\xe3\x81\xb5\xe3\x82\x8b\xe3\x81\x95\xe3\x81\xa8",   7020, 1 },
    { "\xe3\x81\xb5\xe3\x82\x8c\xe3\x82\x93\xe3\x81\x9e\xe3\x81\x8f",   7021, 1 },
    { "\xe3\x81\xb5\xe3\x82\x8d",   7022, 1 },
    { "\xe3\x81\xb5\xe3\x82\x8d\xe3\x81\x86",   7023, 1 },
    { "\xe3\x81\xb5\xe3\x82\x8d\xe3\x81\x86\xe3\x81\xa1\xe3\x82\x87\xe3\x81\x86",   7024, 1 },
    { "\xe3\x81\xb5\xe3\x82\x8d\xe3\x81\x8f",   7025, 1 },
    { "\xe3\x81\xb5\xe3\x82\x8d\xe3\x81\x97\xe3\x81\x8d",   7026, 1 },
    { "\xe3\x81\xb5\xe3\x82\x8d\xe3\x82\x93\xe3\x82\x8a\xe3\x81\x97\xe3\x81\x8d",   7027, 1 },
    { "\xe3\x81\xb5\xe3\x82\x93",   7028, 8 },
    { "\xe3\x81\xb5\xe3\x82\x93\xe3\x81\x84\xe3\x81\x8d",   7036, 1 },
    { "\xe3\x81\xb5\xe3\x82\x93\xe3\x81\x8b",   7037, 1 },
    { "\xe3\x81\xb5\xe3\x82\x93\xe3\x81\x95\xe3\x81\x84",   7038, 1 },
    { "\xe3\x81\xb5\xe3\x82\x93\xe3\x81\x97\xe3\x81\xa4",   7039, 1 },
    { "\xe3\x81\xb6",   7040, 8 },
    { "\xe3\x81\xb6\xe3\x81\x84\xe3\x82\x93",   7048, 1 },
    { "\xe3\x81\xb6\xe3\x81\x8d",   7049, 1 },
    { "\xe3\x81\xb6\xe3\x81\x8d\xe3\x81\xbf",   7050, 1 },
    { "\xe3\x81\xb6\xe3\x81\x8d\xe3\x82\x87\xe3\x81\x8f",   7051, 1 },
    { "\xe3\x81\xb6\xe3\x81\x95\xe3\x81\x84\xe3\x81\x8f",   7052, 1 },
    { "\xe3\x81\xb6\xe3\x81\x95\xe3\x81\x9f",   7053, 1 },
    { "\xe3\x81\xb6\xe3\x81\x97\xe3\x82\x87",   7054, 1 },
    { "\xe3\x81\xb6\xe3\x81\x98",   7055, 1 },
    { "\xe3\x81\xb6\xe3\x81\x99\xe3\x81\x86",   7056, 1 },
    { "\xe3\x81\xb6\xe3\x81\x9c\xe3\x81\x84",   7057, 1 },
    { "\xe3\x81\xb6\xe3\x81\x9f",   7058, 1 },
    { "\xe3\x81\xb6\xe3\x81\x9f\xe3\x81\x84",   7059, 1 },
    { "\xe3\x81\xb6\xe3\x81\xa1\xe3\x82\x87\xe3\x81\x86",   7060, 1 },
    { "\xe3\x81\xb6\xe3\x81\xa3\xe3\x81\x91\xe3\x82\x93",   7061, 1 },
    { "\xe3\x81\xb6\xe3\x81\xa3\xe3\x81\x97",   7062, 1 },
    { "\xe3\x81\xb6\xe3\x81\xa3\xe3\x81\x9b\xe3\x81\x84",   7063, 1 },
    { "\xe3\x81\xb6\xe3\x81\xa3\xe3\x81\x9f\xe3\x81\x84",   7064, 1 },
    { "\xe3\x81\xb6\xe3\x81\xa4",   7065, 2 },
    { "\xe3\x81\xb6\xe3\x81\xa4\xe3\x82\x81\xe3\x81\xa4",   7067, 1 },
    { "\xe3\x81\xb6\xe3\x81\xa4\xe3\x82\x8a",   7068, 1 },
    { "\xe3\x81\xb6\xe3\x81\xa4\xe3\x82\x8a\xe3\x81\x8c\xe3\x81\x8f",   7069, 1 },
    { "\xe3\x81\xb6\xe3\x81\xa4\xe3\x82\x8a\xe3\x81\xa6\xe3\x81\x8d",   7070, 1 },
    { "\xe3\x81\xb6\xe3\x81\xa4\xe3\x82\x8a\xe3\x82\x85\xe3\x81\x86",   7071, 1 },
    { "\xe3\x81\xb6\xe3\x81\xa9\xe3\x81\x86",   7072, 1 },
    { "\xe3\x81\xb6\xe3\x81\xaa\xe3\x82\x93",   7073, 1 },
    { "\xe3\x81\xb6\xe3\x81\xb2\xe3\x82\x93",   7074, 1 },
    { "\xe3\x81\xb6\xe3\x81\xb2\xe3\x82\x93\xe3\x81\x8b",   7075, 1 },
    { "\xe3\x81\xb6\xe3\x81\xb6\xe3\x82\x93",   7076, 1 },
    { "\xe3\x81\xb6\xe3\x81\xb6\xe3\x82\x93\xe3\x81\x90\xe3\x82\x93",   7077, 1 },
    { "\xe3\x81\xb6\xe3\x81\xb6\xe3\x82\x93\xe3\x81\xa6\xe3\x81\x8d",   7078, 1 },
    { "\xe3\x81\xb6\xe3\x82\x82\xe3\x82\x93",   7079, 1 },
    { "\xe3\x81\xb6\xe3\x82\x93",   7080, 3 },
    { "\xe3\x81\xb6\xe3\x82\x93\xe3\x81\x8b",   7083, 3 },
    { "\xe3\x81\xb6\xe3\x82\x93\xe3\x81\x8b\xe3\x81\x84",   7086, 1 },
    { "\xe3\x81\xb6\xe3\x82\x93\xe3\x81\x8b\xe3\x81\x8b\xe3\x81\x84",   7087, 1 },
    { "\xe3\x81\xb6\xe3\x82\x93\xe3\x81\x8b\xe3\x81\xa4",   7088, 1 },
    { "\xe3\x81\xb6\xe3\x82\x93\xe3\x81\x8c\xe3\x81\x8f",   7089, 1 },
    { "\xe3\x81\xb6\xe3\x82\x93\xe3\x81\x8c\xe3\x81\x8f\xe3\x81\xb6",   7090, 1 },
    { "\xe3\x81\xb6\xe3\x82\x93\xe3\x81\x8d\xe3\x82\x87\xe3\x81\x86",   7091, 2 },
    { "\xe3\x81\xb6\xe3\x82\x93\xe3\x81\x8d\xe3\x82\x87\xe3\x81\x86\xe3\x81\x8f",   7093, 1 },
    { "\xe3\x81\xb6\xe3\x82\x93\xe3\x81\x91\xe3\x82\x93",   7094, 1 },
    { "\xe3\x81\xb6\xe3\x82\x93\xe3\x81\x93",   7095, 1 },
    { "\xe3\x81\xb6\xe3\x82\x93\xe3\x81\x95\xe3\x82\x93",   7096, 1 },
    { "\xe3\x81\xb6\xe3\x82\x93\xe3\x81\x95\xe3\x82\x93\xe3\x81\x97\xe3\x82\x87\xe3\x82\x8a",   7097, 1 },
    { "\xe3\x81\xb6\xe3\x82\x93\xe3\x81\x97",   7098, 1 },
    { "\xe3\x81\xb6\xe3\x82\x93\xe3\x81\x97\xe3\x82\x87",   7099, 1 },
    { "\xe3\x81\xb6\xe3\x82\x93\xe3\x81\x97\xe3\x82\x87\xe3\x81\x86",   7100, 1 },
    { "\xe3\x81\xb6\xe3\x82\x93\xe3\x81\x97\xe3\x82\x87\xe3\x81\x97\xe3\x82\x87\xe3\x82\x8a",   7101, 1 },
    { "\xe3\x81\xb6\xe3\x82\x93\xe3\x81\x98\xe3\x82\x93",   7102, 1 },
    { "\xe3\x81\xb6\xe3\x82\x93\xe3\x81\x9b\xe3\x81\x8d",   7103, 1 },
    { "\xe3\x81\xb6\xe3\x82\x93\xe3\x81\x9b\xe3\x81\xa4",   7104, 1 },
    { "\xe3\x81\xb6\xe3\x82\x93\xe3\x81\x9f\xe3\x81\x84",   7105, 1 },
    { "\xe3\x81\xb6\xe3\x82\x93\xe3\x81\x9f\xe3\x82\x93",   7106, 1 },
    { "\xe3\x81\xb6\xe3\x82\x93\xe3\x81\x9f\xe3\x82\x93\xe3\x81\x97\xe3\x82\x83",   7107, 1 },
    { "\xe3\x81\xb6\xe3\x82\x93\xe3\x81\xa1\xe3\x82\x85\xe3\x81\x86",   7108, 1 },
    { "\xe3\x81\xb6\xe3\x82\x93\xe3\x81\xb1\xe3\x81\x84",   7109, 1 },
    { "\xe3\x81\xb6\xe3\x82\x93\xe3\x81\xbd\xe3\x81\x86",   7110, 1 },
    { "\xe3\x81\xb6\xe3\x82\x93\xe3\x81\xbd\xe3\x81\x86\xe3\x81\xa6\xe3\x81\x8d",   7111, 1 },
    { "\xe3\x81\xb6\xe3\x82\x93\xe3\x81\xbf\xe3\x82\x83\xe3\x81\x8f",   7112, 1 },
    { "\xe3\x81\xb6\xe3\x82\x93\xe3\x82\x81\xe3\x81\x84",   7113, 1 },
    { "\xe3\x81\xb6\xe3\x82\x93\xe3\x82\x84",   7114, 1 },
    { "\xe3\x81\xb6\xe3\x82\x93\xe3\x82\x8a",   7115, 1 },
    { "\xe3\x81\xb6\xe3\x82\x93\xe3\x82\x8a\xe3\x82\x87\xe3\x81\x86",   7116, 1 },
    { "\xe3\x81\xb6\xe3\x82\x93\xe3\x82\x8b\xe3\x81\x84",   7117, 1 },
    { "\xe3\x81\xb7\xe3\x82\x93",   7118, 1 },
    { "\xe3\x81\xb8\xe3\x81\x84",   7119, 8 },
    { "\xe3\x81\xb8\xe3\x81\x84\xe3\x81\x8b",   7127, 1 },
    { "\xe3\x81\xb8\xe3\x81\x84\xe3\x81\x8c\xe3\x81\x84",   7128, 1 },
    { "\xe3\x81\xb8\xe3\x81\x84\xe3\x81\x8d",   7129, 1 },
    { "\xe3\x81\xb8\xe3\x81\x84\xe3\x81\x8d\xe3\x82\x93",   7130, 1 },
    { "\xe3\x81\xb8\xe3\x81\x84\xe3\x81\x8d\xe3\x82\x93\xe3\x81\xa1",   7131, 1 },
    { "\xe3\x81\xb8\xe3\x81\x84\xe3\x81\x8d\xe3\x82\x93\xe3\x81\xa1\xe3\x82\x87\xe3\x81\x86",   7132, 1 },
    { "\xe3\x81\xb8\xe3\x81\x84\xe3\x81\x8d\xe3\x82\x93\xe3\x81\xa6\xe3\x82\x93",   7133, 1 },
    { "\xe3\x81\xb8\xe3\x81\x84\xe3\x81\x92\xe3\x82\x93",   7134, 1 },
    { "\xe3\x81\xb8\xe3\x81\x84\xe3\x81\x93\xe3\x81\x86",   7135, 3 },
    { "\xe3\x81\xb8\xe3\x81\x84\xe3\x81\x94\xe3\x81\x86",   7138, 1 },
    { "\xe3\x81\xb8\xe3\x81\x84\xe3\x81\x95",   7139, 1 },
    { "\xe3\x81\xb8\xe3\x81\x84\xe3\x81\xab\xe3\x82\x93",   7140, 1 },
    { "\xe3\x81\xb8\xe3\x81\x84\xe3\x81\xbb\xe3\x81\x86",   7141, 2 },
    { "\xe3\x81\xb8\xe3\x81\x84\xe3\x82\x81\xe3\x82\x93",   7143, 1 },
    { "\xe3\x81\xb8\xe3\x81\x84\xe3\x82\x81\xe3\x82\x93\xe3\x81\x98\xe3\x82\x87\xe3\x81\x86",   7144, 1 },
    { "\xe3\x81\xb8\xe3\x81\x84\xe3\x82\x88\xe3\x81\x86",   7145, 1 },
    { "\xe3\x81\xb8\xe3\x81\x84\xe3\x82\x8c\xe3\x81\xa4",   7146, 1 },
    { "\xe3\x81\xb8\xe3\x81\x84\xe3\x82\x8c\xe3\x81\xa4\xe3\x81\x97\xe3\x82\x87\xe3\x82\x8a",   7147, 1 },
    { "\xe3\x81\xb8\xe3\x81\x84\xe3\x82\x8c\xe3\x81\xa4\xe3\x81\x9b\xe3\x81\x84",   7148, 1 },
    { "\xe3\x81\xb8\xe3\x81\x84\xe3\x82\x8f",   7149, 1 },
    { "\xe3\x81\xb8\xe3\x81\x8d",   7150, 4 },
    { "\xe3\x81\xb8\xe3\x81\x9f",   7154, 1 },
    { "\xe3\x81\xb8\xe3\x81\xb3",   7155, 1 },
    { "\xe3\x81\xb8\xe3\x82\x84",   7156, 1 },
    { "\xe3\x81\xb8\xe3\x82\x89",   7157, 1 },
    { "\xe3\x81\xb8\xe3\x82\x8a",   7158, 1 },
    { "\xe3\x81\xb8\xe3\x82\x93",   7159, 8 },
    { "\xe3\x81\xb8\xe3\x82\x93\xe3\x81\x8b",   7167, 1 },
    { "\xe3\x81\xb8\xe3\x82\x93\xe3\x81\x8b\xe3\x82\x93",   7168, 1 },
    { "\xe3\x81\xb8\xe3\x82\x93\xe3\x81\x8b\xe3\x82\x93\xe3\x82\x8a\xe3\x81\xa4",   7169, 1 },
    { "\xe3\x81\xb8\xe3\x82\x93\xe3\x81\x8d\xe3\x82\x83\xe3\x81\x8f",   7170, 1 },
    { "\xe3\x81\xb8\xe3\x82\x93\xe3\x81\x8d\xe3\x82\x83\xe3\x81\x8f\xe3\x81\x8d\xe3\x81\x92\xe3\x82\x93",   7171, 1 },
    { "\xe3\x81\xb8\xe3\x82\x93\xe3\x81\x8d\xe3\x82\x87\xe3\x81\x8f",   7172, 1 },
    { "\xe3\x81\xb8\xe3\x82\x93\xe3\x81\x91\xe3\x81\x84",   7173, 2 },
    { "\xe3\x81\xb8\xe3\x82\x93\xe3\x81\x91\xe3\x82\x93",   7175, 1 },
    { "\xe3\x81\xb8\xe3\x82\x93\xe3\x81\x92",   7176, 1 },
    { "\xe3\x81\xb8\xe3\x82\x93\xe3\x81\x93\xe3\x81\x86",   7177, 1 },
    { "\xe3\x81\xb8\xe3\x82\x93\xe3\x81\x93\xe3\x81\x86\xe3\x81\xa6\xe3\x82\x93",   7178, 1 },
    { "\xe3\x81\xb8\xe3\x82\x93\xe3\x81\x95\xe3\x81\x84",   7179, 1 },
    { "\xe3\x81\xb8\xe3\x82\x93\xe3\x81\x97\xe3\x82\x85\xe3\x81\x86",   7180, 1 },
    { "\xe3\x81\xb8\xe3\x82\x93\xe3\x81\x97\xe3\x82\x85\xe3\x81\x86\xe3\x81\xb6",   7181, 1 },
    { "\xe3\x81\xb8\xe3\x82\x93\xe3\x81\x97\xe3\x82\x93",   7182, 1 },
    { "\xe3\x81\xb8\xe3\x82\x93\xe3\x81\x98",   7183, 1 },
    { "\xe3\x81\xb8\xe3\x82\x93\xe3\x81\x99\xe3\x81\x86",   7184, 1 },
    { "\xe3\x81\xb8\xe3\x82\x93\xe3\x81\x99\xe3\x81\x86\xe3\x82\x81\xe3\x81\x84",   7185, 1 },
    { "\xe3\x81\xb8\xe3\x82\x93\xe3\x81\x9b\xe3\x81\x84",   7186, 1 },
    { "\xe3\x81\xb8\xe3\x82\x93\xe3\x81\x9d\xe3\x81\x86",   7187, 1 },
    { "\xe3\x81\xb8\xe3\x82\x93\xe3\x81\x9d\xe3\x81\x86\xe3\x81\x8d\xe3\x82\x87\xe3\x81\x8f",   7188, 1 },
    { "\xe3\x81\xb8\xe3\x82\x93\xe3\x81\x9d\xe3\x81\x8f",   7189, 1 },
    { "\xe3\x81\xb8\xe3\x82\x93\xe3\x81\xa8\xe3\x81\x86",   7190, 1 },
    { "\xe3\x81\xb8\xe3\x82\x93\xe3\x81\xa9\xe3\x81\x86",   7191, 1 },
    { "\xe3\x81\xb8\xe3\x82\x93\xe3\x81\xab\xe3\x82\x85\xe3\x81\x86",   7192, 1 },
    { "\xe3\x81\xb8\xe3\x82\x93\xe3\x81\xb4\xe3\x82\x93",   7193, 1 },
    { "\xe3\x81\xb8\xe3\x82\x93\xe3\x81\xb6\xe3\x82\x93",   7194, 1 },
    { "\xe3\x81\xb8\xe3\x82\x93\xe3\x81\xbf",   7195, 1 },
    { "\xe3\x81\xb9",   7196, 2 },
    { "\xe3\x81\xb9\xe3\x81\x84",   7198, 1 },
    { "\xe3\x81\xb9\xe3\x81\x84\xe3\x81\x93\xe3\x81\x8f",   7199, 1 },
    { "\xe3\x81\xb9\xe3\x81\xa3\xe3\x81\x8b\xe3\x81\x8f",   7200, 1 },
    { "\xe3\x81\xb9\xe3\x81\xa3\xe3\x81\x8b\xe3\x82\x93",   7201, 1 },
    { "\xe3\x81\xb9\xe3\x81\xa3\xe3\x81\x95\xe3\x81\xa4",   7202, 1 },
    { "\xe3\x81\xb9\xe3\x81\xa3\xe3\x81\x97",   7203, 1 },
    { "\xe3\x81\xb9\xe3\x81\xa3\xe3\x81\x9d\xe3\x81\x86",   7204, 1 },
    { "\xe3\x81\xb9\xe3\x81\xa3\xe3\x81\xa8",   7205, 1 },
    { "\xe3\x81\xb9\xe3\x81\xa3\xe3\x81\xb4\xe3\x82\x87\xe3\x81\x86",   7206, 1 },
    { "\xe3\x81\xb9\xe3\x81\xa4",   7207, 3 },
    { "\xe3\x81\xb9\xe3\x81\xa4\xe3\x81\x9a",   7210, 1 },
    { "\xe3\x81\xb9\xe3\x81\xa4\xe3\x81\xb3\xe3\x82\x93",   7211, 1 },
    { "\xe3\x81\xb9\xe3\x81\xa4\xe3\x81\xb9\xe3\x81\xa4",   7212, 1 },
    { "\xe3\x81\xb9\xe3\x81\xa4\xe3\x82\x81\xe3\x81\x84",   7213, 1 },
    { "\xe3\x81\xb9\xe3\x81\xab",   7214, 1 },
    { "\xe3\x81\xb9\xe3\x82\x93",   7215, 5 },
    { "\xe3\x81\xb9\xe3\x82\x93\xe3\x81\x8d\xe3\x82\x87\xe3\x81\x86",   7220, 1 },
    { "\xe3\x81\xb9\xe3\x82\x93\xe3\x81\x8d\xe3\x82\x87\xe3\x81\x86\xe3\x81\x8b\xe3\x81\x84",   7221, 1 },
    { "\xe3\x81\xb9\xe3\x82\x93\xe3\x81\x8e",   7222, 1 },
    { "\xe3\x81\xb9\xe3\x82\x93\xe3\x81\x94\xe3\x81\x97",   7223, 1 },
    { "\xe3\x81\xb9\xe3\x82\x93\xe3\x81\xa8\xe3\x81\x86",   7224, 1 },
    { "\xe3\x81\xb9\xe3\x82\x93\xe3\x81\xb9\xe3\x81\xa4",   7225, 1 },
    { "\xe3\x81\xb9\xe3\x82\x93\xe3\x82\x8a",   7226, 1 },
    { "\xe3\x81\xba\xe3\x81\x84",   7227, 2 },
    { "\xe3\x81\xba\xe3\x83\xbc\xe3\x81\x98",   7229, 1 },
    { "\xe3\x81\xbb",   7230, 8 },
    { "\xe3\x81\xbb\xe3\x81\x86",   7238, 8 },
    { "\xe3\x81\xbb\xe3\x81\x86\xe3\x81\x84",   7246, 1 },
    { "\xe3\x81\xbb\xe3\x81\x86\xe3\x81\x88\xe3\x81\x84",   7247, 1 },
    { "\xe3\x81\xbb\xe3\x81\x86\xe3\x81\x8b\xe3\x81\xa4",   7248, 1 },
    { "\xe3\x81\xbb\xe3\x81\x86\xe3\x81\x8c\xe3\x82\x93",   7249, 1 },
    { "\xe3\x81\xbb\xe3\x81\x86\xe3\x81\x8d",   7250, 1 },
    { "\xe3\x81\xbb\xe3\x81\x86\xe3\x81\x92\xe3\x82\x93",   7251, 1 },
    { "\xe3\x81\xbb\xe3\x81\x86\xe3\x81\x93\xe3\x81\x86",   7252, 1 },
    { "\xe3\x81\xbb\xe3\x81\x86\xe3\x81\x93\xe3\x81\x8f",   7253, 1 },
    { "\xe3\x81\xbb\xe3\x81\x86\xe3\x81\x93\xe3\x81\x8f\xe3\x81\x97\xe3\x82\x87",   7254, 1 },
    { "\xe3\x81\xbb\xe3\x81\x86\xe3\x81\x93\xe3\x81\x8f\xe3\x81\x98\xe3\x81\x93\xe3\x81\x86",   7255, 1 },
    { "\xe3\x81\xbb\xe3\x81\x86\xe3\x81\x95\xe3\x81\x8f",   7256, 1 },
    { "\xe3\x81\xbb\xe3\x81\x86\xe3\x81\x97\xe3\x81\x8d",   7257, 1 },
    { "\xe3\x81\xbb\xe3\x81\x86\xe3\x81\x97\xe3\x82\x85\xe3\x81\x86",   7258, 1 },
    { "\xe3\x81\xbb\xe3\x81\x86\xe3\x81\x97\xe3\x82\x87\xe3\x81\x8f",   7259, 1 },
    { "\xe3\x81\xbb\xe3\x81\x86\xe3\x81\x97\xe3\x82\x93",   7260, 1 },
    { "\xe3\x81\xbb\xe3\x81\x86\xe3\x81\x98\xe3\x82\x93",   7261, 1 },
    { "\xe3\x81\xbb\xe3\x81\x86\xe3\x81\x9d\xe3\x81\x86",   7262, 2 },
    { "\xe3\x81\xbb\xe3\x81\x86\xe3\x81\x9d\xe3\x81\x8f",   7264, 1 },
    { "\xe3\x81\xbb\xe3\x81\x86\xe3\x81\x9f\xe3\x81\x84",   7265, 1 },
    { "\xe3\x81\xbb\xe3\x81\x86\xe3\x81\xa1",   7266, 1 },
    { "\xe3\x81\xbb\xe3\x81\x86\xe3\x81\xa6\xe3\x81\x84\xe3\x81\x97\xe3\x81\x8d",   7267, 1 },
    { "\xe3\x81\xbb\xe3\x81\x86\xe3\x81\xa9\xe3\x81\x86",   7268, 1 },
    { "\xe3\x81\xbb\xe3\x81\x86\xe3\x81\xb3",   7269, 1 },
    { "\xe3\x81\xbb\xe3\x81\x86\xe3\x81\xb5",   7270, 1 },
    { "\xe3\x81\xbb\xe3\x81\x86\xe3\x81\xb6\xe3\x81\xa4",   7271, 1 },
    { "\xe3\x81\xbb\xe3\x81\x86\xe3\x81\xb6\xe3\x81\xa4\xe3\x81\x9b\xe3\x82\x93",   7272, 1 },
    { "\xe3\x81\xbb\xe3\x81\x86\xe3\x81\xbb\xe3\x81\x86",   7273, 1 },
    { "\xe3\x81\xbb\xe3\x81\x86\xe3\x81\xbb\xe3\x81\x86\xe3\x82\x8d\xe3\x82\x93",   7274, 1 },
    { "\xe3\x81\xbb\xe3\x81\x86\xe3\x82\x80",   7275, 1 },
    { "\xe3\x81\xbb\xe3\x81\x86\xe3\x82\x81\xe3\x82\x93",   7276, 1 },
    { "\xe3\x81\xbb\xe3\x81\x86\xe3\x82\x82\xe3\x82\x93",   7277, 1 },
    { "\xe3\x81\xbb\xe3\x81\x86\xe3\x82\x8a\xe3\x81\xa4",   7278, 1 },
    { "\xe3\x81\xbb\xe3\x81\x86\xe3\x82\x8a\xe3\x81\xa4\xe3\x82\x8d\xe3\x82\x93",   7279, 1 },
    { "\xe3\x81\xbb\xe3\x81\x86\xe3\x82\x8d\xe3\x81\x86",   7280, 1 },
    { "\xe3\x81\xbb\xe3\x81\x86\xe3\x82\x8d\xe3\x81\x86\xe3\x81\xb8\xe3\x81\x8d",   7281, 1 },
    { "\xe3\x81\xbb\xe3\x81\x8a",   7282, 1 },
    { "\xe3\x81\xbb\xe3\x81\x8b",   7283, 2 },
    { "\xe3\x81\xbb\xe3\x81\x8b\xe3\x82\x93",   7285, 1 },
    { "\xe3\x81\xbb\xe3\x81\x8d\xe3\x82\x85\xe3\x81\x86",   7286, 1 },
    { "\xe3\x81\xbb\xe3\x81\x8d\xe3\x82\x85\xe3\x81\x86\xe3\x81\xb6\xe3\x81\xa3\xe3\x81\x97",   7287, 1 },
    { "\xe3\x81\xbb\xe3\x81\x8d\xe3\x82\x85\xe3\x81\x86\xe3\x82\x8a\xe3\x82\x87\xe3\x81\x86",   7288, 1 },
    { "\xe3\x81\xbb\xe3\x81\x8f",   7289, 1 },
    { "\xe3\x81\xbb\xe3\x81\x8f\xe3\x81\xa0\xe3\x81\x84",   7290, 1 },
    { "\xe3\x81\xbb\xe3\x81\x8f\xe3\x81\xa8",   7291, 1 },
    { "\xe3\x81\xbb\xe3\x81\x8f\xe3\x82\x8a\xe3\x81\x8f",   7292, 1 },
    { "\xe3\x81\xbb\xe3\x81\x91\xe3\x82\x93",   7293, 2 },
    { "\xe3\x81\xbb\xe3\x81\x91\xe3\x82\x93\xe3\x81\x97\xe3\x82\x87\xe3\x81\x86",   7295, 1 },
    { "\xe3\x81\xbb\xe3\x81\x93",   7296, 2 },
    { "\xe3\x81\xbb\xe3\x81\x93\xe3\x81\x86",   7298, 1 },
    { "\xe3\x81\xbb\xe3\x81\x93\xe3\x81\x86\xe3\x81\x97\xe3\x82\x83",   7299, 1 },
    { "\xe3\x81\xbb\xe3\x81\x94",   7300, 1 },
    { "\xe3\x81\xbb\xe3\x81\x94\xe3\x81\x97\xe3\x82\x83",   7301, 1 },
    { "\xe3\x81\xbb\xe3\x81\x95",   7302, 1 },
    { "\xe3\x81\xbb\xe3\x81\x95\xe3\x81\x8b",   7303, 1 },
    { "\xe3\x81\xbb\xe3\x81\x97",   7304, 4 },
    { "\xe3\x81\xbb\xe3\x81\x97\xe3\x81\x8f\xe3\x81\x9a",   7308, 1 },
    { "\xe3\x81\xbb\xe3\x81\x97\xe3\x81\xa8\xe3\x82\x8a\xe3\x81\xb2\xe3\x82\x87\xe3\x81\x86",   7309, 1 },
    { "\xe3\x81\xbb\xe3\x81\x97\xe3\x82\x85",   7310, 1 },
    { "\xe3\x81\xbb\xe3\x81\x97\xe3\x82\x87\xe3\x81\x86",   7311, 1 },
    { "\xe3\x81\xbb\xe3\x81\x98",   7312, 1 },
    { "\xe3\x81\xbb\xe3\x81\x98\xe3\x82\x87",   7313, 1 },
    { "\xe3\x81\xbb\xe3\x81\x9a\xe3\x81\xbf",   7314, 1 },
    { "\xe3\x81\xbb\xe3\x81\x9c\xe3\x82\x93",   7315, 1 },
    { "\xe3\x81\xbb\xe3\x81\x9d",   7316, 1 },
    { "\xe3\x81\xbb\xe3\x81\x9d\xe3\x81\x84",   7317, 1 },
    { "\xe3\x81\xbb\xe3\x81\x9d\xe3\x81\x8f",   7318, 1 },
    { "\xe3\x81\xbb\xe3\x81\x9d\xe3\x81\x98",   7319, 1 },
    { "\xe3\x81\xbb\xe3\x81\x9d\xe3\x81\xae",   7320, 1 },
    { "\xe3\x81\xbb\xe3\x81\x9e\xe3\x82\x93",   7321, 1 },
    { "\xe3\x81\xbb\xe3\x81\x9f\xe3\x82\x8b",   7322, 1 },
    { "\xe3\x81\xbb\xe3\x81\xa3",   7323, 2 },
    { "\xe3\x81\xbb\xe3\x81\xa3\xe3\x81\x8b\xe3\x81\x84\xe3\x81\xa9\xe3\x81\x86",   7325, 1 },
    { "\xe3\x81\xbb\xe3\x81\xa3\xe3\x81\x95",   7326, 1 },
    { "\xe3\x81\xbb\xe3\x81\xa3\xe3\x81\x9d\xe3\x81\x8f",   7327, 1 },
    { "\xe3\x81\xbb\xe3\x81\xa3\xe3\x81\x9f\xe3\x82\x93",   7328, 1 },
    { "\xe3\x81\xbb\xe3\x81\xa4",   7329, 1 },
    { "\xe3\x81\xbb\xe3\x81\xa8\xe3\x81\x8e",   7330, 1 },
    { "\xe3\x81\xbb\xe3\x81\xa8\xe3\x81\x91",   7331, 1 },
    { "\xe3\x81\xbb\xe3\x81\xa8\xe3\x82\x8a",   7332, 1 },
    { "\xe3\x81\xbb\xe3\x81\xa8\xe3\x82\x93\xe3\x81\xa9",   7333, 1 },
    { "\xe3\x81\xbb\xe3\x81\xa9",   7334, 1 },
    { "\xe3\x81\xbb\xe3\x81\xa9\xe3\x81\x86",   7335, 1 },
    { "\xe3\x81\xbb\xe3\x81\xa9\xe3\x81\x86\xe3\x82\x8c\xe3\x81\x8d",   7336, 1 },
    { "\xe3\x81\xbb\xe3\x81\xad",   7337, 1 },
    { "\xe3\x81\xbb\xe3\x81\xad\xe3\x81\xbf",   7338, 1 },
    { "\xe3\x81\xbb\xe3\x81\xae\xe3\x81\x8a",   7339, 1 },
    { "\xe3\x81\xbb\xe3\x82\x86\xe3\x81\x86",   7340, 1 },
    { "\xe3\x81\xbb\xe3\x82\x86\xe3\x81\x86\xe3\x82\x8a\xe3\x82\x87\xe3\x81\x86",   7341, 1 },
    { "\xe3\x81\xbb\xe3\x82\x89",   7342, 1 },
    { "\xe3\x81\xbb\xe3\x82\x8a",   7343, 1 },
    { "\xe3\x81\xbb\xe3\x82\x8a\xe3\x81\x86\xe3\x81\xa1",   7344, 1 },
    { "\xe3\x81\xbb\xe3\x82\x8a\xe3\x81\x8b\xe3\x82\x8f",   7345, 1 },
    { "\xe3\x81\xbb\xe3\x82\x8d",   7346, 1 },
    { "\xe3\x81\xbb\xe3\x82\x93",   7347, 4 },
    { "\xe3\x81\xbb\xe3\x82\x93\xe3\x81\x8b\xe3\x81\x8f",   7351, 1 },
    { "\xe3\x81\xbb\xe3\x82\x93\xe3\x81\x8b\xe3\x81\x8f\xe3\x81\xa6\xe3\x81\x8d",   7352, 1 },
    { "\xe3\x81\xbb\xe3\x82\x93\xe3\x81\x8b\xe3\x82\x93",   7353, 2 },
    { "\xe3\x81\xbb\xe3\x82\x93\xe3\x81\x8d",   7355, 1 },
    { "\xe3\x81\xbb\xe3\x82\x93\xe3\x81\x8e\xe3\x82\x87\xe3\x81\x86",   7356, 1 },
    { "\xe3\x81\xbb\xe3\x82\x93\xe3\x81\x91\xe3\x82\x93\xe3\x81\x8d\xe3\x82\x85\xe3\x81\x86",   7357, 1 },
    { "\xe3\x81\xbb\xe3\x82\x93\xe3\x81\x93\xe3\x81\x86",   7358, 1 },
    { "\xe3\x81\xbb\xe3\x82\x93\xe3\x81\x93\xe3\x81\xbe\xe3\x81\x94\xe3\x82\x81",   7359, 1 },
    { "\xe3\x81\xbb\xe3\x82\x93\xe3\x81\x94\xe3\x81\x86",   7360, 1 },
    { "\xe3\x81\xbb\xe3\x82\x93\xe3\x81\x97\xe3\x81\xa4",   7361, 1 },
    { "\xe3\x81\xbb\xe3\x82\x93\xe3\x81\x97\xe3\x81\xa4\xe3\x81\xa6\xe3\x81\x8d",   7362, 1 },
    { "\xe3\x81\xbb\xe3\x82\x93\xe3\x81\x97\xe3\x82\x83",   7363, 1 },
    { "\xe3\x81\xbb\xe3\x82\x93\xe3\x81\x97\xe3\x82\x87",   7364, 1 },
    { "\xe3\x81\xbb\xe3\x82\x93\xe3\x81\x97\xe3\x82\x87\xe3\x81\x86",   7365, 1 },
    { "\xe3\x81\xbb\xe3\x82\x93\xe3\x81\x98\xe3\x81\xa4",   7366, 1 },
    { "\xe3\x81\xbb\xe3\x82\x93\xe3\x81\x98\xe3\x82\x87\xe3\x81\x86",   7367, 1 },
    { "\xe3\x81\xbb\xe3\x82\x93\xe3\x81\x99\xe3\x81\x98",   7368, 1 },
    { "\xe3\x81\xbb\xe3\x82\x93\xe3\x81\x9b\xe3\x81\xa4",   7369, 1 },
    { "\xe3\x81\xbb\xe3\x82\x93\xe3\x81\x9b\xe3\x82\x93",   7370, 1 },
    { "\xe3\x81\xbb\xe3\x82\x93\xe3\x81\x9f\xe3\x81\x84",   7371, 1 },
    { "\xe3\x81\xbb\xe3\x82\x93\xe3\x81\xa0",   7372, 2 },
    { "\xe3\x81\xbb\xe3\x82\x93\xe3\x81\xa0\xe3\x81\x84",   7374, 1 },
    { "\xe3\x81\xbb\xe3\x82\x93\xe3\x81\xa1\xe3\x82\x87\xe3\x81\x86",   7375, 1 },
    { "\xe3\x81\xbb\xe3\x82\x93\xe3\x81\xa8\xe3\x81\x86",   7376, 1 },
    { "\xe3\x81\xbb\xe3\x82\x93\xe3\x81\xab\xe3\x82\x93",   7377, 1 },
    { "\xe3\x81\xbb\xe3\x82\x93\xe3\x81\xad",   7378, 1 },
    { "\xe3\x81\xbb\xe3\x82\x93\xe3\x81\xad\xe3\x82\x93",   7379, 1 },
    { "\xe3\x81\xbb\xe3\x82\x93\xe3\x81\xad\xe3\x82\x93\xe3\x81\xa9",   7380, 1 },
    { "\xe3\x81\xbb\xe3\x82\x93\xe3\x81\xae\xe3\x81\x86",   7381, 1 },
    { "\xe3\x81\xbb\xe3\x82\x93\xe3\x81\xae\xe3\x81\x86\xe3\x81\xa6\xe3\x81\x8d",   7382, 1 },
    { "\xe3\x81\xbb\xe3\x82\x93\xe3\x81\xb0",   7383, 1 },
    { "\xe3\x81\xbb\xe3\x82\x93\xe3\x81\xb6",   7384, 1 },
    { "\xe3\x81\xbb\xe3\x82\x93\xe3\x81\xb6\xe3\x82\x93",   7385, 1 },
    { "\xe3\x81\xbb\xe3\x82\x93\xe3\x81\xbe\xe3\x81\xa1",   7386, 1 },
    { "\xe3\x81\xbb\xe3\x82\x93\xe3\x81\xbf\xe3\x82\x87\xe3\x81\x86",   7387, 1 },
    { "\xe3\x81\xbb\xe3\x82\x93\xe3\x82\x82\xe3\x81\xae",   7388, 1 },
    { "\xe3\x81\xbb\xe3\x82\x93\xe3\x82\x84",   7389, 1 },
    { "\xe3\x81\xbb\xe3\x82\x93\xe3\x82\x84\xe3\x81\x8f",   7390, 1 },
    { "\xe3\x81\xbb\xe3\x82\x93\xe3\x82\x89\xe3\x81\x84",   7391, 1 },
    { "\xe3\x81\xbb\xe3\x82\x93\xe3\x82\x8d\xe3\x82\x93\xe3\x81\xb6\xe3\x82\x93",   7392, 1 },
    { "\xe3\x81\xbc",   7393, 8 },
    { "\xe3\x81\xbc\xe3\x81\x84\xe3\x82\x93",   7401, 1 },
    { "\xe3\x81\xbc\xe3\x81\x86",   7402, 8 },
    { "\xe3\x81\xbc\xe3\x81\x86\xe3\x81\x88\xe3\x81\x84",   7410, 1 },
    { "\xe3\x81\xbc\xe3\x81\x86\xe3\x81\x88\xe3\x81\x8d",   7411, 1 },
    { "\xe3\x81\xbc\xe3\x81\x86\xe3\x81\x91\xe3\x82\x93",   7412, 1 },
    { "\xe3\x81\xbc\xe3\x81\x86\xe3\x81\x93\xe3\x81\x86",   7413, 1 },
    { "\xe3\x81\xbc\xe3\x81\x86\xe3\x81\x93\xe3\x81\x86\xe3\x81\x96\xe3\x81\x9f",   7414, 1 },
    { "\xe3\x81\xbc\xe3\x81\x86\xe3\x81\x97",   7415, 2 },
    { "\xe3\x81\xbc\xe3\x81\x86\xe3\x81\x9d\xe3\x81\x86",   7417, 1 },
    { "\xe3\x81\xbc\xe3\x81\x86\xe3\x81\xa0\xe3\x81\x84",   7418, 1 },
    { "\xe3\x81\xbc\xe3\x81\x86\xe3\x81\xa8\xe3\x81\x86",   7419, 1 },
    { "\xe3\x81\xbc\xe3\x81\x86\xe3\x81\xad\xe3\x82\x93\xe3\x81\x8b\xe3\x81\x84",   7420, 1 },
    { "\xe3\x81\xbc\xe3\x81\x86\xe3\x82\x8a",   7421, 1 },
    { "\xe3\x81\xbc\xe3\x81\x86\xe3\x82\x8a\xe3\x82\x87\xe3\x81\x8f",   7422, 1 },
    { "\xe3\x81\xbc\xe3\x81\x86\xe3\x82\x8a\xe3\x82\x87\xe3\x81\x8f\xe3\x81\x96\xe3\x81\x9f",   7423, 1 },
    { "\xe3\x81\xbc\xe3\x81\x86\xe3\x82\x8a\xe3\x82\x87\xe3\x81\x8f\xe3\x81\xa0\xe3\x82\x93",   7424, 1 },
    { "\xe3\x81\xbc\xe3\x81\x86\xe3\x82\x8c\xe3\x81\x84",   7425, 1 },
    { "\xe3\x81\xbc\xe3\x81\x8f",   7426, 8 },
    { "\xe3\x81\xbc\xe3\x81\x93\xe3\x81\x86",   7434, 1 },
    { "\xe3\x81\xbc\xe3\x81\x93\xe3\x81\x8f\xe3\x81\x94",   7435, 1 },
    { "\xe3\x81\xbc\xe3\x81\x95\xe3\x81\xa4",   7436, 1 },
    { "\xe3\x81\xbc\xe3\x81\x97\xe3\x82\x85\xe3\x81\x86",   7437, 1 },
    { "\xe3\x81\xbc\xe3\x81\x97\xe3\x82\x85\xe3\x81\x86\xe3\x81\x93\xe3\x81\x86\xe3\x81\x93\xe3\x81\x8f",   7438, 1 },
    { "\xe3\x81\xbc\xe3\x81\x9f\xe3\x81\x84",   7439, 1 },
    { "\xe3\x81\xbc\xe3\x81\x9f\xe3\x82\x93",   7440, 1 },
    { "\xe3\x81\xbc\xe3\x81\xa0\xe3\x81\x84",   7441, 1 },
    { "\xe3\x81\xbc\xe3\x81\xa3",   7442, 1 },
    { "\xe3\x81\xbc\xe3\x81\xa3\xe3\x81\xa8\xe3\x81\x86",   7443, 1 },
    { "\xe3\x81\xbc\xe3\x81\xa4",   7444, 2 },
    { "\xe3\x81\xbc\xe3\x82\x93",   7446, 2 },
    { "\xe3\x81\xbd\xe3\x82\x93",   7448, 1 },
    { "\xe3\x81\xbe",   7449, 8 },
    { "\xe3\x81\xbe\xe3\x81\x84",   7457, 7 },
    { "\xe3\x81\xbe\xe3\x81\x84\xe3\x81\x82\xe3\x81\x95",   7464, 1 },
    { "\xe3\x81\xbe\xe3\x81\x84\xe3\x81\x8b\xe3\x81\x84",   7465, 1 },
    { "\xe3\x81\xbe\xe3\x81\x84\xe3\x81\x94",   7466, 1 },
    { "\xe3\x81\xbe\xe3\x81\x84\xe3\x81\x94\xe3\x81\x86",   7467, 1 },
    { "\xe3\x81\xbe\xe3\x81\x84\xe3\x81\x97\xe3\x82\x85\xe3\x81\x86",   7468, 1 },
    { "\xe3\x81\xbe\xe3\x81\x84\xe3\x81\x99\xe3\x81\x86",   7469, 1 },
    { "\xe3\x81\xbe\xe3\x81\x84\xe3\x81\xa4\xe3\x81\x8d",   7470, 1 },
    { "\xe3\x81\xbe\xe3\x81\x84\xe3\x81\xa8\xe3\x81\x97",   7471, 1 },
    { "\xe3\x81\xbe\xe3\x81\x84\xe3\x81\xa9",   7472, 1 },
    { "\xe3\x81\xbe\xe3\x81\x84\xe3\x81\xab\xe3\x81\xa1",   7473, 1 },
    { "\xe3\x81\xbe\xe3\x81\x84\xe3\x81\xad\xe3\x82\x93",   7474, 1 },
    { "\xe3\x81\xbe\xe3\x81\x84\xe3\x82\x8b",   7475, 1 },
    { "\xe3\x81\xbe\xe3\x81\x88",   7476, 1 },
    { "\xe3\x81\xbe\xe3\x81\x88\xe3\x81\x8b\xe3\x82\x8f",   7477, 1 },
    { "\xe3\x81\xbe\xe3\x81\x88\xe3\x81\x97\xe3\x82\x87\xe3\x82\x8a",   7478, 1 },
    { "\xe3\x81\xbe\xe3\x81\x88\xe3\x81\xae",   7479, 1 },
    { "\xe3\x81\xbe\xe3\x81\x8d",   7480, 3 },
    { "\xe3\x81\xbe\xe3\x81\x8d\xe3\x81\x9f",   7483, 1 },
    { "\xe3\x81\xbe\xe3\x81\x8d\xe3\x81\xae",   7484, 1 },
    { "\xe3\x81\xbe\xe3\x81\x8f",   7485, 2 },
    { "\xe3\x81\xbe\xe3\x81\x8f\xe3\x81\xaf\xe3\x82\x8a",   7487, 1 },
    { "\xe3\x81\xbe\xe3\x81\x8f\xe3\x82\x89",   7488, 1 },
    { "\xe3\x81\xbe\xe3\x81\x90\xe3\x82\x8d",   7489, 1 },
    { "\xe3\x81\xbe\xe3\x81\x93\xe3\x81\xa8",   7490, 2 },
    { "\xe3\x81\xbe\xe3\x81\x94",   7492, 1 },
    { "\xe3\x81\xbe\xe3\x81\x95",   7493, 7 },
    { "\xe3\x81\xbe\xe3\x81\x95\xe3\x81\x8b\xe3\x81\x9a",   7500, 1 },
    { "\xe3\x81\xbe\xe3\x81\x95\xe3\x81\x97",   7501, 1 },
    { "\xe3\x81\xbe\xe3\x81\x95\xe3\x81\xaf\xe3\x82\x8b",   7502, 1 },
    { "\xe3\x81\xbe\xe3\x81\x95\xe3\x81\xb2\xe3\x81\x93",   7503, 1 },
    { "\xe3\x81\xbe\xe3\x81\x95\xe3\x81\xb2\xe3\x82\x8d",   7504, 1 },
    { "\xe3\x81\xbe\xe3\x81\x95\xe3\x82\x86\xe3\x81\x8d",   7505, 1 },
    { "\xe3\x81\xbe\xe3\x81\x97\xe3\x81\x93",   7506, 1 },
    { "\xe3\x81\xbe\xe3\x81\x98\xe3\x81\x8b",   7507, 1 },
    { "\xe3\x81\xbe\xe3\x81\x98\xe3\x82\x81",   7508, 1 },
    { "\xe3\x81\xbe\xe3\x81\x98\xe3\x82\x93",   7509, 1 },
    { "\xe3\x81\xbe\xe3\x81\x99",   7510, 5 },
    { "\xe3\x81\xbe\xe3\x81\x99\xe3\x81\xa0",   7515, 2 },
    { "\xe3\x81\xbe\xe3\x81\x9f",   7517, 4 },
    { "\xe3\x81\xbe\xe3\x81\xa1",   7521, 2 },
    { "\xe3\x81\xbe\xe3\x81\xa1\xe3\x81\x93",   7523, 1 },
    { "\xe3\x81\xbe\xe3\x81\xa1\xe3\x81\xaa\xe3\x81\x8b",   7524, 2 },
    { "\xe3\x81\xbe\xe3\x81\xa3\xe3\x81\x8b",   7526, 1 },
    { "\xe3\x81\xbe\xe3\x81\xa3\xe3\x81\x97\xe3\x82\x87\xe3\x81\x86",   7527, 1 },
    { "\xe3\x81\xbe\xe3\x81\xa3\xe3\x81\x9f\xe3\x81\x8f",   7528, 1 },
    { "\xe3\x81\xbe\xe3\x81\xa3\xe3\x81\x9f\xe3\x82\x93",   7529, 1 },
    { "\xe3\x81\xbe\xe3\x81\xa4",   7530, 4 },
    { "\xe3\x81\xbe\xe3\x81\xa4\xe3\x81\x84",   7534, 1 },
    { "\xe3\x81\xbe\xe3\x81\xa4\xe3\x81\x86\xe3\x82\x89",   7535, 1 },
    { "\xe3\x81\xbe\xe3\x81\xa4\xe3\x81\x88",   7536, 1 },
    { "\xe3\x81\xbe\xe3\x81\xa4\xe3\x81\x8a\xe3\x81\x8b",   7537, 1 },
    { "\xe3\x81\xbe\xe3\x81\xa4\xe3\x81\x8b\xe3\x81\x9f",   7538, 1 },
    { "\xe3\x81\xbe\xe3\x81\xa4\xe3\x81\x8f\xe3\x82\x89",   7539, 1 },
    { "\xe3\x81\xbe\xe3\x81\xa4\xe3\x81\x96\xe3\x82\x8f",   7540, 1 },
    { "\xe3\x81\xbe\xe3\x81\xa4\xe3\x81\x97\xe3\x81\x9f",   7541, 1 },
    { "\xe3\x81\xbe\xe3\x81\xa4\xe3\x81\x97\xe3\x81\xbe",   7542, 1 },
    { "\xe3\x81\xbe\xe3\x81\xa4\xe3\x81\x98\xe3\x81\xa4",   7543, 1 },
    { "\xe3\x81\xbe\xe3\x81\xa4\xe3\x81\xa0",   7544, 1 },
    { "\xe3\x81\xbe\xe3\x81\xa4\xe3\x81\xb0\xe3\x82\x89",   7545, 1 },
    { "\xe3\x81\xbe\xe3\x81\xa4\xe3\x81\xb3",   7546, 1 },
    { "\xe3\x81\xbe\xe3\x81\xa4\xe3\x82\x82\xe3\x81\xa8",   7547, 1 },
    { "\xe3\x81\xbe\xe3\x81\xa4\xe3\x82\x84\xe3\x81\xbe",   7548, 1 },
    { "\xe3\x81\xbe\xe3\x81\xa4\xe3\x82\x8a",   7549, 1 },
    { "\xe3\x81\xbe\xe3\x81\xa4\xe3\x82\x8a\xe3\x81\x94\xe3\x81\xa8",   7550, 1 },
    { "\xe3\x81\xbe\xe3\x81\xa7",   7551, 1 },
    { "\xe3\x81\xbe\xe3\x81\xa8",   7552, 1 },
    { "\xe3\x81\xbe\xe3\x81\xa9",   7553, 1 },
    { "\xe3\x81\xbe\xe3\x81\xa9\xe3\x81\x90\xe3\x81\xa1",   7554, 1 },
    { "\xe3\x81\xbe\xe3\x81\xa9\xe3\x81\xb9",   7555, 1 },
    { "\xe3\x81\xbe\xe3\x81\xaa\xe3\x81\x93",   7556, 1 },
    { "\xe3\x81\xbe\xe3\x81\xaa\xe3\x81\xa4",   7557, 1 },
    { "\xe3\x81\xbe\xe3\x81\xaa\xe3\x81\xbf",   7558, 1 },
    { "\xe3\x81\xbe\xe3\x81\xad",   7559, 1 },
    { "\xe3\x81\xbe\xe3\x81\xb2",   7560, 1 },
    { "\xe3\x81\xbe\xe3\x81\xb2\xe3\x81\x8c\xe3\x81\x97",   7561, 1 },
    { "\xe3\x81\xbe\xe3\x81\xbb\xe3\x81\x86",   7562, 1 },
    { "\xe3\x81\xbe\xe3\x81\xbc\xe3\x82\x8d\xe3\x81\x97",   7563, 1 },
    { "\xe3\x81\xbe\xe3\x81\xbe",   7564, 1 },
    { "\xe3\x81\xbe\xe3\x81\xbf\xe3\x81\x93",   7565, 1 },
    { "\xe3\x81\xbe\xe3\x81\xbf\xe3\x81\xaa\xe3\x81\xbf",   7566, 1 },
    { "\xe3\x81\xbe\xe3\x82\x81",   7567, 1 },
    { "\xe3\x81\xbe\xe3\x82\x84\xe3\x81\x8f",   7568, 1 },
    { "\xe3\x81\xbe\xe3\x82\x86",   7569, 1 },
    { "\xe3\x81\xbe\xe3\x82\x88\xe3\x81\xaa\xe3\x81\x8b",   7570, 1 },
    { "\xe3\x81\xbe\xe3\x82\x8a\xe3\x81\x8a",   7571, 1 },
    { "\xe3\x81\xbe\xe3\x82\x8a\xe3\x81\x93",   7572, 1 },
    { "\xe3\x81\xbe\xe3\x82\x8a\xe3\x81\xaa",   7573, 1 },
    { "\xe3\x81\xbe\xe3\x82\x8b",   7574, 5 },
    { "\xe3\x81\xbe\xe3\x82\x8b\xe3\x81\x8a\xe3\x81\x8b",   7579, 1 },
    { "\xe3\x81\xbe\xe3\x82\x8b\xe3\x81\x9c\xe3\x82\x93",   7580, 1 },
    { "\xe3\x81\xbe\xe3\x82\x8b\xe3\x81\xb0\xe3\x82\x84\xe3\x81\x97",   7581, 1 },
    { "\xe3\x81\xbe\xe3\x82\x8b\xe3\x82\x84\xe3\x81\xbe",   7582, 1 },
    { "\xe3\x81\xbe\xe3\x82\x8c",   7583, 1 },
    { "\xe3\x81\xbe\xe3\x82\x8d",   7584, 1 },
    { "\xe3\x81\xbe\xe3\x82\x93",   7585, 6 },
    { "\xe3\x81\xbe\xe3\x82\x93\xe3\x81\x84\xe3\x81\xa1",   7591, 1 },
    { "\xe3\x81\xbe\xe3\x82\x93\xe3\x81\x88\xe3\x82\x93",   7592, 1 },
    { "\xe3\x81\xbe\xe3\x82\x93\xe3\x81\x8b\xe3\x81\x84",   7593, 1 },
    { "\xe3\x81\xbe\xe3\x82\x93\xe3\x81\x8c",   7594, 1 },
    { "\xe3\x81\xbe\xe3\x82\x93\xe3\x81\x98",   7595, 1 },
    { "\xe3\x81\xbe\xe3\x82\x93\xe3\x81\x98\xe3\x82\x85\xe3\x81\x86",   7596, 1 },
    { "\xe3\x81\xbe\xe3\x82\x93\xe3\x81\x99\xe3\x81\x84",   7597, 1 },
    { "\xe3\x81\xbe\xe3\x82\x93\xe3\x81\x9b\xe3\x81\x84",   7598, 1 },
    { "\xe3\x81\xbe\xe3\x82\x93\xe3\x81\x9e\xe3\x81\x8f",   7599, 1 },
    { "\xe3\x81\xbe\xe3\x82\x93\xe3\x81\xa6\xe3\x82\x93",   7600, 1 },
    { "\xe3\x81\xbe\xe3\x82\x93\xe3\x81\xaa\xe3\x81\x8b",   7601, 1 },
    { "\xe3\x81\xbe\xe3\x82\x93\xe3\x82\x81\xe3\x82\x93",   7602, 1 },
    { "\xe3\x81\xbe\xe3\x83\xbc\xe3\x81\x98\xe3\x82\x83\xe3\x82\x93",   7603, 1 },
    { "\xe3\x81\xbf",   7604, 8 },
    { "\xe3\x81\xbf\xe3\x81\x86\xe3\x81\xa1",   7612, 1 },
    { "\xe3\x81\xbf\xe3\x81\x88",   7613, 1 },
    { "\xe3\x81\xbf\xe3\x81\x8b\xe3\x81\x84\xe3\x81\x91\xe3\x81\xa4",   7614, 1 },
    { "\xe3\x81\xbf\xe3\x81\x8b\xe3\x81\x8f\xe3\x81\xab\xe3\x82\x93",   7615, 1 },
    { "\xe3\x81\xbf\xe3\x81\x8b\xe3\x81\x9f",   7616, 2 },
    { "\xe3\x81\xbf\xe3\x81\x8b\xe3\x81\xbf",   7618, 1 },
    { "\xe3\x81\xbf\xe3\x81\x8b\xe3\x81\xbf\xe3\x81\xad",   7619, 1 },
    { "\xe3\x81\xbf\xe3\x81\x8b\xe3\x82\x93\xe3\x81\x9b\xe3\x81\x84",   7620, 1 },
    { "\xe3\x81\xbf\xe3\x81\x8c\xe3\x82\x8b",   7621, 1 },
    { "\xe3\x81\xbf\xe3\x81\x8d",   7622, 2 },
    { "\xe3\x81\xbf\xe3\x81\x8d\xe3\x81\x8a",   7624, 1 },
    { "\xe3\x81\xbf\xe3\x81\x8e",   7625, 2 },
    { "\xe3\x81\xbf\xe3\x81\x8e\xe3\x81\x8c\xe3\x82\x8f",   7627, 1 },
    { "\xe3\x81\xbf\xe3\x81\x8e\xe3\x81\xa6",   7628, 1 },
    { "\xe3\x81\xbf\xe3\x81\x8e\xe3\x82\x88\xe3\x81\x86\xe3\x81\x9d",   7629, 1 },
    { "\xe3\x81\xbf\xe3\x81\x8e\xe3\x82\x88\xe3\x81\x93",   7630, 1 },
    { "\xe3\x81\xbf\xe3\x81\x93\xe3\x81\xa8\xe3\x81\xae\xe3\x82\x8a",   7631, 1 },
    { "\xe3\x81\xbf\xe3\x81\x94\xe3\x81\xa8",   7632, 1 },
    { "\xe3\x81\xbf\xe3\x81\x95\xe3\x81\x8a",   7633, 1 },
    { "\xe3\x81\xbf\xe3\x81\x95\xe3\x81\x8d",   7634, 1 },
    { "\xe3\x81\xbf\xe3\x81\x95\xe3\x81\x95\xe3\x81\x8e",   7635, 1 },
    { "\xe3\x81\xbf\xe3\x81\x95\xe3\x82\x8f",   7636, 2 },
    { "\xe3\x81\xbf\xe3\x81\x97\xe3\x81\xbe",   7638, 1 },
    { "\xe3\x81\xbf\xe3\x81\x98\xe3\x81\x8b",   7639, 1 },
    { "\xe3\x81\xbf\xe3\x81\x98\xe3\x82\x85\xe3\x81\x8f",   7640, 1 },
    { "\xe3\x81\xbf\xe3\x81\x98\xe3\x82\x85\xe3\x81\x8f\xe3\x82\x82\xe3\x81\xae",   7641, 1 },
    { "\xe3\x81\xbf\xe3\x81\x9a",   7642, 1 },
    { "\xe3\x81\xbf\xe3\x81\x9a\xe3\x81\x86\xe3\x81\xbf",   7643, 1 },
    { "\xe3\x81\xbf\xe3\x81\x9a\xe3\x81\x9f",   7644, 1 },
    { "\xe3\x81\xbf\xe3\x81\x9a\xe3\x81\x9f\xe3\x81\xab",   7645, 1 },
    { "\xe3\x81\xbf\xe3\x81\x9a\xe3\x81\xae",   7646, 1 },
    { "\xe3\x81\xbf\xe3\x81\x9b",   7647, 1 },
    { "\xe3\x81\xbf\xe3\x81\x9c\xe3\x82\x93",   7648, 1 },
    { "\xe3\x81\xbf\xe3\x81\x9d",   7649, 1 },
    { "\xe3\x81\xbf\xe3\x81\x9d\xe3\x81\x8b",   7650, 1 },
    { "\xe3\x81\xbf\xe3\x81\x9e",   7651, 1 },
    { "\xe3\x81\xbf\xe3\x81\x9f",   7652, 1 },
    { "\xe3\x81\xbf\xe3\x81\x9f\xe3\x81\x8b",   7653, 1 },
    { "\xe3\x81\xbf\xe3\x81\x9f\xe3\x81\xab",   7654, 1 },
    { "\xe3\x81\xbf\xe3\x81\xa1",   7655, 3 },
    { "\xe3\x81\xbf\xe3\x81\xa3\xe3\x81\x8b",   7658, 1 },
    { "\xe3\x81\xbf\xe3\x81\xa3\xe3\x81\x9b\xe3\x81\xa4",   7659, 1 },
    { "\xe3\x81\xbf\xe3\x81\xa3\xe3\x81\xba\xe3\x81\x84",   7660, 1 },
    { "\xe3\x81\xbf\xe3\x81\xa4",   7661, 3 },
    { "\xe3\x81\xbf\xe3\x81\xa4\xe3\x81\x84",   7664, 1 },
    { "\xe3\x81\xbf\xe3\x81\xa4\xe3\x81\x91\xe3\x81\xa4\xe3\x81\x94\xe3\x81\x86",   7665, 1 },
    { "\xe3\x81\xbf\xe3\x81\xa4\xe3\x81\xa9",   7666, 1 },
    { "\xe3\x81\xbf\xe3\x81\xa4\xe3\x81\xb3\xe3\x81\x97",   7667, 1 },
    { "\xe3\x81\xbf\xe3\x81\xa4\xe3\x81\xb3\xe3\x81\x97\xe3\x81\xa7\xe3\x82\x93\xe3\x81\x8d",   7668, 1 },
    { "\xe3\x81\xbf\xe3\x81\xa4\xe3\x82\x86\xe3\x81\x8d",   7669, 1 },
    { "\xe3\x81\xbf\xe3\x81\xa6\xe3\x81\x84",   7670, 1 },
    { "\xe3\x81\xbf\xe3\x81\xa6\xe3\x81\x84\xe3\x81\x8e",   7671, 1 },
    { "\xe3\x81\xbf\xe3\x81\xa8",   7672, 1 },
    { "\xe3\x81\xbf\xe3\x81\xa9\xe3\x81\x8f",   7673, 1 },
    { "\xe3\x81\xbf\xe3\x81\xa9\xe3\x82\x8a",   7674, 1 },
    { "\xe3\x81\xbf\xe3\x81\xaa",   7675, 1 },
    { "\xe3\x81\xbf\xe3\x81\xaa\xe3\x81\x8b\xe3\x81\x9f",   7676, 1 },
    { "\xe3\x81\xbf\xe3\x81\xaa\xe3\x81\x93",   7677, 1 },
    { "\xe3\x81\xbf\xe3\x81\xaa\xe3\x81\x95\xe3\x81\xbe",   7678, 1 },
    { "\xe3\x81\xbf\xe3\x81\xaa\xe3\x81\xa8",   7679, 2 },
    { "\xe3\x81\xbf\xe3\x81\xaa\xe3\x81\xa8\xe3\x81\x8f",   7681, 1 },
    { "\xe3\x81\xbf\xe3\x81\xaa\xe3\x81\xbf",   7682, 1 },
    { "\xe3\x81\xbf\xe3\x81\xaa\xe3\x81\xbf\xe3\x81\xae",   7683, 1 },
    { "\xe3\x81\xbf\xe3\x81\xaa\xe3\x82\x82\xe3\x81\xa8",   7684, 1 },
    { "\xe3\x81\xbf\xe3\x81\xad",   7685, 2 },
    { "\xe3\x81\xbf\xe3\x81\xae",   7687, 2 },
    { "\xe3\x81\xbf\xe3\x81\xae\xe3\x82\x8b",   7689, 2 },
    { "\xe3\x81\xbf\xe3\x81\xaf\xe3\x82\x89",   7691, 1 },
    { "\xe3\x81\xbf\xe3\x81\xb6\xe3\x82\x93",   7692, 1 },
    { "\xe3\x81\xbf\xe3\x81\xbb",   7693, 1 },
    { "\xe3\x81\xbf\xe3\x81\xbb\xe3\x82\x93",   7694, 1 },
    { "\xe3\x81\xbf\xe3\x81\xbf",   7695, 1 },
    { "\xe3\x81\xbf\xe3\x81\xbf\xe3\x82\x82\xe3\x81\xa8",   7696, 1 },
    { "\xe3\x81\xbf\xe3\x82\x81\xe3\x81\x84",   7697, 1 },
    { "\xe3\x81\xbf\xe3\x82\x83\xe3\x81\x8f",   7698, 1 },
    { "\xe3\x81\xbf\xe3\x82\x84",   7699, 1 },
    { "\xe3\x81\xbf\xe3\x82\x84\xe3\x81\x86\xe3\x81\xa1",   7700, 1 },
    { "\xe3\x81\xbf\xe3\x82\x84\xe3\x81\x8e",   7701, 1 },
    { "\xe3\x81\xbf\xe3\x82\x84\xe3\x81\x91",   7702, 1 },
    { "\xe3\x81\xbf\xe3\x82\x84\xe3\x81\x92",   7703, 1 },
    { "\xe3\x81\xbf\xe3\x82\x84\xe3\x81\x93",   7704, 2 },
    { "\xe3\x81\xbf\xe3\x82\x84\xe3\x81\x95\xe3\x81\x8b",   7706, 1 },
    { "\xe3\x81\xbf\xe3\x82\x84\xe3\x81\x96\xe3\x81\x8d",   7707, 1 },
    { "\xe3\x81\xbf\xe3\x82\x84\xe3\x81\x97\xe3\x81\x9f",   7708, 1 },
    { "\xe3\x81\xbf\xe3\x82\x84\xe3\x81\xae",   7709, 1 },
    { "\xe3\x81\xbf\xe3\x82\x84\xe3\x81\xaf\xe3\x82\x89",   7710, 1 },
    { "\xe3\x81\xbf\xe3\x82\x84\xe3\x82\x82\xe3\x81\xa8",   7711, 1 },
    { "\xe3\x81\xbf\xe3\x82\x87\xe3\x81\x86",   7712, 4 },
    { "\xe3\x81\xbf\xe3\x82\x87\xe3\x81\x86\xe3\x81\x94\xe3\x81\xab\xe3\x81\xa1",   7716, 1 },
    { "\xe3\x81\xbf\xe3\x82\x87\xe3\x81\x86\xe3\x81\x98",   7717, 1 },
    { "\xe3\x81\xbf\xe3\x82\x87\xe3\x81\x86\xe3\x81\x98\xe3\x82\x93",   7718, 1 },
    { "\xe3\x81\xbf\xe3\x82\x87\xe3\x81\x86\xe3\x81\xab\xe3\x81\xa1",   7719, 1 },
    { "\xe3\x81\xbf\xe3\x82\x88\xe3\x81\x97",   7720, 1 },
    { "\xe3\x81\xbf\xe3\x82\x89\xe3\x81\x84",   7721, 1 },
    { "\xe3\x81\xbf\xe3\x82\x8a",   7722, 1 },
    { "\xe3\x81\xbf\xe3\x82\x8a\xe3\x82\x81\xe3\x83\xbc\xe3\x81\xa8\xe3\x82\x8b",   7723, 1 },
    { "\xe3\x81\xbf\xe3\x82\x8a\xe3\x82\x87\xe3\x81\x8f",   7724, 1 },
    { "\xe3\x81\xbf\xe3\x82\x93",   7725, 2 },
    { "\xe3\x81\xbf\xe3\x82\x93\xe3\x81\x9e\xe3\x81\x8f",   7727, 1 },
    { "\xe3\x81\xbf\xe3\x82\x93\xe3\x81\xaa",   7728, 1 },
    { "\xe3\x82\x80",   7729, 8 },
    { "\xe3\x82\x80\xe3\x81\x84\xe3\x81\xbf",   7737, 1 },
    { "\xe3\x82\x80\xe3\x81\x8b\xe3\x81\x84",   7738, 1 },
    { "\xe3\x82\x80\xe3\x81\x8b\xe3\x81\x84\xe3\x81\xae",   7739, 1 },
    { "\xe3\x82\x80\xe3\x81\x8b\xe3\x81\x97",   7740, 1 },
    { "\xe3\x82\x80\xe3\x81\x8b\xe3\x81\x97\xe3\x81\xa4",   7741, 1 },
    { "\xe3\x82\x80\xe3\x81\x8b\xe3\x81\x97\xe3\x81\xa4\xe3\x81\x9b\xe3\x81\x8d\xe3\x81\xab\xe3\x82\x93",   7742, 1 },
    { "\xe3\x82\x80\xe3\x81\x8b\xe3\x82\x93\xe3\x81\x91\xe3\x81\x84",   7743, 1 },
    { "\xe3\x82\x80\xe3\x81\x8e",   7744, 1 },
    { "\xe3\x82\x80\xe3\x81\x8f",   7745, 1 },
    { "\xe3\x82\x80\xe3\x81\x92\xe3\x82\x93",   7746, 1 },
    { "\xe3\x82\x80\xe3\x81\x93",   7747, 1 },
    { "\xe3\x82\x80\xe3\x81\x93\xe3\x81\x86",   7748, 1 },
    { "\xe3\x82\x80\xe3\x81\x95\xe3\x81\x97",   7749, 1 },
    { "\xe3\x82\x80\xe3\x81\x95\xe3\x81\x97\xe3\x81\xae",   7750, 1 },
    { "\xe3\x82\x80\xe3\x81\x95\xe3\x81\x97\xe3\x81\xae\xe3\x81\x97",   7751, 1 },
    { "\xe3\x82\x80\xe3\x81\x97",   7752, 2 },
    { "\xe3\x82\x80\xe3\x81\x97\xe3\x82\x87\xe3\x81\x86",   7754, 2 },
    { "\xe3\x82\x80\xe3\x81\x98\xe3\x82\x85\xe3\x82\x93",   7756, 1 },
    { "\xe3\x82\x80\xe3\x81\x98\xe3\x82\x87\xe3\x81\x86\xe3\x81\x91\xe3\x82\x93",   7757, 1 },
    { "\xe3\x82\x80\xe3\x81\x99\xe3\x81\x86",   7758, 1 },
    { "\xe3\x82\x80\xe3\x81\x99\xe3\x81\x93",   7759, 1 },
    { "\xe3\x82\x80\xe3\x81\x99\xe3\x82\x81",   7760, 1 },
    { "\xe3\x82\x80\xe3\x81\x9b\xe3\x81\x84\xe3\x81\x8b",   7761, 1 },
    { "\xe3\x82\x80\xe3\x81\x9b\xe3\x81\x84\xe3\x81\x92\xe3\x82\x93",   7762, 1 },
    { "\xe3\x82\x80\xe3\x81\x9b\xe3\x81\x8d\xe3\x81\xab\xe3\x82\x93",   7763, 1 },
    { "\xe3\x82\x80\xe3\x81\x9b\xe3\x82\x93",   7764, 1 },
    { "\xe3\x82\x80\xe3\x81\xa0",   7765, 1 },
    { "\xe3\x82\x80\xe3\x81\xa1",   7766, 1 },
    { "\xe3\x82\x80\xe3\x81\xa1\xe3\x82\x83",   7767, 1 },
    { "\xe3\x82\x80\xe3\x81\xaa",   7768, 2 },
    { "\xe3\x82\x80\xe3\x81\xad",   7770, 4 },
    { "\xe3\x82\x80\xe3\x81\xad\xe3\x82\x93",   7774, 1 },
    { "\xe3\x82\x80\xe3\x81\xae\xe3\x81\x86",   7775, 1 },
    { "\xe3\x82\x80\xe3\x81\xae\xe3\x81\x86\xe3\x81\x97\xe3\x82\x83",   7776, 1 },
    { "\xe3\x82\x80\xe3\x81\xb2\xe3\x82\x87\xe3\x81\x86\xe3\x81\x98\xe3\x82\x87\xe3\x81\x86",   7777, 1 },
    { "\xe3\x82\x80\xe3\x81\xbc\xe3\x81\x86",   7778, 1 },
    { "\xe3\x82\x80\xe3\x82\x88\xe3\x81\x86",   7779, 1 },
    { "\xe3\x82\x80\xe3\x82\x89",   7780, 2 },
    { "\xe3\x82\x80\xe3\x82\x89\xe3\x81\x84",   7782, 1 },
    { "\xe3\x82\x80\xe3\x82\x89\xe3\x81\x8b\xe3\x81\xbf",   7783, 1 },
    { "\xe3\x82\x80\xe3\x82\x89\xe3\x81\x95\xe3\x81\x8d",   7784, 1 },
    { "\xe3\x82\x80\xe3\x82\x89\xe3\x81\x9f",   7785, 1 },
    { "\xe3\x82\x80\xe3\x82\x8a",   7786, 1 },
    { "\xe3\x82\x80\xe3\x82\x8a\xe3\x82\x87\xe3\x81\x86",   7787, 1 },
    { "\xe3\x82\x80\xe3\x82\x8a\xe3\x82\x87\xe3\x81\x8f",   7788, 1 },
    { "\xe3\x82\x80\xe3\x82\x8c",   7789, 1 },
    { "\xe3\x82\x80\xe3\x82\x8d",   7790, 1 },
    { "\xe3\x82\x80\xe3\x82\x8d\xe3\x81\xbe\xe3\x81\xa1",   7791, 1 },
    { "\xe3\x82\x80\xe3\x82\x8d\xe3\x82\x89\xe3\x82\x93",   7792, 1 },
    { "\xe3\x82\x81",   7793, 5 },
    { "\xe3\x82\x81\xe3\x81\x84",   7798, 8 },
    { "\xe3\x82\x81\xe3\x81\x84\xe3\x81\x8b\xe3\x81\x8f",   7806, 1 },
    { "\xe3\x82\x81\xe3\x81\x84\xe3\x81\x8d",   7807, 1 },
    { "\xe3\x82\x81\xe3\x81\x84\xe3\x81\x8d\xe3\x82\x87\xe3\x81\x8f",   7808, 1 },
    { "\xe3\x82\x81\xe3\x81\x84\xe3\x81\x8e",   7809, 1 },
    { "\xe3\x82\x81\xe3\x81\x84\xe3\x81\x95\xe3\x81\x84",   7810, 1 },
    { "\xe3\x82\x81\xe3\x81\x84\xe3\x81\x95\xe3\x81\x84\xe3\x81\x97\xe3\x82\x87",   7811, 1 },
    { "\xe3\x82\x81\xe3\x81\x84\xe3\x81\x95\xe3\x81\x8f",   7812, 1 },
    { "\xe3\x82\x81\xe3\x81\x84\xe3\x81\x97",   7813, 2 },
    { "\xe3\x82\x81\xe3\x81\x84\xe3\x81\x97\xe3\x82\x87",   7815, 1 },
    { "\xe3\x82\x81\xe3\x81\x84\xe3\x81\x97\xe3\x82\x87\xe3\x81\x86",   7816, 1 },
    { "\xe3\x82\x81\xe3\x81\x84\xe3\x81\x98",   7817, 2 },
    { "\xe3\x82\x81\xe3\x81\x84\xe3\x81\x98\xe3\x81\xa6\xe3\x81\x8d",   7819, 1 },
    { "\xe3\x82\x81\xe3\x81\x84\xe3\x81\x98\xe3\x82\x84",   7820, 1 },
    { "\xe3\x82\x81\xe3\x81\x84\xe3\x81\xa0\xe3\x81\x84",   7821, 1 },
    { "\xe3\x82\x81\xe3\x81\x84\xe3\x81\xa0\xe3\x81\x84\xe3\x81\xb8\xe3\x82\x93\xe3\x81\x99\xe3\x81\x86",   7822, 1 },
    { "\xe3\x82\x81\xe3\x81\x84\xe3\x81\xa1\xe3\x82\x85\xe3\x81\x86",   7823, 1 },
    { "\xe3\x82\x81\xe3\x81\x84\xe3\x81\xa6\xe3\x81\xa4",   7824, 1 },
    { "\xe3\x82\x81\xe3\x81\x84\xe3\x81\xaf\xe3\x81\x8f",   7825, 1 },
    { "\xe3\x82\x81\xe3\x81\x84\xe3\x81\xb6\xe3\x81\xa4",   7826, 1 },
    { "\xe3\x82\x81\xe3\x81\x84\xe3\x81\xbc",   7827, 1 },
    { "\xe3\x82\x81\xe3\x81\x84\xe3\x82\x82\xe3\x81\x8f",   7828, 1 },
    { "\xe3\x82\x81\xe3\x81\x84\xe3\x82\x88",   7829, 1 },
    { "\xe3\x82\x81\xe3\x81\x84\xe3\x82\x8c\xe3\x81\x84",   7830, 1 },
    { "\xe3\x82\x81\xe3\x81\x84\xe3\x82\x8d",   7831, 1 },
    { "\xe3\x82\x81\xe3\x81\x84\xe3\x82\x8f\xe3\x81\x8f",   7832, 1 },
    { "\xe3\x82\x81\xe3\x81\x8c\xe3\x81\xbf",   7833, 1 },
    { "\xe3\x82\x81\xe3\x81\x90\xe3\x82\x8d",   7834, 1 },
    { "\xe3\x82\x81\xe3\x81\x90\xe3\x82\x8d\xe3\x81\x8f",   7835, 1 },
    { "\xe3\x82\x81\xe3\x81\x97",   7836, 1 },
    { "\xe3\x82\x81\xe3\x81\x99",   7837, 3 },
    { "\xe3\x82\x81\xe3\x81\xa0\xe3\x81\xbe\xe3\x82\x84\xe3\x81\x8d",   7840, 1 },
    { "\xe3\x82\x81\xe3\x81\xa3\xe3\x81\x9f",   7841, 1 },
    { "\xe3\x82\x81\xe3\x81\xa4",   7842, 1 },
    { "\xe3\x82\x81\xe3\x81\xa9",   7843, 1 },
    { "\xe3\x82\x81\xe3\x82\x84\xe3\x81\x99",   7844, 1 },
    { "\xe3\x82\x81\xe3\x82\x93",   7845, 6 },
    { "\xe3\x82\x81\xe3\x82\x93\xe3\x81\x8d\xe3\x82\x87",   7851, 1 },
    { "\xe3\x82\x81\xe3\x82\x93\xe3\x81\x91\xe3\x81\xa4\xe3\x81\x94\xe3\x81\x86",   7852, 1 },
    { "\xe3\x82\x81\xe3\x82\x93\xe3\x81\x97\xe3\x81\x8d",   7853, 1 },
    { "\xe3\x82\x81\xe3\x82\x93\xe3\x81\x98\xe3\x82\x87",   7854, 1 },
    { "\xe3\x82\x81\xe3\x82\x93\xe3\x81\x9b\xe3\x81\x8d",   7855, 1 },
    { "\xe3\x82\x81\xe3\x82\x93\xe3\x81\x9b\xe3\x81\xa4",   7856, 1 },
    { "\xe3\x82\x81\xe3\x82\x93\xe3\x81\xa9\xe3\x81\x86",   7857, 2 },
    { "\xe3\x82\x81\xe3\x82\x93\xe3\x82\x81\xe3\x82\x93",   7859, 1 },
    { "\xe3\x82\x81\xe3\x82\x93\xe3\x82\x8c\xe3\x82\x93\xe3\x81\x91\xe3\x81\xa4",   7860, 1 },
    { "\xe3\x82\x82",   7861, 5 },
    { "\xe3\x82\x82\xe3\x81\x86",   7866, 8 },
    { "\xe3\x82\x82\xe3\x81\x86\xe3\x81\x97\xe3\x81\x93\xe3\x81\xbf\xe3\x81\x97\xe3\x82\x87",   7874, 1 },
    { "\xe3\x82\x82\xe3\x81\x86\xe3\x81\x97\xe3\x81\xa7",   7875, 1 },
    { "\xe3\x82\x82\xe3\x81\x86\xe3\x81\x97\xe3\x82\x8f\xe3\x81\x91",   7876, 1 },
    { "\xe3\x82\x82\xe3\x81\x86\xe3\x81\x9d\xe3\x81\x86",   7877, 1 },
    { "\xe3\x82\x82\xe3\x81\x86\xe3\x81\xa0",   7878, 1 },
    { "\xe3\x82\x82\xe3\x81\x86\xe3\x81\xa7",   7879, 1 },
    { "\xe3\x82\x82\xe3\x81\x86\xe3\x82\x89",   7880, 1 },
    { "\xe3\x82\x82\xe3\x81\x86\xe3\x82\x8a\xe3\x82\x87\xe3\x81\x86",   7881, 1 },
    { "\xe3\x82\x82\xe3\x81\x8f",   7882, 4 },
    { "\xe3\x82\x82\xe3\x81\x8f\xe3\x81\x97",   7886, 1 },
    { "\xe3\x82\x82\xe3\x81\x8f\xe3\x81\x98",   7887, 1 },
    { "\xe3\x82\x82\xe3\x81\x8f\xe3\x81\x9b\xe3\x81\x84",   7888, 1 },
    { "\xe3\x82\x82\xe3\x81\x8f\xe3\x81\xa6\xe3\x81\x8d",   7889, 1 },
    { "\xe3\x82\x82\xe3\x81\x8f\xe3\x81\xa6\xe3\x81\x8d\xe3\x81\x94",   7890, 1 },
    { "\xe3\x82\x82\xe3\x81\x8f\xe3\x81\xb2\xe3\x82\x87\xe3\x81\x86",   7891, 1 },
    { "\xe3\x82\x82\xe3\x81\x8f\xe3\x82\x88\xe3\x81\x86\xe3\x81\xb3",   7892, 1 },
    { "\xe3\x82\x82\xe3\x81\x8f\xe3\x82\x8d\xe3\x81\x8f",   7893, 1 },
    { "\xe3\x82\x82\xe3\x81\x91\xe3\x81\x84",   7894, 1 },
    { "\xe3\x82\x82\xe3\x81\x98",   7895, 1 },
    { "\xe3\x82\x82\xe3\x81\x98\xe3\x81\x98\xe3\x82\x87\xe3\x81\x86\xe3\x81\xbb\xe3\x81\x86",   7896, 1 },
    { "\xe3\x82\x82\xe3\x81\x98\xe3\x82\x8c\xe3\x81\xa4",   7897, 1 },
    { "\xe3\x82\x82\xe3\x81\xa1",   7898, 3 },
    { "\xe3\x82\x82\xe3\x81\xa1\xe3\x81\xa5\xe3\x81\x8d",   7901, 1 },
    { "\xe3\x82\x82\xe3\x81\xa1\xe3\x82\x8d\xe3\x82\x93",   7902, 1 },
    { "\xe3\x82\x82\xe3\x81\xa3\xe3\x81\xa8\xe3\x82\x82",   7903, 1 },
    { "\xe3\x82\x82\xe3\x81\xa4",   7904, 1 },
    { "\xe3\x82\x82\xe3\x81\xa8",   7905, 6 },
    { "\xe3\x82\x82\xe3\x81\xa8\xe3\x81\x84",   7911, 1 },
    { "\xe3\x82\x82\xe3\x81\xa8\xe3\x81\x8a\xe3\x81\x8b",   7912, 1 },
    { "\xe3\x82\x82\xe3\x81\xa8\xe3\x81\xaf\xe3\x81\x97",   7913, 1 },
    { "\xe3\x82\x82\xe3\x81\xa8\xe3\x81\xbe\xe3\x81\xa1",   7914, 1 },
    { "\xe3\x82\x82\xe3\x81\xa8\xe3\x82\x82\xe3\x81\xa8",   7915, 1 },
    { "\xe3\x82\x82\xe3\x81\xaa\xe3\x81\x8b",   7916, 1 },
    { "\xe3\x82\x82\xe3\x81\xae",   7917, 2 },
    { "\xe3\x82\x82\xe3\x81\xae\xe3\x81\x8c\xe3\x81\x9f\xe3\x82\x8a",   7919, 1 },
    { "\xe3\x82\x82\xe3\x81\xae\xe3\x81\x94\xe3\x81\xa8",   7920, 1 },
    { "\xe3\x82\x82\xe3\x81\xaf\xe3\x82\x84",   7921, 1 },
    { "\xe3\x82\x82\xe3\x81\xaf\xe3\x82\x93",   7922, 1 },
    { "\xe3\x82\x82\xe3\x81\xbf",   7923, 1 },
    { "\xe3\x82\x82\xe3\x81\xbf\xe3\x81\x98",   7924, 1 },
    { "\xe3\x82\x82\xe3\x82\x82",   7925, 1 },
    { "\xe3\x82\x82\xe3\x82\x82\xe3\x81\x93",   7926, 1 },
    { "\xe3\x82\x82\xe3\x82\x88\xe3\x81\x86",   7927, 1 },
    { "\xe3\x82\x82\xe3\x82\x8a",   7928, 4 },
    { "\xe3\x82\x82\xe3\x82\x8a\xe3\x81\x8a\xe3\x81\x8b",   7932, 1 },
    { "\xe3\x82\x82\xe3\x82\x8a\xe3\x81\x8b\xe3\x82\x8f",   7933, 1 },
    { "\xe3\x82\x82\xe3\x82\x8a\xe3\x81\x97\xe3\x81\x9f",   7934, 1 },
    { "\xe3\x82\x82\xe3\x82\x8d",   7935, 1 },
    { "\xe3\x82\x82\xe3\x82\x8d\xe3\x82\x82\xe3\x82\x8d",   7936, 1 },
    { "\xe3\x82\x82\xe3\x82\x93",   7937, 6 },
    { "\xe3\x82\x82\xe3\x82\x93\xe3\x81\x8c\xe3\x81\x84\xe3\x81\x8b\xe3\x82\x93",   7943, 1 },
    { "\xe3\x82\x82\xe3\x82\x93\xe3\x81\x8f",   7944, 1 },
    { "\xe3\x82\x82\xe3\x82\x93\xe3\x81\x97\xe3\x82\x87\xe3\x81\x86",   7945, 1 },
    { "\xe3\x82\x82\xe3\x82\x93\xe3\x81\xa0\xe3\x81\x84",   7946, 1 },
    { "\xe3\x82\x82\xe3\x82\x93\xe3\x81\xa0\xe3\x81\x84\xe3\x81\x8b\xe3\x81\x84\xe3\x81\x91\xe3\x81\xa4",   7947, 1 },
    { "\xe3\x82\x82\xe3\x82\x93\xe3\x81\xa0\xe3\x81\x84\xe3\x81\x98",   7948, 1 },
    { "\xe3\x82\x82\xe3\x82\x93\xe3\x81\xa0\xe3\x81\x84\xe3\x81\xa6\xe3\x81\x84\xe3\x81\x8d",   7949, 1 },
    { "\xe3\x82\x82\xe3\x82\x93\xe3\x81\xa0\xe3\x81\x84\xe3\x81\xa6\xe3\x82\x93",   7950, 1 },
    { "\xe3\x82\x82\xe3\x82\x93\xe3\x81\xb6",   7951, 1 },
    { "\xe3\x82\x82\xe3\x82\x93\xe3\x81\xb6\xe3\x81\x97\xe3\x82\x87\xe3\x81\x86",   7952, 1 },
    { "\xe3\x82\x82\xe3\x82\x93\xe3\x82\x81",   7953, 1 },
    { "\xe3\x82\x84",   7954, 8 },
    { "\xe3\x82\x84\xe3\x81\x8b\xe3\x82\x93",   7962, 1 },
    { "\xe3\x82\x84\xe3\x81\x8d",   7963, 1 },
    { "\xe3\x82\x84\xe3\x81\x8d\xe3\x81\xa8\xe3\x82\x8a",   7964, 1 },
    { "\xe3\x82\x84\xe3\x81\x8d\xe3\x81\xa8\xe3\x82\x8a\xe3\x82\x84",   7965, 1 },
    { "\xe3\x82\x84\xe3\x81\x8d\xe3\x81\xab\xe3\x81\x8f",   7966, 1 },
    { "\xe3\x82\x84\xe3\x81\x8d\xe3\x82\x85\xe3\x81\x86",   7967, 1 },
    { "\xe3\x82\x84\xe3\x81\x8e",   7968, 2 },
    { "\xe3\x82\x84\xe3\x81\x8e\xe3\x82\x84\xe3\x81\xbe",   7970, 1 },
    { "\xe3\x82\x84\xe3\x81\x8f",   7971, 7 },
    { "\xe3\x82\x84\xe3\x81\x8f\xe3\x81\x84\xe3\x82\x93",   7978, 1 },
    { "\xe3\x82\x84\xe3\x81\x8f\xe3\x81\x8c\xe3\x81\x8f\xe3\x81\xb6",   7979, 1 },
    { "\xe3\x82\x84\xe3\x81\x8f\xe3\x81\x94",   7980, 1 },
    { "\xe3\x82\x84\xe3\x81\x8f\xe3\x81\x97\xe3\x81\xbe\xe3\x82\x8b",   7981, 1 },
    { "\xe3\x82\x84\xe3\x81\x8f\xe3\x81\x97\xe3\x82\x83",   7982, 1 },
    { "\xe3\x82\x84\xe3\x81\x8f\xe3\x81\x97\xe3\x82\x87",   7983, 1 },
    { "\xe3\x82\x84\xe3\x81\x8f\xe3\x81\x99\xe3\x81\x86",   7984, 1 },
    { "\xe3\x82\x84\xe3\x81\x8f\xe3\x81\x9d\xe3\x81\x86",   7985, 1 },
    { "\xe3\x82\x84\xe3\x81\x8f\xe3\x81\x9d\xe3\x81\x8f",   7986, 1 },
    { "\xe3\x82\x84\xe3\x81\x8f\xe3\x81\xa1\xe3\x82\x85\xe3\x81\x86",   7987, 1 },
    { "\xe3\x82\x84\xe3\x81\x8f\xe3\x81\xb6\xe3\x82\x93",   7988, 1 },
    { "\xe3\x82\x84\xe3\x81\x8f\xe3\x81\xbb\xe3\x82\x93",   7989, 1 },
    { "\xe3\x82\x84\xe3\x81\x8f\xe3\x82\x8f\xe3\x82\x8a",   7990, 1 },
    { "\xe3\x82\x84\xe3\x81\x97\xe3\x82\x8d",   7991, 2 },
    { "\xe3\x82\x84\xe3\x81\x98",   7993, 1 },
    { "\xe3\x82\x84\xe3\x81\x98\xe3\x82\x85\xe3\x81\x86",   7994, 1 },
    { "\xe3\x82\x84\xe3\x81\x98\xe3\x82\x8b\xe3\x81\x97",   7995, 5 },
    { "\xe3\x82\x84\xe3\x81\x99",   8000, 4 },
    { "\xe3\x82\x84\xe3\x81\x99\xe3\x81\x84",   8004, 2 },
    { "\xe3\x82\x84\xe3\x81\x99\xe3\x81\x93",   8006, 2 },
    { "\xe3\x82\x84\xe3\x81\x99\xe3\x81\x96\xe3\x81\x91",   8008, 1 },
    { "\xe3\x82\x84\xe3\x81\x99\xe3\x81\x97",   8009, 2 },
    { "\xe3\x82\x84\xe3\x81\x99\xe3\x81\xa0",   8011, 1 },
    { "\xe3\x82\x84\xe3\x81\x99\xe3\x81\xb2\xe3\x81\x93",   8012, 2 },
    { "\xe3\x82\x84\xe3\x81\x99\xe3\x82\x82\xe3\x81\xa8",   8014, 1 },
    { "\xe3\x82\x84\xe3\x81\x99\xe3\x82\x88\xe3\x81\x97",   8015, 1 },
    { "\xe3\x82\x84\xe3\x81\x9b\xe3\x81\x84",   8016, 1 },
    { "\xe3\x82\x84\xe3\x81\x9b\xe3\x81\x84\xe3\x81\xbf",   8017, 1 },
    { "\xe3\x82\x84\xe3\x81\xa3\xe3\x81\x8b\xe3\x81\x84",   8018, 1 },
    { "\xe3\x82\x84\xe3\x81\xa3\xe3\x81\x93",   8019, 1 },
    { "\xe3\x82\x84\xe3\x81\xa4",   8020, 1 },
    { "\xe3\x82\x84\xe3\x81\xa9",   8021, 1 },
    { "\xe3\x82\x84\xe3\x81\xaa\xe3\x81\x8e",   8022, 1 },
    { "\xe3\x82\x84\xe3\x81\xad",   8023, 1 },
    { "\xe3\x82\x84\xe3\x81\xae",   8024, 1 },
    { "\xe3\x82\x84\xe3\x81\xb0\xe3\x82\x93",   8025, 1 },
    { "\xe3\x82\x84\xe3\x81\xb2",   8026, 1 },
    { "\xe3\x82\x84\xe3\x81\xb6",   8027, 1 },
    { "\xe3\x82\x84\xe3\x81\xbe",   8028, 1 },
    { "\xe3\x82\x84\xe3\x81\xbe\xe3\x81\x84",   8029, 1 },
    { "\xe3\x82\x84\xe3\x81\xbe\xe3\x81\x86\xe3\x81\xa1",   8030, 1 },
    { "\xe3\x82\x84\xe3\x81\xbe\xe3\x81\x8b\xe3\x81\x92",   8031, 1 },
    { "\xe3\x82\x84\xe3\x81\xbe\xe3\x81\x8b\xe3\x81\xbf",   8032, 1 },
    { "\xe3\x82\x84\xe3\x81\xbe\xe3\x81\x8c\xe3\x81\x9f",   8033, 1 },
    { "\xe3\x82\x84\xe3\x81\xbe\xe3\x81\x8c\xe3\x81\xbf",   8034, 1 },
    { "\xe3\x82\x84\xe3\x81\xbe\xe3\x81\x8e\xe3\x81\x97",   8035, 1 },
    { "\xe3\x82\x84\xe3\x81\xbe\xe3\x81\x90\xe3\x81\xa1",   8036, 1 },
    { "\xe3\x82\x84\xe3\x81\xbe\xe3\x81\x96\xe3\x81\x8d",   8037, 1 },
    { "\xe3\x82\x84\xe3\x81\xbe\xe3\x81\x97\xe3\x81\x9f",   8038, 1 },
    { "\xe3\x82\x84\xe3\x81\xbe\xe3\x81\x97\xe3\x81\xaa",   8039, 1 },
    { "\xe3\x82\x84\xe3\x81\xbe\xe3\x81\xa0",   8040, 1 },
    { "\xe3\x82\x84\xe3\x81\xbe\xe3\x81\xaa\xe3\x81\x97",   8041, 1 },
    { "\xe3\x82\x84\xe3\x81\xbe\xe3\x81\xaa\xe3\x81\x97\xe3\x81\x91\xe3\x82\x93",   8042, 1 },
    { "\xe3\x82\x84\xe3\x81\xbe\xe3\x82\x80\xe3\x82\x89",   8043, 1 },
    { "\xe3\x82\x84\xe3\x81\xbe\xe3\x82\x82\xe3\x81\xa8",   8044, 1 },
    { "\xe3\x82\x84\xe3\x81\xbf",   8045, 1 },
    { "\xe3\x82\x84\xe3\x82\x88\xe3\x81\x84",   8046, 1 },
    { "\xe3\x82\x84\xe3\x82\x8a",   8047, 2 },
    { "\xe3\x82\x84\xe3\x82\x8d\xe3\x81\x86",   8049, 1 },
    { "\xe3\x82\x86",   8050, 8 },
    { "\xe3\x82\x86\xe3\x81\x84",   8058, 2 },
    { "\xe3\x82\x86\xe3\x81\x84\xe3\x81\x84\xe3\x81\xa4",   8060, 1 },
    { "\xe3\x82\x86\xe3\x81\x84\xe3\x81\x94\xe3\x82\x93",   8061, 1 },
    { "\xe3\x82\x86\xe3\x81\x84\xe3\x81\x97\xe3\x82\x87",   8062, 1 },
    { "\xe3\x82\x86\xe3\x81\x86",   8063, 8 },
    { "\xe3\x82\x86\xe3\x81\x86\xe3\x81\x84",   8071, 1 },
    { "\xe3\x82\x86\xe3\x81\x86\xe3\x81\x86\xe3\x81\xa4",   8072, 1 },
    { "\xe3\x82\x86\xe3\x81\x86\xe3\x81\x88\xe3\x81\x8d",   8073, 1 },
    { "\xe3\x82\x86\xe3\x81\x86\xe3\x81\x8b\xe3\x81\x84",   8074, 1 },
    { "\xe3\x82\x86\xe3\x81\x86\xe3\x81\x8c",   8075, 1 },
    { "\xe3\x82\x86\xe3\x81\x86\xe3\x81\x8c\xe3\x81\x9f",   8076, 1 },
    { "\xe3\x82\x86\xe3\x81\x86\xe3\x81\x8d",   8077, 2 },
    { "\xe3\x82\x86\xe3\x81\x86\xe3\x81\x8d\xe3\x81\xb6\xe3\x81\xa4",   8079, 1 },
    { "\xe3\x82\x86\xe3\x81\x86\xe3\x81\x92\xe3\x82\x93",   8080, 1 },
    { "\xe3\x82\x86\xe3\x81\x86\xe3\x81\x92\xe3\x82\x93\xe3\x81\x8b\xe3\x81\x84",   8081, 1 },
    { "\xe3\x82\x86\xe3\x81\x86\xe3\x81\x92\xe3\x82\x93\xe3\x81\x90\xe3\x82\x93",   8082, 1 },
    { "\xe3\x82\x86\xe3\x81\x86\xe3\x81\x92\xe3\x82\x93\xe3\x81\x93",   8083, 1 },
    { "\xe3\x82\x86\xe3\x81\x86\xe3\x81\x93",   8084, 1 },
    { "\xe3\x82\x86\xe3\x81\x86\xe3\x81\x93\xe3\x81\x86",   8085, 2 },
    { "\xe3\x82\x86\xe3\x81\x86\xe3\x81\x93\xe3\x81\x86\xe3\x81\x8b",   8087, 1 },
    { "\xe3\x82\x86\xe3\x81\x86\xe3\x81\x94\xe3\x81\x86",   8088, 1 },
    { "\xe3\x82\x86\xe3\x81\x86\xe3\x81\x97",   8089, 2 },
    { "\xe3\x82\x86\xe3\x81\x86\xe3\x81\x97\xe3\x82\x85\xe3\x81\x86",   8091, 1 },
    { "\xe3\x82\x86\xe3\x81\x86\xe3\x81\x97\xe3\x82\x87\xe3\x81\x86",   8092, 1 },
    { "\xe3\x82\x86\xe3\x81\x86\xe3\x81\x97\xe3\x82\x87\xe3\x81\x8f",   8093, 1 },
    { "\xe3\x82\x86\xe3\x81\x86\xe3\x81\x98",   8094, 1 },
    { "\xe3\x82\x86\xe3\x81\x86\xe3\x81\x98\xe3\x82\x87\xe3\x81\x86",   8095, 1 },
    { "\xe3\x82\x86\xe3\x81\x86\xe3\x81\x98\xe3\x82\x93",   8096, 1 },
    { "\xe3\x82\x86\xe3\x81\x86\xe3\x81\x99\xe3\x81\x91",   8097, 1 },
    { "\xe3\x82\x86\xe3\x81\x86\xe3\x81\x9b\xe3\x81\x84",   8098, 1 },
    { "\xe3\x82\x86\xe3\x81\x86\xe3\x81\x9b\xe3\x81\x84\xe3\x81\x97\xe3\x82\x87\xe3\x81\x86",   8099, 1 },
    { "\xe3\x82\x86\xe3\x81\x86\xe3\x81\x9b\xe3\x82\x93",   8100, 1 },
    { "\xe3\x82\x86\xe3\x81\x86\xe3\x81\x9b\xe3\x82\x93\xe3\x81\x98\xe3\x82\x85\xe3\x82\x93\xe3\x81\x84",   8101, 1 },
    { "\xe3\x82\x86\xe3\x81\x86\xe3\x81\x9b\xe3\x82\x93\xe3\x81\xa9",   8102, 1 },
    { "\xe3\x82\x86\xe3\x81\x86\xe3\x81\x9d\xe3\x81\x86",   8103, 1 },
    { "\xe3\x82\x86\xe3\x81\x86\xe3\x81\xa5\xe3\x81\x86",   8104, 1 },
    { "\xe3\x82\x86\xe3\x81\x86\xe3\x81\xa9\xe3\x81\x86",   8105, 1 },
    { "\xe3\x82\x86\xe3\x81\x86\xe3\x81\xaf\xe3\x81\xa4",   8106, 1 },
    { "\xe3\x82\x86\xe3\x81\x86\xe3\x81\xaf\xe3\x82\x93",   8107, 1 },
    { "\xe3\x82\x86\xe3\x81\x86\xe3\x81\xb3\xe3\x82\x93",   8108, 2 },
    { "\xe3\x82\x86\xe3\x81\x86\xe3\x81\xb3\xe3\x82\x93\xe3\x81\x8d\xe3\x82\x87\xe3\x81\x8f",   8110, 1 },
    { "\xe3\x82\x86\xe3\x81\x86\xe3\x81\xb3\xe3\x82\x93\xe3\x81\xb0\xe3\x82\x93\xe3\x81\x94\xe3\x81\x86",   8111, 2 },
    { "\xe3\x82\x86\xe3\x81\x86\xe3\x81\xb3\xe3\x82\x93\xe3\x81\xb6\xe3\x81\xa4",   8113, 1 },
    { "\xe3\x82\x86\xe3\x81\x86\xe3\x82\x81\xe3\x81\x84",   8114, 1 },
    { "\xe3\x82\x86\xe3\x81\x86\xe3\x82\x81\xe3\x81\x84\xe3\x81\x98\xe3\x82\x93",   8115, 1 },
    { "\xe3\x82\x86\xe3\x81\x86\xe3\x82\x88\xe3\x81\x86",   8116, 1 },
    { "\xe3\x82\x86\xe3\x81\x86\xe3\x82\x89\xe3\x81\x8f\xe3\x81\xa1\xe3\x82\x87\xe3\x81\x86",   8117, 1 },
    { "\xe3\x82\x86\xe3\x81\x86\xe3\x82\x8a",   8118, 1 },
    { "\xe3\x82\x86\xe3\x81\x86\xe3\x82\x8a\xe3\x82\x87\xe3\x81\x86",   8119, 1 },
    { "\xe3\x82\x86\xe3\x81\x86\xe3\x82\x8a\xe3\x82\x87\xe3\x81\x8f",   8120, 1 },
    { "\xe3\x82\x86\xe3\x81\x86\xe3\x82\x8f\xe3\x81\x8f",   8121, 1 },
    { "\xe3\x82\x86\xe3\x81\x88",   8122, 1 },
    { "\xe3\x82\x86\xe3\x81\x8b",   8123, 1 },
    { "\xe3\x82\x86\xe3\x81\x8b\xe3\x82\x8f",   8124, 1 },
    { "\xe3\x82\x86\xe3\x81\x8d",   8125, 7 },
    { "\xe3\x82\x86\xe3\x81\x8d\xe3\x81\xae\xe3\x82\x8a",   8132, 1 },
    { "\xe3\x82\x86\xe3\x81\x8d\xe3\x82\x88\xe3\x81\x97",   8133, 1 },
    { "\xe3\x82\x86\xe3\x81\x8f\xe3\x81\x88",   8134, 1 },
    { "\xe3\x82\x86\xe3\x81\x9a\xe3\x82\x8b",   8135, 1 },
    { "\xe3\x82\x86\xe3\x81\x9f\xe3\x81\x8b",   8136, 1 },
    { "\xe3\x82\x86\xe3\x81\xab\xe3\x82\x85\xe3\x81\x86",   8137, 1 },
    { "\xe3\x82\x86\xe3\x81\xb3",   8138, 1 },
    { "\xe3\x82\x86\xe3\x81\xb3\xe3\x81\x95\xe3\x81\x8d",   8139, 1 },
    { "\xe3\x82\x86\xe3\x81\xb3\xe3\x82\x8f",   8140, 1 },
    { "\xe3\x82\x86\xe3\x81\xb3\xe3\x82\x8f\xe3\x82\x82\xe3\x81\xae\xe3\x81\x8c\xe3\x81\x9f\xe3\x82\x8a",   8141, 1 },
    { "\xe3\x82\x86\xe3\x81\xbf",   8142, 1 },
    { "\xe3\x82\x86\xe3\x81\xbf\xe3\x81\x93",   8143, 2 },
    { "\xe3\x82\x86\xe3\x82\x81",   8145, 1 },
    { "\xe3\x82\x86\xe3\x82\x81\xe3\x81\x98",   8146, 1 },
    { "\xe3\x82\x86\xe3\x82\x84\xe3\x81\xbe",   8147, 1 },
    { "\xe3\x82\x86\xe3\x82\x89\xe3\x81\x84",   8148, 1 },
    { "\xe3\x82\x88",   8149, 8 },
    { "\xe3\x82\x88\xe3\x81\x84",   8157, 1 },
    { "\xe3\x82\x88\xe3\x81\x86",   8158, 8 },
    { "\xe3\x82\x88\xe3\x81\x86\xe3\x81\x84",   8166, 2 },
    { "\xe3\x82\x88\xe3\x81\x86\xe3\x81\x84\xe3\x81\x9b\xe3\x81\x84",   8168, 1 },
    { "\xe3\x82\x88\xe3\x81\x86\xe3\x81\x84\xe3\x81\xa1",   8169, 1 },
    { "\xe3\x82\x88\xe3\x81\x86\xe3\x81\x84\xe3\x82\x93",   8170, 1 },
    { "\xe3\x82\x88\xe3\x81\x86\xe3\x81\x8c\xe3\x81\x97",   8171, 1 },
    { "\xe3\x82\x88\xe3\x81\x86\xe3\x81\x8d",   8172, 1 },
    { "\xe3\x82\x88\xe3\x81\x86\xe3\x81\x8d\xe3\x82\x85\xe3\x81\x86",   8173, 1 },
    { "\xe3\x82\x88\xe3\x81\x86\xe3\x81\x8d\xe3\x82\x85\xe3\x81\x86\xe3\x81\x97\xe3\x82\x88\xe3\x81\x86",   8174, 1 },
    { "\xe3\x82\x88\xe3\x81\x86\xe3\x81\x91\xe3\x82\x93",   8175, 1 },
    { "\xe3\x82\x88\xe3\x81\x86\xe3\x81\x93",   8176, 2 },
    { "\xe3\x82\x88\xe3\x81\x86\xe3\x81\x93\xe3\x81\x86",   8178, 1 },
    { "\xe3\x82\x88\xe3\x81\x86\xe3\x81\x94",   8179, 1 },
    { "\xe3\x82\x88\xe3\x81\x86\xe3\x81\x97",   8180, 1 },
    { "\xe3\x82\x88\xe3\x81\x86\xe3\x81\x97\xe3\x81\x8d",   8181, 1 },
    { "\xe3\x82\x88\xe3\x81\x86\xe3\x81\x97\xe3\x82\x83",   8182, 1 },
    { "\xe3\x82\x88\xe3\x81\x86\xe3\x81\x97\xe3\x82\x87",   8183, 1 },
    { "\xe3\x82\x88\xe3\x81\x86\xe3\x81\x98",   8184, 1 },
    { "\xe3\x82\x88\xe3\x81\x86\xe3\x81\x98\xe3\x82\x93",   8185, 1 },
    { "\xe3\x82\x88\xe3\x81\x86\xe3\x81\x99",   8186, 1 },
    { "\xe3\x82\x88\xe3\x81\x86\xe3\x81\x9b\xe3\x81\x84",   8187, 2 },
    { "\xe3\x82\x88\xe3\x81\x86\xe3\x81\x9b\xe3\x82\x93",   8189, 1 },
    { "\xe3\x82\x88\xe3\x81\x86\xe3\x81\x9d",   8190, 1 },
    { "\xe3\x82\x88\xe3\x81\x86\xe3\x81\x9d\xe3\x81\x86",   8191, 1 },
    { "\xe3\x82\x88\xe3\x81\x86\xe3\x81\x9d\xe3\x81\x86\xe3\x82\x8d\xe3\x82\x93\xe3\x82\x8a",   8192, 1 },
    { "\xe3\x82\x88\xe3\x81\x86\xe3\x81\x9f\xe3\x81\x84",   8193, 1 },
    { "\xe3\x82\x88\xe3\x81\x86\xe3\x81\xa1",   8194, 1 },
    { "\xe3\x82\x88\xe3\x81\x86\xe3\x81\xa1\xe3\x81\x88\xe3\x82\x93",   8195, 1 },
    { "\xe3\x82\x88\xe3\x81\x86\xe3\x81\xa6\xe3\x82\x93",   8196, 1 },
    { "\xe3\x82\x88\xe3\x81\x86\xe3\x81\xa8",   8197, 1 },
    { "\xe3\x82\x88\xe3\x81\x86\xe3\x81\xa9",   8198, 1 },
    { "\xe3\x82\x88\xe3\x81\x86\xe3\x81\xb2\xe3\x82\x93",   8199, 1 },
    { "\xe3\x82\x88\xe3\x81\x86\xe3\x81\xb3",   8200, 1 },
    { "\xe3\x82\x88\xe3\x81\x86\xe3\x81\xbb\xe3\x81\x86",   8201, 1 },
    { "\xe3\x82\x88\xe3\x81\x86\xe3\x81\xbc\xe3\x81\x86",   8202, 1 },
    { "\xe3\x82\x88\xe3\x81\x86\xe3\x82\x84\xe3\x81\x8f",   8203, 1 },
    { "\xe3\x82\x88\xe3\x81\x86\xe3\x82\x8a\xe3\x82\x87\xe3\x81\x86",   8204, 2 },
    { "\xe3\x82\x88\xe3\x81\x8d\xe3\x82\x93",   8206, 1 },
    { "\xe3\x82\x88\xe3\x81\x8e",   8207, 1 },
    { "\xe3\x82\x88\xe3\x81\x8f",   8208, 7 },
    { "\xe3\x82\x88\xe3\x81\x8f\xe3\x81\x98\xe3\x81\xa4",   8215, 1 },
    { "\xe3\x82\x88\xe3\x81\x8f\xe3\x81\x9b\xe3\x81\x84",   8216, 1 },
    { "\xe3\x82\x88\xe3\x81\x8f\xe3\x81\xbc\xe3\x81\x86",   8217, 1 },
    { "\xe3\x82\x88\xe3\x81\x91\xe3\x81\x84",   8218, 1 },
    { "\xe3\x82\x88\xe3\x81\x91\xe3\x82\x93",   8219, 1 },
    { "\xe3\x82\x88\xe3\x81\x92\xe3\x82\x93",   8220, 1 },
    { "\xe3\x82\x88\xe3\x81\x93",   8221, 2 },
    { "\xe3\x82\x88\xe3\x81\x93\xe3\x81\x86",   8223, 2 },
    { "\xe3\x82\x88\xe3\x81\x93\xe3\x81\x86\xe3\x81\xa1",   8225, 1 },
    { "\xe3\x82\x88\xe3\x81\x93\xe3\x81\x8f",   8226, 1 },
    { "\xe3\x82\x88\xe3\x81\x93\xe3\x81\x99\xe3\x81\x8b",   8227, 1 },
    { "\xe3\x82\x88\xe3\x81\x93\xe3\x81\x9b\xe3\x82\x93",   8228, 1 },
    { "\xe3\x82\x88\xe3\x81\x93\xe3\x81\x9f",   8229, 1 },
    { "\xe3\x82\x88\xe3\x81\x93\xe3\x81\xa6",   8230, 1 },
    { "\xe3\x82\x88\xe3\x81\x93\xe3\x81\xaf\xe3\x81\xbe",   8231, 1 },
    { "\xe3\x82\x88\xe3\x81\x93\xe3\x82\x82\xe3\x81\x98",   8232, 1 },
    { "\xe3\x82\x88\xe3\x81\x93\xe3\x82\x84\xe3\x81\xbe",   8233, 1 },
    { "\xe3\x82\x88\xe3\x81\x95\xe3\x82\x93",   8234, 1 },
    { "\xe3\x82\x88\xe3\x81\x97",   8235, 7 },
    { "\xe3\x82\x88\xe3\x81\x97\xe3\x81\x8b\xe3\x82\x8f",   8242, 1 },
    { "\xe3\x82\x88\xe3\x81\x97\xe3\x81\x8d",   8243, 1 },
    { "\xe3\x82\x88\xe3\x81\x97\xe3\x81\xa0",   8244, 1 },
    { "\xe3\x82\x88\xe3\x81\x9d\xe3\x81\x86",   8245, 1 },
    { "\xe3\x82\x88\xe3\x81\x9d\xe3\x81\x8f",   8246, 1 },
    { "\xe3\x82\x88\xe3\x81\xa0\xe3\x82\x93",   8247, 1 },
    { "\xe3\x82\x88\xe3\x81\xa1",   8248, 1 },
    { "\xe3\x82\x88\xe3\x81\xa6\xe3\x81\x84",   8249, 1 },
    { "\xe3\x82\x88\xe3\x81\xa9",   8250, 1 },
    { "\xe3\x82\x88\xe3\x81\xaa\xe3\x81\x8b",   8251, 1 },
    { "\xe3\x82\x88\xe3\x81\xad",   8252, 1 },
    { "\xe3\x82\x88\xe3\x81\xad\xe3\x81\x96\xe3\x82\x8f",   8253, 2 },
    { "\xe3\x82\x88\xe3\x81\xad\xe3\x81\xa0",   8255, 1 },
    { "\xe3\x82\x88\xe3\x81\xae\xe3\x81\xaa\xe3\x81\x8b",   8256, 1 },
    { "\xe3\x82\x88\xe3\x81\xaf",   8257, 1 },
    { "\xe3\x82\x88\xe3\x81\xb3",   8258, 1 },
    { "\xe3\x82\x88\xe3\x81\xb3\xe3\x81\x90\xe3\x82\x93",   8259, 1 },
    { "\xe3\x82\x88\xe3\x81\xb6\xe3\x82\x93",   8260, 1 },
    { "\xe3\x82\x88\xe3\x81\xbb\xe3\x81\xa9",   8261, 1 },
    { "\xe3\x82\x88\xe3\x81\xbc\xe3\x81\x86",   8262, 1 },
    { "\xe3\x82\x88\xe3\x81\xbf\xe3\x81\x9b",   8263, 1 },
    { "\xe3\x82\x88\xe3\x81\xbf\xe3\x81\xa6",   8264, 1 },
    { "\xe3\x82\x88\xe3\x82\x81",   8265, 2 },
    { "\xe3\x82\x88\xe3\x82\x84\xe3\x81\x8f",   8267, 1 },
    { "\xe3\x82\x88\xe3\x82\x86\xe3\x81\x86",   8268, 1 },
    { "\xe3\x82\x88\xe3\x82\x8a",   8269, 1 },
    { "\xe3\x82\x88\xe3\x82\x8a\xe3\x81\xa9\xe3\x81\x93\xe3\x82\x8d",   8270, 1 },
    { "\xe3\x82\x88\xe3\x82\x8a\xe3\x82\x87\xe3\x81\x8f",   8271, 1 },
    { "\xe3\x82\x88\xe3\x82\x8b",   8272, 1 },
    { "\xe3\x82\x88\xe3\x82\x8d\xe3\x81\x84",   8273, 1 },
    { "\xe3\x82\x88\xe3\x82\x8d\xe3\x81\x9a",   8274, 1 },
    { "\xe3\x82\x88\xe3\x82\x93",   8275, 1 },
    { "\xe3\x82\x88\xe3\x82\x93\xe3\x81\x8b\xe3\x81\x84",   8276, 1 },
    { "\xe3\x82\x89",   8277, 4 },
    { "\xe3\x82\x89\xe3\x81\x84",   8281, 5 },
    { "\xe3\x82\x89\xe3\x81\x84\xe3\x81\x92\xe3\x81\xa4",   8286, 1 },
    { "\xe3\x82\x89\xe3\x81\x84\xe3\x81\x93\xe3\x81\x86",   8287, 1 },
    { "\xe3\x82\x89\xe3\x81\x84\xe3\x81\x97\xe3\x82\x83",   8288, 1 },
    { "\xe3\x82\x89\xe3\x81\x84\xe3\x81\x97\xe3\x82\x85\xe3\x81\x86",   8289, 1 },
    { "\xe3\x82\x89\xe3\x81\x84\xe3\x81\x97\xe3\x82\x85\xe3\x82\x93",   8290, 1 },
    { "\xe3\x82\x89\xe3\x81\x84\xe3\x81\xa6\xe3\x82\x93",   8291, 1 },
    { "\xe3\x82\x89\xe3\x81\x84\xe3\x81\xab\xe3\x81\xa1",   8292, 1 },
    { "\xe3\x82\x89\xe3\x81\x84\xe3\x81\xad\xe3\x82\x93",   8293, 1 },
    { "\xe3\x82\x89\xe3\x81\x84\xe3\x81\xad\xe3\x82\x93\xe3\x81\xa9",   8294, 1 },
    { "\xe3\x82\x89\xe3\x81\x8f",   8295, 5 },
    { "\xe3\x82\x89\xe3\x81\x8f\xe3\x81\x95",   8300, 1 },
    { "\xe3\x82\x89\xe3\x82\x8c\xe3\x81\xa4",   8301, 1 },
    { "\xe3\x82\x89\xe3\x82\x93",   8302, 8 },
    { "\xe3\x82\x89\xe3\x82\x93\xe3\x81\x99\xe3\x81\x86",   8310, 1 },
    { "\xe3\x82\x89\xe3\x82\x93\xe3\x81\xbc\xe3\x81\x86",   8311, 1 },
    { "\xe3\x82\x8a",   8312, 8 },
    { "\xe3\x82\x8a\xe3\x81\x88\xe3\x81\x8d",   8320, 1 },
    { "\xe3\x82\x8a\xe3\x81\x8b",   8321, 1 },
    { "\xe3\x82\x8a\xe3\x81\x8b\xe3\x81\x84",   8322, 1 },
    { "\xe3\x82\x8a\xe3\x81\x8b\xe3\x81\x8c\xe3\x81\x8f",   8323, 1 },
    { "\xe3\x82\x8a\xe3\x81\x8b\xe3\x81\xa0\xe3\x81\x84",   8324, 1 },
    { "\xe3\x82\x8a\xe3\x81\x8c\xe3\x81\x8f",   8325, 1 },
    { "\xe3\x82\x8a\xe3\x81\x8c\xe3\x81\x8f\xe3\x81\x91\xe3\x81\x84",   8326, 1 },
    { "\xe3\x82\x8a\xe3\x81\x8c\xe3\x81\x8f\xe3\x81\xaf\xe3\x81\x8f\xe3\x81\x97",   8327, 1 },
    { "\xe3\x82\x8a\xe3\x81\x8c\xe3\x81\x8f\xe3\x81\xb6",   8328, 1 },
    { "\xe3\x82\x8a\xe3\x81\x8d",   8329, 1 },
    { "\xe3\x82\x8a\xe3\x81\x8d\xe3\x81\x8c\xe3\x81\x8f",   8330, 1 },
    { "\xe3\x82\x8a\xe3\x81\x8f",   8331, 1 },
    { "\xe3\x82\x8a\xe3\x81\x8f\xe3\x81\xa4",   8332, 1 },
    { "\xe3\x82\x8a\xe3\x81\x91\xe3\x81\x84",   8333, 2 },
    { "\xe3\x82\x8a\xe3\x81\x91\xe3\x82\x93",   8335, 1 },
    { "\xe3\x82\x8a\xe3\x81\x93\xe3\x81\x86",   8336, 1 },
    { "\xe3\x82\x8a\xe3\x81\x93\xe3\x81\x86\xe3\x81\x8c\xe3\x81\x8f",   8337, 1 },
    { "\xe3\x82\x8a\xe3\x81\x93\xe3\x81\x86\xe3\x81\x8c\xe3\x81\x8f\xe3\x81\xb6",   8338, 1 },
    { "\xe3\x82\x8a\xe3\x81\x95\xe3\x82\x93",   8339, 1 },
    { "\xe3\x82\x8a\xe3\x81\x97",   8340, 1 },
    { "\xe3\x82\x8a\xe3\x81\x98",   8341, 1 },
    { "\xe3\x82\x8a\xe3\x81\x98\xe3\x82\x85\xe3\x82\x93",   8342, 1 },
    { "\xe3\x82\x8a\xe3\x81\x9b\xe3\x81\x84",   8343, 1 },
    { "\xe3\x82\x8a\xe3\x81\x9d\xe3\x81\x86",   8344, 1 },
    { "\xe3\x82\x8a\xe3\x81\xa1",   8345, 1 },
    { "\xe3\x82\x8a\xe3\x81\xa3\xe3\x81\x8d\xe3\x82\x87\xe3\x81\x86",   8346, 1 },
    { "\xe3\x82\x8a\xe3\x81\xa3\xe3\x81\x9f\xe3\x81\x84",   8347, 1 },
    { "\xe3\x82\x8a\xe3\x81\xa3\xe3\x81\xb1",   8348, 1 },
    { "\xe3\x82\x8a\xe3\x81\xa3\xe3\x81\xbd\xe3\x81\x86",   8349, 1 },
    { "\xe3\x82\x8a\xe3\x81\xa3\xe3\x81\xbd\xe3\x81\x86\xe3\x81\x8c\xe3\x81\x9d",   8350, 1 },
    { "\xe3\x82\x8a\xe3\x81\xa3\xe3\x81\xbd\xe3\x81\x86\xe3\x81\x93\xe3\x81\x86\xe3\x81\x97",   8351, 1 },
    { "\xe3\x82\x8a\xe3\x81\xa3\xe3\x81\xbd\xe3\x81\x86\xe3\x81\x9f\xe3\x81\x84",   8352, 1 },
    { "\xe3\x82\x8a\xe3\x81\xa4",   8353, 4 },
    { "\xe3\x82\x8a\xe3\x81\xa6\xe3\x82\x93",   8357, 1 },
    { "\xe3\x82\x8a\xe3\x81\xaf\xe3\x81\x8f",   8358, 1 },
    { "\xe3\x82\x8a\xe3\x82\x83\xe3\x81\x8f",   8359, 2 },
    { "\xe3\x82\x8a\xe3\x82\x83\xe3\x81\xa3\xe3\x81\x8d\xe3\x81\xbb\xe3\x81\x86",   8361, 1 },
    { "\xe3\x82\x8a\xe3\x82\x85\xe3\x81\x86",   8362, 8 },
    { "\xe3\x82\x8a\xe3\x82\x85\xe3\x81\x86\xe3\x81\x8c\xe3\x81\x8f",   8370, 1 },
    { "\xe3\x82\x8a\xe3\x82\x85\xe3\x81\x86\xe3\x81\x8c\xe3\x81\x8f\xe3\x81\x9b\xe3\x81\x84",   8371, 1 },
    { "\xe3\x82\x8a\xe3\x82\x85\xe3\x81\x86\xe3\x81\x8d\xe3\x82\x85\xe3\x81\x86",   8372, 1 },
    { "\xe3\x82\x8a\xe3\x82\x85\xe3\x81\x86\xe3\x81\x8e",   8373, 1 },
    { "\xe3\x82\x8a\xe3\x82\x85\xe3\x81\x86\xe3\x81\x93\xe3\x81\x86",   8374, 1 },
    { "\xe3\x82\x8a\xe3\x82\x85\xe3\x81\x86\xe3\x81\x97\xe3\x82\x85\xe3\x81\xa4",   8375, 1 },
    { "\xe3\x82\x8a\xe3\x82\x85\xe3\x81\x86\xe3\x81\xa4\xe3\x81\x86",   8376, 1 },
    { "\xe3\x82\x8a\xe3\x82\x85\xe3\x81\x86\xe3\x81\xa9",   8377, 1 },
    { "\xe3\x82\x8a\xe3\x82\x86\xe3\x81\x86",   8378, 1 },
    { "\xe3\x82\x8a\xe3\x82\x87",   8379, 4 },
    { "\xe3\x82\x8a\xe3\x82\x87\xe3\x81\x86",   8383, 8 },
    { "\xe3\x82\x8a\xe3\x82\x87\xe3\x81\x86\xe3\x81\x82\xe3\x81\x97",   8391, 1 },
    { "\xe3\x82\x8a\xe3\x82\x87\xe3\x81\x86\xe3\x81\x84\xe3\x81\x8d",   8392, 1 },
    { "\xe3\x82\x8a\xe3\x82\x87\xe3\x81\x86\xe3\x81\x8b",   8393, 1 },
    { "\xe3\x82\x8a\xe3\x82\x87\xe3\x81\x86\xe3\x81\x8b\xe3\x81\x84",   8394, 1 },
    { "\xe3\x82\x8a\xe3\x82\x87\xe3\x81\x86\xe3\x81\x8c\xe3\x82\x8f",   8395, 1 },
    { "\xe3\x82\x8a\xe3\x82\x87\xe3\x81\x86\xe3\x81\x8d\xe3\x82\x93",   8396, 1 },
    { "\xe3\x82\x8a\xe3\x82\x87\xe3\x81\x86\xe3\x81\x93\xe3\x81\x86",   8397, 1 },
    { "\xe3\x82\x8a\xe3\x82\x87\xe3\x81\x86\xe3\x81\x97\xe3\x82\x83",   8398, 1 },
    { "\xe3\x82\x8a\xe3\x82\x87\xe3\x81\x86\xe3\x81\x97\xe3\x82\x87\xe3\x81\x86",   8399, 1 },
    { "\xe3\x82\x8a\xe3\x82\x87\xe3\x81\x86\xe3\x81\x97\xe3\x82\x93",   8400, 1 },
    { "\xe3\x82\x8a\xe3\x82\x87\xe3\x81\x86\xe3\x81\x98\xe3\x81\xa4",   8401, 1 },
    { "\xe3\x82\x8a\xe3\x82\x87\xe3\x81\x86\xe3\x81\xa6",   8402, 1 },
    { "\xe3\x82\x8a\xe3\x82\x87\xe3\x81\x86\xe3\x81\xb8\xe3\x82\x93",   8403, 1 },
    { "\xe3\x82\x8a\xe3\x82\x87\xe3\x81\x86\xe3\x81\xbb\xe3\x81\x86",   8404, 2 },
    { "\xe3\x82\x8a\xe3\x82\x87\xe3\x81\x86\xe3\x82\x81",   8406, 1 },
    { "\xe3\x82\x8a\xe3\x82\x87\xe3\x81\x86\xe3\x82\x81\xe3\x82\x93",   8407, 1 },
    { "\xe3\x82\x8a\xe3\x82\x87\xe3\x81\x86\xe3\x82\x8a",   8408, 1 },
    { "\xe3\x82\x8a\xe3\x82\x87\xe3\x81\x86\xe3\x82\x8a\xe3\x81\xa4",   8409, 1 },
    { "\xe3\x82\x8a\xe3\x82\x87\xe3\x81\x8f",   8410, 2 },
    { "\xe3\x82\x8a\xe3\x82\x87\xe3\x81\x93\xe3\x81\x86",   8412, 1 },
    { "\xe3\x82\x8a\xe3\x82\x87\xe3\x81\xb2",   8413, 1 },
    { "\xe3\x82\x8a\xe3\x82\x88\xe3\x81\x86",   8414, 1 },
    { "\xe3\x82\x8a\xe3\x82\x88\xe3\x81\x86\xe3\x81\x91\xe3\x82\x93",   8415, 1 },
    { "\xe3\x82\x8a\xe3\x82\x88\xe3\x81\x86\xe3\x81\x97\xe3\x82\x83",   8416, 1 },
    { "\xe3\x82\x8a\xe3\x82\x88\xe3\x81\x86\xe3\x81\xbb\xe3\x81\x86\xe3\x81\xbb\xe3\x81\x86",   8417, 1 },
    { "\xe3\x82\x8a\xe3\x82\x8c\xe3\x81\x8d",   8418, 1 },
    { "\xe3\x82\x8a\xe3\x82\x8c\xe3\x81\x8d\xe3\x81\x97\xe3\x82\x87",   8419, 1 },
    { "\xe3\x82\x8a\xe3\x82\x8d\xe3\x82\x93",   8420, 1 },
    { "\xe3\x82\x8a\xe3\x82\x8d\xe3\x82\x93\xe3\x81\xa6\xe3\x81\x8d",   8421, 1 },
    { "\xe3\x82\x8a\xe3\x82\x93",   8422, 8 },
    { "\xe3\x82\x8a\xe3\x82\x93\xe3\x81\x8b\xe3\x81\x84",   8430, 1 },
    { "\xe3\x82\x8a\xe3\x82\x93\xe3\x81\x8b\xe3\x81\x8f",   8431, 1 },
    { "\xe3\x82\x8a\xe3\x82\x93\xe3\x81\x8d",   8432, 1 },
    { "\xe3\x82\x8a\xe3\x82\x93\xe3\x81\x8d\xe3\x81\x8a\xe3\x81\x86\xe3\x81\xb8\xe3\x82\x93",   8433, 1 },
    { "\xe3\x82\x8a\xe3\x82\x93\xe3\x81\x93\xe3\x81\x86",   8434, 1 },
    { "\xe3\x82\x8a\xe3\x82\x93\xe3\x81\x94",   8435, 1 },
    { "\xe3\x82\x8a\xe3\x82\x93\xe3\x81\x98",   8436, 1 },
    { "\xe3\x82\x8a\xe3\x82\x93\xe3\x81\x98\xe3\x82\x87\xe3\x81\x86",   8437, 1 },
    { "\xe3\x82\x8a\xe3\x82\x93\xe3\x81\x9b\xe3\x81\xa4",   8438, 1 },
    { "\xe3\x82\x8b",   8439, 3 },
    { "\xe3\x82\x8b\xe3\x81\x84",   8442, 4 },
    { "\xe3\x82\x8b\xe3\x81\x84\xe3\x81\x98",   8446, 1 },
    { "\xe3\x82\x8b\xe3\x81\x84\xe3\x81\x99\xe3\x81\x84",   8447, 1 },
    { "\xe3\x82\x8b\xe3\x81\x99",   8448, 1 },
    { "\xe3\x82\x8b\xe3\x81\x99\xe3\x81\xa1\xe3\x82\x85\xe3\x81\x86",   8449, 1 },
    { "\xe3\x82\x8b\xe3\x81\x99\xe3\x81\xb0\xe3\x82\x93",   8450, 1 },
    { "\xe3\x82\x8c\xe3\x81\x84",   8451, 8 },
    { "\xe3\x82\x8c\xe3\x81\x84\xe3\x81\x8c\xe3\x81\x84",   8459, 1 },
    { "\xe3\x82\x8c\xe3\x81\x84\xe3\x81\x8d",   8460, 1 },
    { "\xe3\x82\x8c\xe3\x81\x84\xe3\x81\x93",   8461, 1 },
    { "\xe3\x82\x8c\xe3\x81\x84\xe3\x81\x98",   8462, 1 },
    { "\xe3\x82\x8c\xe3\x81\x84\xe3\x81\x9c\xe3\x82\x93",   8463, 1 },
    { "\xe3\x82\x8c\xe3\x81\x84\xe3\x81\xa0\xe3\x81\x84",   8464, 1 },
    { "\xe3\x82\x8c\xe3\x81\x84\xe3\x81\xad\xe3\x82\x93",   8465, 1 },
    { "\xe3\x82\x8c\xe3\x81\x84\xe3\x81\xb5\xe3\x81\x86",   8466, 1 },
    { "\xe3\x82\x8c\xe3\x81\x84\xe3\x81\xb5\xe3\x81\x86\xe3\x81\x8d",   8467, 1 },
    { "\xe3\x82\x8c\xe3\x81\x84\xe3\x81\xb5\xe3\x81\x8f",   8468, 1 },
    { "\xe3\x82\x8c\xe3\x81\x84\xe3\x81\xb6\xe3\x82\x93",   8469, 1 },
    { "\xe3\x82\x8c\xe3\x81\x8d",   8470, 2 },
    { "\xe3\x82\x8c\xe3\x81\x8d\xe3\x81\x97",   8472, 1 },
    { "\xe3\x82\x8c\xe3\x81\xa3\xe3\x81\x8d",   8473, 1 },
    { "\xe3\x82\x8c\xe3\x81\xa3\xe3\x81\x8d\xe3\x82\x87",   8474, 1 },
    { "\xe3\x82\x8c\xe3\x81\xa3\xe3\x81\x97\xe3\x82\x83",   8475, 1 },
    { "\xe3\x82\x8c\xe3\x81\xa4",   8476, 4 },
    { "\xe3\x82\x8c\xe3\x82\x93",   8480, 8 },
    { "\xe3\x82\x8c\xe3\x82\x93\xe3\x81\x8d\xe3\x82\x85\xe3\x81\x86",   8488, 1 },
    { "\xe3\x82\x8c\xe3\x82\x93\xe3\x81\x91\xe3\x81\xa4",   8489, 1 },
    { "\xe3\x82\x8c\xe3\x82\x93\xe3\x81\x91\xe3\x81\xa4\xe3\x81\x9b\xe3\x81\x84",   8490, 1 },
    { "\xe3\x82\x8c\xe3\x82\x93\xe3\x81\x93\xe3\x81\x86",   8491, 1 },
    { "\xe3\x82\x8c\xe3\x82\x93\xe3\x81\x94\xe3\x81\x86",   8492, 1 },
    { "\xe3\x82\x8c\xe3\x82\x93\xe3\x81\x95\xe3\x81\x84",   8493, 1 },
    { "\xe3\x82\x8c\xe3\x82\x93\xe3\x81\x97\xe3\x82\x85\xe3\x81\x86",   8494, 1 },
    { "\xe3\x82\x8c\xe3\x82\x93\xe3\x81\x9b\xe3\x81\xa4",   8495, 1 },
    { "\xe3\x82\x8c\xe3\x82\x93\xe3\x81\x9d\xe3\x81\x86",   8496, 1 },
    { "\xe3\x82\x8c\xe3\x82\x93\xe3\x81\x9e\xe3\x81\x8f",   8497, 1 },
    { "\xe3\x82\x8c\xe3\x82\x93\xe3\x81\x9e\xe3\x81\x8f\xe3\x81\xa1",   8498, 1 },
    { "\xe3\x82\x8c\xe3\x82\x93\xe3\x81\x9e\xe3\x81\x8f\xe3\x81\xa6\xe3\x81\x8d",   8499, 1 },
    { "\xe3\x82\x8c\xe3\x82\x93\xe3\x81\xa0\xe3\x82\x93",   8500, 1 },
    { "\xe3\x82\x8c\xe3\x82\x93\xe3\x81\xa9\xe3\x81\x86",   8501, 1 },
    { "\xe3\x82\x8c\xe3\x82\x93\xe3\x81\xb1\xe3\x81\xa4",   8502, 1 },
    { "\xe3\x82\x8c\xe3\x82\x93\xe3\x81\xbd\xe3\x81\x86",   8503, 1 },
    { "\xe3\x82\x8c\xe3\x82\x93\xe3\x81\xbd\xe3\x81\x86\xe3\x81\x8b\xe3\x81\x84\xe3\x81\x8e",   8504, 1 },
    { "\xe3\x82\x8c\xe3\x82\x93\xe3\x81\xbd\xe3\x81\x86\xe3\x81\x90\xe3\x82\x93",   8505, 1 },
    { "\xe3\x82\x8c\xe3\x82\x93\xe3\x82\x89\xe3\x81\x8f",   8506, 1 },
    { "\xe3\x82\x8c\xe3\x82\x93\xe3\x82\x89\xe3\x81\x8f\xe3\x81\x8b\xe3\x81\x84",   8507, 1 },
    { "\xe3\x82\x8c\xe3\x82\x93\xe3\x82\x89\xe3\x81\x8f\xe3\x81\x95\xe3\x81\x8d",   8508, 1 },
    { "\xe3\x82\x8c\xe3\x82\x93\xe3\x82\x89\xe3\x81\x8f\xe3\x81\x9b\xe3\x82\x93",   8509, 1 },
    { "\xe3\x82\x8c\xe3\x82\x93\xe3\x82\x8a\xe3\x81\xa4",   8510, 1 },
    { "\xe3\x82\x8d",   8511, 7 },
    { "\xe3\x82\x8d\xe3\x81\x86",   8518, 8 },
    { "\xe3\x82\x8d\xe3\x81\x86\xe3\x81\x8b",   8526, 1 },
    { "\xe3\x82\x8d\xe3\x81\x86\xe3\x81\x8b\xe3\x81\x84",   8527, 1 },
    { "\xe3\x82\x8d\xe3\x81\x86\xe3\x81\xa9\xe3\x81\x86",   8528, 1 },
    { "\xe3\x82\x8d\xe3\x81\x86\xe3\x81\xa9\xe3\x81\x8f",   8529, 1 },
    { "\xe3\x82\x8d\xe3\x81\x86\xe3\x81\xb2",   8530, 1 },
    { "\xe3\x82\x8d\xe3\x81\x86\xe3\x82\x8a\xe3\x82\x87\xe3\x81\x8f",   8531, 1 },
    { "\xe3\x82\x8d\xe3\x81\x8f",   8532, 6 },
    { "\xe3\x82\x8d\xe3\x81\x8f\xe3\x81\x8c",   8538, 1 },
    { "\xe3\x82\x8d\xe3\x81\x93\xe3\x81\xa4",   8539, 1 },
    { "\xe3\x82\x8d\xe3\x81\x98",   8540, 1 },
    { "\xe3\x82\x8d\xe3\x81\x9b\xe3\x82\x93",   8541, 1 },
    { "\xe3\x82\x8d\xe3\x81\xa3\xe3\x81\x93\xe3\x81\x86",   8542, 1 },
    { "\xe3\x82\x8d\xe3\x81\xa3\xe3\x81\x93\xe3\x81\x86\xe3\x81\xa0\xe3\x81\x84",   8543, 1 },
    { "\xe3\x82\x8d\xe3\x81\xa3\xe3\x81\xbd\xe3\x82\x93\xe3\x81\x8e",   8544, 1 },
    { "\xe3\x82\x8d\xe3\x81\xa3\xe3\x81\xbd\xe3\x82\x93\xe3\x81\xbe\xe3\x81\xa4",   8545, 1 },
    { "\xe3\x82\x8d\xe3\x82\x93",   8546, 1 },
    { "\xe3\x82\x8d\xe3\x82\x93\xe3\x81\x8c\xe3\x81\x84",   8547, 1 },
    { "\xe3\x82\x8d\xe3\x82\x93\xe3\x81\x8e",   8548, 1 },
    { "\xe3\x82\x8d\xe3\x82\x93\xe3\x81\xb6\xe3\x82\x93",   8549, 1 },
    { "\xe3\x82\x8d\xe3\x82\x93\xe3\x81\xb6\xe3\x82\x93\xe3\x81\x97",   8550, 1 },
    { "\xe3\x82\x8d\xe3\x82\x93\xe3\x82\x8a",   8551, 1 },
    { "\xe3\x82\x8d\xe3\x82\x93\xe3\x82\x8a\xe3\x81\x8c\xe3\x81\x8f",   8552, 1 },
    { "\xe3\x82\x8d\xe3\x82\x93\xe3\x82\x8a\xe3\x81\x8d\xe3\x81\x94\xe3\x81\x86",   8553, 1 },
    { "\xe3\x82\x8d\xe3\x82\x93\xe3\x82\x8a\xe3\x81\x97\xe3\x81\x8d",   8554, 1 },
    { "\xe3\x82\x8d\xe3\x82\x93\xe3\x82\x8a\xe3\x81\xa6\xe3\x81\x8d",   8555, 1 },
    { "\xe3\x82\x8f",   8556, 6 },
    { "\xe3\x82\x8f\xe3\x81\x84",   8562, 3 },
    { "\xe3\x82\x8f\xe3\x81\x84\xe3\x82\x8d",   8565, 1 },
    { "\xe3\x82\x8f\xe3\x81\x8b",   8566, 1 },
    { "\xe3\x82\x8f\xe3\x81\x8b\xe3\x81\x84",   8567, 1 },
    { "\xe3\x82\x8f\xe3\x81\x8b\xe3\x81\xb0\xe3\x82\x84\xe3\x81\x97",   8568, 1 },
    { "\xe3\x82\x8f\xe3\x81\x8b\xe3\x81\xbe\xe3\x81\xa4",   8569, 1 },
    { "\xe3\x82\x8f\xe3\x81\x8c",   8570, 1 },
    { "\xe3\x82\x8f\xe3\x81\x8c\xe3\x81\x8f\xe3\x81\xab",   8571, 1 },
    { "\xe3\x82\x8f\xe3\x81\x8d",   8572, 1 },
    { "\xe3\x82\x8f\xe3\x81\x8d\xe3\x82\x84\xe3\x81\xbe",   8573, 1 },
    { "\xe3\x82\x8f\xe3\x81\x8f",   8574, 2 },
    { "\xe3\x82\x8f\xe3\x81\x8f\xe3\x81\x9b\xe3\x81\x84",   8576, 1 },
    { "\xe3\x82\x8f\xe3\x81\x91",   8577, 1 },
    { "\xe3\x82\x8f\xe3\x81\x96",   8578, 2 },
    { "\xe3\x82\x8f\xe3\x81\x97",   8580, 2 },
    { "\xe3\x82\x8f\xe3\x81\x97\xe3\x81\xa4",   8582, 1 },
    { "\xe3\x82\x8f\xe3\x81\x97\xe3\x82\x83",   8583, 1 },
    { "\xe3\x82\x8f\xe3\x81\x98\xe3\x81\xbe",   8584, 1 },
    { "\xe3\x82\x8f\xe3\x81\x9b\xe3\x81\xa0",   8585, 1 },
    { "\xe3\x82\x8f\xe3\x81\x9b\xe3\x81\xa0\xe3\x81\xa0\xe3\x81\x84",   8586, 1 },
    { "\xe3\x82\x8f\xe3\x81\x9f",   8587, 2 },
    { "\xe3\x82\x8f\xe3\x81\x9f\xe3\x81\x8f\xe3\x81\x97",   8589, 1 },
    { "\xe3\x82\x8f\xe3\x81\x9f\xe3\x81\x97",   8590, 1 },
    { "\xe3\x82\x8f\xe3\x81\x9f\xe3\x81\x97\xe3\x81\x93\xe3\x81\x98\xe3\x82\x93",   8591, 1 },
    { "\xe3\x82\x8f\xe3\x81\x9f\xe3\x81\x97\xe3\x81\x98\xe3\x81\x97\xe3\x82\x93",   8592, 1 },
    { "\xe3\x82\x8f\xe3\x81\x9f\xe3\x81\x97\xe3\x81\x9f\xe3\x81\xa1",   8593, 1 },
    { "\xe3\x82\x8f\xe3\x81\x9f\xe3\x81\xaa\xe3\x81\xb9",   8594, 1 },
    { "\xe3\x82\x8f\xe3\x81\xa0",   8595, 1 },
    { "\xe3\x82\x8f\xe3\x81\xa0\xe3\x81\x84",   8596, 1 },
    { "\xe3\x82\x8f\xe3\x81\xab",   8597, 1 },
    { "\xe3\x82\x8f\xe3\x81\xb5\xe3\x81\x86",   8598, 1 },
    { "\xe3\x82\x8f\xe3\x82\x84\xe3\x81\x8f",   8599, 1 },
    { "\xe3\x82\x8f\xe3\x82\x89",   8600, 2 },
    { "\xe3\x82\x8f\xe3\x82\x89\xe3\x81\xb3",   8602, 1 },
    { "\xe3\x82\x8f\xe3\x82\x89\xe3\x81\xb9",   8603, 1 },
    { "\xe3\x82\x8f\xe3\x82\x8a",   8604, 1 },
    { "\xe3\x82\x8f\xe3\x82\x8a\xe3\x81\x82\xe3\x81\x84",   8605, 1 },
    { "\xe3\x82\x8f\xe3\x82\x8a\xe3\x81\xb0\xe3\x81\x97",   8606, 1 },
    { "\xe3\x82\x8f\xe3\x82\x8b\xe3\x81\x8f\xe3\x81\xa1",   8607, 1 },
    { "\xe3\x82\x8f\xe3\x82\x8c",   8608, 1 },
    { "\xe3\x82\x8f\xe3\x82\x8c\xe3\x82\x89",   8609, 1 },
    { "\xe3\x82\x8f\xe3\x82\x8c\xe3\x82\x8f\xe3\x82\x8c",   8610, 1 },
    { "\xe3\x82\x8f\xe3\x82\x93",   8611, 4 },
    { "\xe3\x82\x8f\xe3\x82\x93\xe3\x81\x8c\xe3\x82\x93",   8615, 1 },
};
static const int kKjEntryCount = 6402;

} // namespace android

#endif // GAMMAOS_NANO_OSK_KANJI_H
